date,observation,filtered_level,innovation,kalman_gain
2018-05-22,-0.006908033949290959,-0.006908033949290959,0.0,0.5121951219512195
2018-05-23,-0.0005152776187793418,-0.004607440141042828,0.0063927563305116175,0.3598750975800156
2018-05-24,-0.0006443485317358943,-0.003455300804110514,0.003963091609306934,0.2907173112593783
2018-05-25,0.0005158756704166656,-0.0024461032950051564,0.00397117647452718,0.2541306123207521
2018-05-28,-0.005027068702576076,-0.00304799898119442,-0.00258096540757092,0.23320563864346355
2018-05-29,0.001554553658386748,-0.002032207887055603,0.004602552639581169,0.22070167876043112
2018-05-30,-0.004656590471002198,-0.0025912885769284614,-0.002624382583946595,0.21303322666930014
2018-05-31,0.005198193834887288,-0.0009690884244695111,0.007789482411815749,0.20825519164126477
2018-06-01,-0.0032320621391612736,-0.0014335607463397226,-0.0022629737146917625,0.20524865969708214
2018-06-04,0.004020830195092806,-0.00032443709461598205,0.005454390941432529,0.20334509638805665
2018-06-05,-0.0033587648438824225,-0.000937781382893988,-0.0030343277492664404,0.20213514786801925
2018-06-06,0.005184717947253059,0.00029507057925793397,0.006122499330147047,0.20136416448122535
2018-06-07,0.005673694171230315,0.0013754860679143768,0.005378623591972381,0.20087211350297274
2018-06-08,-0.002949044824953062,0.000508167823873937,-0.004324530892867439,0.20055776349544185
2018-06-12,0.0016717720763432808,0.0007413038593319,0.001163604252469344,0.2003568094248652
2018-06-13,-0.006419309364736336,-0.0006924535023989684,-0.007160613224068237,0.20022829286627666
2018-06-14,0.0,-0.0005538616477886992,0.0006924535023989684,0.20014608075506166
2018-06-15,0.013180062193824282,0.0021942069781538194,0.013733923841612981,0.2000934807586476
2018-06-18,0.0006376099661975498,0.0018827944551300202,-0.0015565970119562696,0.20005982321167906
2018-06-19,0.00038234769796519075,0.0015826476590581335,-0.0015004467571648294,0.2000382850232082
2018-06-20,0.011339011627953033,0.003534159499992998,0.009756363968894899,0.2000245016644158
2018-06-21,0.009700239721601278,0.004767472233125569,0.00616608022160828,0.20001568075786239
2018-06-22,-0.0024953835933778645,0.003314828181005712,-0.007262855826503434,0.2000100355591398
2018-06-25,-0.001876097631373197,0.0022766096787380894,-0.005190925812378909,0.20000642270628513
2018-06-26,-0.0017543733676300688,0.0014703965000646998,-0.004030983046368158,0.200004110510902
2018-06-27,-0.0002511297890469555,0.0011260867133916106,-0.0017215262891116553,0.20000263071832639
2018-06-28,0.004897036726482229,0.001880283064993049,0.0037709500130906183,0.20000168365618554
2018-06-29,-0.0033736974056441937,0.0008294813094993265,-0.005253980470637243,0.20000107753850735
2018-07-02,-0.014919783978942336,-0.0023203826092611226,-0.01574926528844166,0.20000068962405024
2018-07-03,0.005091014382079706,-0.0008380999399050905,0.007411396991340829,0.20000044135914866
2018-07-04,-0.0046853614703639135,-0.0016075533327318786,-0.003847261530458823,0.2000002824697554
2018-07-05,0.005089084098958807,-0.00026822463577159126,0.006696637431690686,0.20000018078060258
2018-07-06,0.009493670886076,0.0016841555980450307,0.00976189552184759,0.20000011569956894
2018-07-09,0.0015047398119121258,0.0016482724275331203,-0.0001794157861329049,0.20000007404771727
2018-07-10,-0.0045073367531988096,0.0004171502996691144,-0.00615560918073193,0.20000004739053626
2018-07-11,-0.00654010799798499,-0.000974301570874947,-0.006957258297654104,0.200000030329942
2018-07-12,0.00860868486159494,0.0009422959016359366,0.009582986432469886,0.20000001941116244
2018-07-13,-0.000250985320722652,0.0007036396423399147,-0.0011932812223585886,0.20000001242314375
2018-07-16,-0.004645360837530088,-0.0003661604961629825,-0.005349000479870003,0.2000000079508119
2018-07-17,-0.00592836788507034,-0.0014786020022478554,-0.005562207388907358,0.20000000508851956
2018-07-18,0.006851922518764875,0.00018750292908431446,0.00833052452101273,0.20000000325665254
2018-07-19,0.0021423945089451557,0.0005784812491309803,0.001954891579860841,0.2000000020842576
2018-07-20,0.00402413244557831,0.0012676114930166862,0.00344565119644733,0.20000000133392484
2018-07-23,-0.00914322440597315,-0.0008145556956691358,-0.010410835898989836,0.20000000085371195
2018-07-24,0.006320313407656153,0.0006124181288942405,0.007134869103325289,0.20000000054637562
2018-07-25,-0.0033915964904961404,-0.00018838479638396126,-0.004004014619390381,0.20000000034968043
2018-07-26,0.0002521426897978962,-0.00010027929904900171,0.0004405274861818575,0.20000000022379547
2018-07-27,0.008946559867104797,0.0017090885354775287,0.0090468391661538,0.20000000014322908
2018-07-30,-0.005120469589109389,0.0003431769099341026,-0.0068295581245869175,0.20000000009166663
2018-07-31,0.0013807807491448276,0.0005506976778371204,0.001037603839210725,0.20000000005866664
2018-08-01,-0.0007521374232972722,0.00029013065756132477,-0.0013028351011343925,0.20000000003754664
2018-08-02,-0.005269075464421902,-0.0008217105669689072,-0.005559206121983226,0.20000000002402984
2018-08-03,-0.0005044898410331289,-0.0007582664217768729,0.0003172207259357783,0.2000000000153791
2018-08-06,0.005804403785488965,0.0005542676197408887,0.006562670207265838,0.20000000000984264
2018-08-07,-0.0035127211581069684,-0.00025913013585430176,-0.004066988777847857,0.20000000000629928
2018-08-08,0.002140224096688792,0.0002207407106639901,0.0023993542325430935,0.20000000000403156
2018-08-09,0.005402022748794533,0.0012569971183034674,0.005181282038130543,0.20000000000258017
2018-08-10,-0.0037485443427284215,0.000255888826088824,-0.0050055414610318885,0.20000000000165133
2018-08-13,-0.003762736594905003,-0.0005478362581141884,-0.004018625420993827,0.20000000000105683
2018-08-14,0.008686931889714034,0.0012991173714577025,0.009234768147828223,0.2000000000006764
2018-08-15,0.0067399023936631774,0.0023872743759011526,0.005440785022205475,0.20000000000043286
2018-08-16,0.00012390279574003848,0.0019346000598683029,-0.002263371580161114,0.20000000000027704
2018-08-17,0.0016115656777380138,0.0018699931834421878,-0.00032303438213028904,0.20000000000017729
2018-08-20,0.0017326608267576038,0.0018425267121052553,-0.000137332356684584,0.20000000000011345
2018-08-21,-0.008895490266975892,-0.0003050766837117537,-0.010738016979081147,0.20000000000007262
2018-08-22,-0.0033657940243605466,-0.0009172201518416545,-0.003060717340648793,0.20000000000004647
2018-08-23,-0.0013758724718900828,-0.0010089506158513538,-0.00045865232004842823,0.20000000000002977
2018-08-24,0.0007515781939668731,-0.0006568448538876749,0.001760528809818227,0.20000000000001902
2018-08-27,0.003003717071246248,7.526753113915432e-05,0.003660561925133923,0.2000000000000122
2018-08-28,0.0069877465309176046,0.0014577633310948982,0.006912478999778451,0.20000000000000778
2018-08-29,0.007435018863755527,0.0026532144376270536,0.005977255532660629,0.20000000000000498
2018-08-30,0.0,0.0021225715501016346,-0.0026532144376270536,0.20000000000000318
2018-08-31,-0.00467410806860602,0.0007632356263600898,-0.0067966796187076545,0.20000000000000204
2018-09-03,-0.0007414360044843971,0.00046230130019119046,-0.0015046716308444869,0.20000000000000132
2018-09-04,-0.00333916641925347,-0.00029799224369774483,-0.0038014677194446603,0.20000000000000084
2018-09-05,-0.009306366015950696,-0.0020996669981483396,-0.009008373772252951,0.20000000000000054
2018-09-06,-0.009894702399534161,-0.0036586740784255063,-0.007795035401385821,0.20000000000000034
2018-09-07,-0.002024085944689946,-0.003331756451678394,0.0016345881337355601,0.2000000000000002
2018-09-10,-0.00012678413140809752,-0.002690761987624334,0.0032049723202702963,0.20000000000000015
2018-09-11,0.0070994551381640125,-0.0007327185624666642,0.009790217125788347,0.20000000000000007
2018-09-12,-0.0006294435893896555,-0.0007120635678512625,0.00010327497307700871,0.20000000000000007
2018-09-13,-0.007305718696381525,-0.002030794593557315,-0.006593655128530262,0.20000000000000004
2018-09-14,0.007232572192173103,-0.00017812123641123136,0.009263366785730419,0.2
2018-09-17,0.0027714916643295506,0.00041180134373692515,0.002949612900740782,0.2
2018-09-18,-0.0038944347712168703,-0.00044944587925383394,-0.004306236114953795,0.2
2018-09-19,0.004918640371816885,0.00062417137096031,0.005368086251070719,0.2
2018-09-20,-0.003514031124498107,-0.00020346912813137353,-0.004138202495458417,0.2
2018-09-21,0.002644823610961522,0.0003661894196872056,0.0028482927390928955,0.2
2018-09-24,0.000753636468362906,0.00044367882942234567,0.00038744704867570037,0.2
2018-09-25,-0.0013806954030551877,7.880398292683895e-05,-0.0018243742324775335,0.2
2018-09-26,0.0016340372457024355,0.00038985063548195825,0.0015552332627755965,0.2
2018-09-27,-0.0016313715238708282,-1.4393796388599079e-05,-0.0020212221593527866,0.2
2018-09-28,0.005656159015992035,0.0011197167660875278,0.005670552812380634,0.2
2018-10-01,-0.02124739354462213,-0.003353705296054403,-0.022367110310709655,0.2
2018-10-02,-0.006640237687146833,-0.004011011774272889,-0.0032865323910924297,0.2
2018-10-03,0.003599421473204467,-0.002488925124777418,0.007610433247477356,0.2
2018-10-04,0.0046112463174077245,-0.0010688908363403894,0.007100171442185142,0.2
2018-10-05,0.0012750095626672397,-0.0006001107565388635,0.0023439003990076293,0.2
2018-10-08,-0.01400737315684919,-0.0032815632366009293,-0.013407262400310326,0.2
2018-10-09,-0.009427909079168462,-0.004510832405114436,-0.006146345842567532,0.2
2018-10-10,0.0011734550654547427,-0.0033739749110006005,0.005684287470569179,0.2
2018-10-11,-0.026956634627469334,-0.008090506854294348,-0.023582659716468734,0.2
2018-10-12,0.00026762579941608244,-0.0064188803235522614,0.00835813265371043,0.2
2018-10-15,-0.008563018693150126,-0.006847707997471834,-0.0021441383695978648,0.2
2018-10-16,0.006072942134222492,-0.0042635779711329685,0.012920650131694326,0.2
2018-10-17,0.011133386540574719,-0.0011841850687914308,0.015396964511707687,0.2
2018-10-18,0.00013268772085517355,-0.00092081051086211,0.0013168727896466044,0.2
2018-10-19,0.00039791750096718204,-0.0006570649084962515,0.001318728011829292,0.2
2018-10-22,-0.00649692406515312,-0.0018250367398276253,-0.005839859156656869,0.2
2018-10-23,-0.010009342052582415,-0.0034618978023785835,-0.00818430531275479,0.2
2018-10-24,-0.002965772445403192,-0.003362672730983505,0.0004961253569753916,0.2
2018-10-25,-0.028799310827465008,-0.008450000350279806,-0.0254366380964815,0.2
2018-10-26,0.0009745231525959408,-0.006565095649704656,0.009424523502875747,0.2
2018-10-29,0.010848372438153842,-0.003082402032132956,0.0174134680878585,0.2
2018-10-30,0.012658200330214475,6.571844033653046e-05,0.015740602362347433,0.2
2018-10-31,0.004891318067698824,0.0010308383658089893,0.004825599627362294,0.2
2018-11-01,0.001487303968189524,0.0011221314862850961,0.00045646560238053464,0.2
2018-11-02,0.0014850816794924615,0.0011947215249265692,0.0003629501932073654,0.2
2018-11-05,-0.004718225936910403,1.2132032559174525e-05,-0.005912947461836972,0.2
2018-11-06,0.008804022516483156,0.0017705101293439712,0.008791890483923983,0.2
2018-11-07,0.004967709252106323,0.0024099499538964416,0.0031971991227623515,0.2
2018-11-08,0.006546399640518397,0.0032372398912208326,0.004136449686621955,0.2
2018-11-09,-0.0007963499228218485,0.0024305219284122964,-0.004033589814042681,0.2
2018-11-12,0.005446373611136757,0.0030336922649571883,0.0030158516827244602,0.2
2018-11-13,-0.016646874972998438,-0.0009024211826339371,-0.019680567237955627,0.2
2018-11-14,-0.01679430337229615,-0.00408079762056638,-0.015891882189662213,0.2
2018-11-15,-0.0028696228477728125,-0.0038385626660076668,0.0012111747727935676,0.2
2018-11-16,0.001370412479506422,-0.0027967676369048487,0.005208975145514089,0.2
2018-11-19,-0.005063678664294469,-0.003250149842382773,-0.00226691102738962,0.2
2018-11-20,-0.0042640717027814246,-0.0034529342144625033,-0.0010139218603986517,0.2
2018-11-21,-0.0053874707195396,-0.0038398415154779226,-0.0019345365050770966,0.2
2018-11-22,0.008611152777777686,-0.0013496426568268007,0.012450994293255609,0.2
2018-11-23,0.0031671025956856447,-0.00044629360632431146,0.004516745252512446,0.2
2018-11-26,-0.006588812809576239,-0.001674797446974697,-0.006142519203251927,0.2
2018-11-27,0.00884342923130732,0.00042884788868170656,0.010518226678282018,0.2
2018-11-28,0.0004108889080705058,0.00042525609255946643,-1.795898061120074e-05,0.2
2018-11-29,0.004928819757272329,0.001325968825502039,0.004503563664712862,0.2
2018-11-30,-0.015531334726666679,-0.0020454918849317047,-0.016857303552168718,0.2
2018-12-03,0.018544090270022462,0.0020724245460591287,0.020589582154954166,0.2
2018-12-04,-0.009103233943022593,-0.00016270715175721552,-0.011175658489081721,0.2
2018-12-05,-0.008090004113533666,-0.0017481665441125057,-0.00792729696177645,0.2
2018-12-06,-0.002626403241714259,-0.0019238138836328565,-0.0008782366976017534,0.2
2018-12-07,0.005128135685983803,-0.0005134239697095245,0.0070519495696166595,0.2
2018-12-10,-0.02275226238633199,-0.004961191653034018,-0.022238838416622466,0.2
2018-12-11,0.003104176530089875,-0.003348118016409239,0.008065368183123893,0.2
2018-12-12,0.013363413327523777,-5.811747622635772e-06,0.016711531343933016,0.2
2018-12-13,0.0016657828752666415,0.0003285071769552197,0.0016715946228892773,0.2
2018-12-14,-0.01025507149362126,-0.0017882085571600762,-0.01058357867057648,0.2
2018-12-17,0.011061341670717928,0.0007817014884155247,0.012849550227878004,0.2
2018-12-18,-0.013294543876118836,-0.0020335475844913474,-0.01407624536453436,0.2
2018-12-19,-0.0002806596491228275,-0.0016829699974176434,0.00175288793536852,0.2
2018-12-20,-0.014460282979350758,-0.0042384325938042665,-0.012777312981933115,0.2
2018-12-21,-0.008119658466651969,-0.005014677768373807,-0.0038812258728477024,0.2
2018-12-24,0.005744679265173636,-0.002862806361664318,0.010759357033547443,0.2
2018-12-27,0.016564372648355974,0.0010226294403397405,0.019427179010020293,0.2
2018-12-28,0.011799367557258966,0.0031779770637235857,0.010776738116919225,0.2
2018-12-31,0.0013882826792763758,0.0028200381868341436,-0.0017896943844472098,0.2
2019-01-02,-0.025925344208734713,-0.002929038292279628,-0.028745382395568855,0.2
2019-01-03,0.015513748490926682,0.0007595190643616342,0.01844278678320631,0.2
2019-01-04,-0.004905368042196767,-0.00037345835695004603,-0.005664887106558401,0.2
2019-01-07,0.012394323943661911,0.0021800981031723458,0.012767782300611957,0.2
2019-01-08,0.007095186717940516,0.00316311582612598,0.00491508861476817,0.2
2019-01-09,0.009531744847792956,0.004436841630459375,0.006368629021666976,0.2
2019-01-10,0.003420908499701447,0.00423365500430779,-0.001015933130757928,0.2
2019-01-11,-0.004636628811219623,0.0024595982412023067,-0.008870283815527413,0.2
2019-01-14,0.00013703247395624452,0.0019950850877530945,-0.002322565767246062,0.2
2019-01-15,0.007397273972602703,0.003075522864723016,0.005402188884849608,0.2
2019-01-16,0.0035355180373195516,0.0031675218992423234,0.0004599951725965355,0.2
2019-01-17,0.002980948388308313,0.0031302071970555215,-0.00018657351093401015,0.2
2019-01-18,0.0043231425691627745,0.003368794271476972,0.001192935372107253,0.2
2019-01-21,0.0017487894403438453,0.0030447933052503468,-0.0016200048311331267,0.2
2019-01-22,-0.004699852226401902,0.001495864198919897,-0.007744645531652248,0.2
2019-01-23,-0.002428507726854656,0.0007109898137649863,-0.003924371925774554,0.2
2019-01-24,0.004192561422976304,0.0014073041356072499,0.003481571609211318,0.2
2019-01-25,0.006734006734006703,0.0024726446552871405,0.005326702598399453,0.2
2019-01-29,-0.007090287625418079,0.0005600581991460965,-0.00956293228070522,0.2
2019-01-30,0.0029641740371306735,0.0010408813667430118,0.0024041158379845768,0.2
2019-01-31,-0.0020150590538673407,0.0004296932826209413,-0.0030559404206103526,0.2
2019-02-01,-0.0016153317860366778,2.0688268889417394e-05,-0.0020450250686576193,0.2
2019-02-04,0.004988580423043842,0.0010142666997203023,0.004967892154154425,0.2
2019-02-05,0.018245250627243692,0.0044604634852249804,0.01723098392752339,0.2
2019-02-06,0.003820816763614898,0.004332534140902964,-0.0006396467216100822,0.2
2019-02-07,0.01181249476801427,0.005828526266325225,0.007479960627111306,0.2
2019-02-08,-0.004540122170975325,0.0037547965788651146,-0.01036864843730055,0.2
2019-02-11,-0.0026061637374553692,0.002482604515601018,-0.006360960316320484,0.2
2019-02-12,0.00483411281899504,0.0029529061762798223,0.002351508303394022,0.2
2019-02-13,-0.0013002989832117118,0.0021022651443815153,-0.004253205159491534,0.2
2019-02-14,0.0016925400779208566,0.0020203201310893836,-0.0004097250664606587,0.2
2019-02-15,0.001819599640769276,0.001980176033025362,-0.00020072049032010758,0.2
2019-02-18,0.008692241601135464,0.0033225891466473825,0.006712065568110102,0.2
2019-02-19,-0.003215434083601254,0.0020149845005976554,-0.006538023230248637,0.2
2019-02-20,-0.0011612387096774368,0.0013797398585426368,-0.003176223210275092,0.2
2019-02-21,0.007104960232271695,0.0025247839332884483,0.005725220373729059,0.2
2019-02-22,0.005259158610302128,0.003071658868691184,0.00273437467701368,0.2
2019-02-25,0.0016587596659911608,0.0027890790281511796,-0.0014128992027000234,0.2
2019-02-26,-0.0066241656050956,0.0009064301015018236,-0.009413244633246779,0.2
2019-02-27,0.004616478406650026,0.0016484397625314642,0.003710048305148203,0.2
2019-02-28,0.0022976896756543574,0.001778289745156043,0.0006492499131228932,0.2
2019-03-01,0.006749949315459025,0.002772621659216639,0.004971659570302982,0.2
2019-03-04,0.003415521692010426,0.0029012016657753966,0.0006429000327937869,0.2
2019-03-05,-0.002899697428139114,0.0017410218469924943,-0.005800899093914511,0.2
2019-03-06,0.007712745364154561,0.002935366550424908,0.005971723517162067,0.2
2019-03-07,0.0055207279367903705,0.0034524388276980004,0.0025853613863654626,0.2
2019-03-08,-0.009732942472335249,0.0008153625676913501,-0.01318538130003325,0.2
2019-03-11,-0.003024168308667252,4.745639241962964e-05,-0.0038395308763586023,0.2
2019-03-12,-0.0008847320190318309,-0.00013898128987066246,-0.0009321884114514605,0.2
2019-03-13,0.0024034787196656193,0.00036951071203659394,0.0025424600095362818,0.2
2019-03-14,-0.0017667844968900503,-5.774832974873487e-05,-0.002136295208926644,0.2
2019-03-15,0.0012642098929003254,0.0002066433147810772,0.0013219582226490602,0.2
2019-03-18,0.0012627020680318068,0.0004178550654312231,0.0010560587532507297,0.2
2019-03-19,-0.0007566834518278887,0.00018294736197940075,-0.0011745385172591118,0.2
2019-03-20,-0.0031549723158751375,-0.0004846365735915069,-0.003337919677854538,0.2
2019-03-21,0.00025324725289910255,-0.00033705980829338504,0.0007378838264906094,0.2
2019-03-22,0.004556397808975987,0.0006416317151604895,0.004893457617269372,0.2
2019-03-25,-0.011213304351267328,-0.0017293554981250743,-0.011854936066427818,0.2
2019-03-26,0.000509607523842881,-0.0012815628937314833,0.0022389630219679553,0.2
2019-03-27,0.0007642002329673048,-0.0008724102683917256,0.002045763126698788,0.2
2019-03-28,0.006871990153423546,0.000676469815971329,0.007744400421815272,0.2
2019-03-29,0.0010110464732919766,0.0007433851474354585,0.0003345766573206476,0.2
2019-04-01,-0.0060605557851221015,-0.0006174030390760536,-0.00680394093255756,0.2
2019-04-02,0.004573183376864964,0.0004207142441121501,0.005190586415941018,0.2
2019-04-03,0.0059433610029500095,0.0015252435958797222,0.00552264675883786,0.2
2019-04-04,-0.008422450970869244,-0.0004642953174700715,-0.009947694566748967,0.2
2019-04-05,-0.007479665598871699,-0.0018673693737503972,-0.007015370281401628,0.2
2019-04-08,0.006897445307223693,-0.00011440643755557907,0.00876481468097409,0.2
2019-04-09,-0.0005074337052533018,-0.00019301189109512362,-0.0003930272676977227,0.2
2019-04-10,0.0005076913249435488,-5.2871247887389125e-05,0.0007007032160386724,0.2
2019-04-11,-0.00304460223152081,-0.0006512174446140734,-0.002991730983633421,0.2
2019-04-12,0.007761814875267392,0.00103138901936222,0.008413032319881466,0.2
2019-04-15,-0.0008838384173169844,0.000648343532026379,-0.0019152274366792043,0.2
2019-04-16,0.004928598695637554,0.0015043945647486142,0.004280255163611175,0.2
2019-04-17,-0.0026408325945989075,0.0006753491328791098,-0.004145227159347522,0.2
2019-04-18,-0.00012602446415377333,0.0005150744134725333,-0.0008013735970328832,0.2
2019-04-23,0.010592635160429964,0.0025305865628640197,0.010077560746957431,0.2
2019-04-24,0.008609970159844771,0.0037464632822601703,0.006079383596980751,0.2
2019-04-26,0.0008660150719779214,0.0031703736402037205,-0.002880448210282249,0.2
2019-04-29,-0.0037083311814998243,0.0017946326758630114,-0.006878704821703545,0.2
2019-04-30,-0.005086799133667386,0.00041834631395693185,-0.006881431809530397,0.2
2019-05-01,0.0076069458135192836,0.0018560662138694024,0.007188599499562352,0.2
2019-05-02,-0.005693155729214583,0.00034622182525260526,-0.007549221943083985,0.2
2019-05-03,0.0001244958986554856,0.00030187663993318134,-0.00022172592659711965,0.2
2019-05-06,-0.00908519002078878,-0.001575536692211211,-0.009387066660721961,0.2
2019-05-07,0.002135116724373942,-0.0008334060088941804,0.003710653416585153,0.2
2019-05-08,-0.004135881637600258,-0.0014939011346353959,-0.0033024756287060777,0.2
2019-05-09,0.004908117353487507,-0.00021349743701081533,0.006402018488122902,0.2
2019-05-10,0.00212897938958001,0.00025499792830734985,0.0023424768265908258,0.2
2019-05-13,0.0,0.00020399834264587987,-0.00025499792830734985,0.2
2019-05-14,-0.007873007043476932,-0.0014114027345786824,-0.00807700538612281,0.2
2019-05-15,0.007683600046398675,0.00040759782161678914,0.009095002780977357,0.2
2019-05-16,0.007874962500000082,0.0019010707572934477,0.007467364678383293,0.2
2019-05-17,0.006201166049900841,0.0027610898158149265,0.0043000952926073935,0.2
2019-05-20,0.017256280682470537,0.005660127989146049,0.01449519086665561,0.2
2019-05-21,0.0036350781974441304,0.005255118030805665,-0.0020250497917019186,0.2
2019-05-22,0.0012072678689543093,0.004445547998435394,-0.004047850161851356,0.2
2019-05-23,-0.0018087664295188821,0.0031946851128445385,-0.006254314427954276,0.2
2019-05-24,-0.006402500681354284,0.0012752479540047738,-0.009597185794198822,0.2
2019-05-27,-0.00024312462006081947,0.0009715734391916551,-0.0015183725740655933,0.2
2019-05-28,0.0044995133953722455,0.0016771614304277732,0.0035279399561805903,0.2
2019-05-29,-0.006053268911701437,0.00013107536200193106,-0.00773043034212921,0.2
2019-05-30,-0.008038928332251505,-0.0015029253768487562,-0.008170003694253436,0.2
2019-05-31,-0.0002456286776614247,-0.00125146603701129,0.0012572966991873315,0.2
2019-06-03,-0.010316826586018957,-0.0030645381468128235,-0.009065360549007667,0.2
2019-06-04,0.002233804858927657,-0.002004869545664727,0.005298343005740481,0.2
2019-06-05,0.003838509067892293,-0.0008361938229533232,0.00584337861355702,0.2
2019-06-06,0.004687270260268939,0.0002684989936911292,0.005523464083222262,0.2
2019-06-07,0.008103180163407497,0.0018354352276344031,0.007834681169716369,0.2
2019-06-11,0.01631952239289336,0.004732252660686195,0.014484087165258957,0.2
2019-06-12,-0.0007189694686267067,0.003642008234823615,-0.005451222129312902,0.2
2019-06-13,0.0007194867576385544,0.003057503939386603,-0.0029225214771850605,0.2
2019-06-14,0.0010785380855078408,0.0026617107686108506,-0.001978965853878762,0.2
2019-06-17,-0.0031123054451484,0.0015069075258590005,-0.005774016213759251,0.2
2019-06-18,0.00516330457688885,0.0022381869360649704,0.003656397051029849,0.2
2019-06-19,0.012543340252578528,0.0042992175993676815,0.010305153316513558,0.2
2019-06-20,0.00530907255051738,0.004501188589597621,0.0010098549511496982,0.2
2019-06-21,-0.005633094773302316,0.002474331917017634,-0.010134283362899937,0.2
2019-06-24,0.002596412040726692,0.0024987479417594455,0.0001220801237090583,0.2
2019-06-25,-0.00047078283004520216,0.001904841787398516,-0.0029695307718046477,0.2
2019-06-26,-0.0028265927298742888,0.000958554883943955,-0.004731434517272805,0.2
2019-06-27,0.004133683810881861,0.0015935806693315362,0.003175128926937906,0.2
2019-06-28,-0.004940002526699794,0.00028686403012527007,-0.00653358319603133,0.2
2019-07-01,-0.005437340554074188,-0.0008579768867146215,-0.005724204584199458,0.2
2019-07-02,-0.0007130615725347011,-0.0008289938238786375,0.00014491531417992038,0.2
2019-07-03,0.00570880100597515,0.0004785651420921202,0.006537794829853788,0.2
2019-07-04,0.00532171251943514,0.001447194617560724,0.00484314737734302,0.2
2019-07-05,0.0047053522007916015,0.0020988261342068998,0.0032581575832308775,0.2
2019-07-08,-0.010537430720644836,-0.0004284252367634479,-0.012636256854851736,0.2
2019-07-09,-0.0024849011363174967,-0.0008397204166742577,-0.0020564758995540488,0.2
2019-07-10,0.0037959666502027645,8.741699670114685e-05,0.0046356870668770225,0.2
2019-07-11,0.004372429530639543,0.0009444195034888262,0.0042850125339383965,0.2
2019-07-12,-0.003176809111114509,0.00012017378056815905,-0.0041212286146033355,0.2
2019-07-15,-0.00601985356444934,-0.001107831688435341,-0.006140027345017499,0.2
2019-07-16,-0.002018738891090499,-0.0012900131289663725,-0.0009109072026551581,0.2
2019-07-17,0.00475965010995183,-8.008048118273207e-05,0.006049663238918202,0.2
2019-07-18,-0.004026574987527898,-0.0008693793824517652,-0.0039464945063451655,0.2
2019-07-19,0.00891795502777537,0.0010880874995936622,0.009787334410227135,0.2
2019-07-22,-0.0024749440771937303,0.0003754811842361836,-0.0035630315767873925,0.2
2019-07-23,0.005080352139418043,0.0013164553752725554,0.004704870955181859,0.2
2019-07-24,0.007875843423063467,0.0026283329848307375,0.006559388047790911,0.2
2019-07-25,0.00571501063016111,0.003245668513896812,0.003086677645330373,0.2
2019-07-26,-0.0027833119755312774,0.002039872416011194,-0.00602898048942809,0.2
2019-07-29,0.005000581579267083,0.0026320142486623717,0.0029607091632558886,0.2
2019-07-30,0.002661467314544419,0.0026379048618387813,2.9453065882047245e-05,0.2
2019-07-31,-0.004270086456547251,0.001256306598161575,-0.0069079913183860316,0.2
2019-08-01,-0.0039406235969010606,0.0002169205591490478,-0.005196930195062635,0.2
2019-08-02,-0.0033744472102759104,-0.0005013529947359439,-0.0035913677694249585,0.2
2019-08-05,-0.014360816944289034,-0.003273245784646562,-0.01385946394955309,0.2
2019-08-06,-0.02866616983336112,-0.008351830594389474,-0.02539292404871456,0.2
2019-08-07,0.005975585365853631,-0.005486347402340853,0.014327415960243105,0.2
2019-08-08,0.008364674708805309,-0.0027161429801116207,0.013851022111146163,0.2
2019-08-09,0.0030055301755229635,-0.0015718083489847038,0.005721673155634584,0.2
2019-08-12,0.0005993407647129079,-0.0011375785262451813,0.002171149113697612,0.2
2019-08-13,-0.002635373647506878,-0.0014371375504975206,-0.0014977951212616965,0.2
2019-08-14,0.008047057217221765,0.0004597014030463366,0.009484194767719285,0.2
2019-08-15,-0.030144143929465073,-0.005661067663455945,-0.03060384533251141,0.2
2019-08-16,-0.0007371744290620708,-0.00467628901657717,0.0049238932343938745,0.2
2019-08-19,0.010818847347865646,-0.0015772617436886072,0.015495136364442816,0.2
2019-08-20,0.012284139962489116,0.0011950185975469377,0.013861401706177723,0.2
2019-08-21,-0.009732127487728115,-0.000990410619508073,-0.010927146085275053,0.2
2019-08-22,0.0035185756738309593,-8.86133608402665e-05,0.004508986293339032,0.2
2019-08-23,0.0033853101606251546,0.0006061713434528178,0.003473923521465421,0.2
2019-08-26,-0.011688167530742644,-0.0018526964313862744,-0.012294338874195461,0.2
2019-08-27,0.004755023339003461,-0.000531152477308327,0.006607719770389736,0.2
2019-08-28,0.005460465697829653,0.0006671711577192689,0.005991618175137979,0.2
2019-08-29,0.0012068307843733361,0.0007751030830500823,0.0005396596266540672,0.2
2019-08-30,0.01579071860885639,0.003778226188211344,0.01501561552580631,0.2
2019-09-02,-0.0017799217436783588,0.0026665966018334037,-0.005558147931889703,0.2
2019-09-03,-0.003685270909940419,0.0013962230994786391,-0.006351867511773823,0.2
2019-09-04,-0.002625009011454571,0.000591976677291997,-0.00402123211093321,0.2
2019-09-05,0.013518423903262189,0.0031772661224860354,0.012926447225970191,0.2
2019-09-06,0.0053115792574176535,0.003604128749472359,0.002134313134931618,0.2
2019-09-09,0.0,0.0028833029995778874,-0.003604128749472359,0.2
2019-09-10,-0.003991969096911463,0.0015082485802800172,-0.00687527209648935,0.2
2019-09-11,0.001178804640367792,0.0014423597922975722,-0.0003294439399122251,0.2
2019-09-12,0.004121029082774008,0.0019780936503928596,0.002678669290476436,0.2
2019-09-13,0.0024624648506386126,0.00207496789044201,0.00048437120024575307,0.2
2019-09-16,0.0008188092366079314,0.0018237361596751944,-0.0012561586538340787,0.2
2019-09-17,0.0035063465055247267,0.002160258228845101,0.0016826103458495324,0.2
2019-09-18,-0.002678825964607112,0.0011924413901546582,-0.004839084193452213,0.2
2019-09-19,0.0070069604229927585,0.0023553451967222782,0.0058145190328381,0.2
2019-09-20,0.0005797981939070773,0.002000235796159238,-0.001775547002815201,0.2
2019-09-23,0.0037088433438670076,0.002341957305700792,0.0017086075477077698,0.2
2019-09-24,-0.0002309006981733308,0.0018273857049259674,-0.0025728580038741227,0.2
2019-09-25,-0.006121494430087804,0.00023760967792321296,-0.007948880135013771,0.2
2019-09-26,-0.004764718020985992,-0.0007628558618586281,-0.005002327698909205,0.2
2019-09-27,0.006071987459971728,0.0006041128025074433,0.006834843321830356,0.2
2019-09-30,-0.0009285282762986347,0.00029758458674622766,-0.001532641078806078,0.2
2019-10-01,-0.006737941293263328,-0.0011095205892556837,-0.007035525880009556,0.2
2019-10-02,-0.01567246783625731,-0.004022110038656009,-0.014562947247001625,0.2
2019-10-03,-0.02174431930873011,-0.007566551892670829,-0.0177222092700741,0.2
2019-10-04,0.0037652980987417095,-0.005300181894388321,0.011331849991412539,0.2
2019-10-07,0.006292412951263371,-0.002981662925257983,0.011592594845651692,0.2
2019-10-08,0.005290932886439004,-0.0013271437629185858,0.008272595811696986,0.2
2019-10-09,-0.0077751317649553675,-0.0026167413633259424,-0.006447988002036782,0.2
2019-10-10,0.005304424543861153,-0.0010325081818885232,0.007921165907187095,0.2
2019-10-11,0.004556877378065538,8.536893010228897e-05,0.005589385559954061,0.2
2019-10-14,0.004655688360595267,0.0009994328162008846,0.004570319430492978,0.2
2019-10-15,0.0019010930655372071,0.001179764866068149,0.0009016602493363225,0.2
2019-10-16,0.012571121916508554,0.00345803627615623,0.011391357050440405,0.2
2019-10-17,-0.007612954120858162,0.0012438381967533516,-0.011070990397014393,0.2
2019-10-18,-0.005665088905992377,-0.0001379472237957942,-0.006908927102745729,0.2
2019-10-21,0.000356071216617293,-3.9143535713176755e-05,0.0004940184404130872,0.2
2019-10-22,0.0034409231542584795,0.0006568698022811545,0.003480066689971656,0.2
2019-10-23,-0.0004729927870401607,0.0004308972844168915,-0.0011298625893213152,0.2
2019-10-24,0.003430746521125405,0.0010308671317585943,0.0029998492367085136,0.2
2019-10-25,0.00672010139118151,0.0021687139836431774,0.005689234259422916,0.2
2019-10-28,0.00035131748859718037,0.001805234684633978,-0.001817396495045997,0.2
2019-10-29,-0.0001169983637789862,0.001420788074951385,-0.0019222330484129641,0.2
2019-10-30,-0.007727478855989789,-0.00040886531123684967,-0.009148266930941173,0.2
2019-10-31,-0.004011752212389363,-0.0011294426914673526,-0.0036028869011525137,0.2
2019-11-01,0.001776969469163836,-0.0005481602593411149,0.0029064121606311886,0.2
2019-11-04,0.0005913316128507429,-0.0003202618849027434,0.0011394918721918577,0.2
2019-11-05,0.003309277824024681,0.00040564605688274164,0.0036295397089274248,0.2
2019-11-06,-0.006125527224944416,-0.0009005885994826899,-0.0065311732818271575,0.2
2019-11-07,0.010667227308265081,0.0014129745820668643,0.011567815907747771,0.2
2019-11-08,-0.0007036238080319057,0.0009896549040471104,-0.00211659839009877,0.2
2019-11-11,0.00868440334097409,0.0025286045914325065,0.007694748436926979,0.2
2019-11-12,-0.0016288424070567409,0.0016971151917346571,-0.004157446998489247,0.2
2019-11-13,-0.007691364822080438,-0.00018058081102836172,-0.009388480013815094,0.2
2019-11-14,0.006576594090978327,0.0011708541693729762,0.006757174902006689,0.2
2019-11-15,0.009100443461678376,0.0027567720278340565,0.0079295892923054,0.2
2019-11-18,-0.005549728420620403,0.0010954719381431645,-0.008306500448454459,0.2
2019-11-19,0.008254842268228257,0.0025273460041601832,0.007159370330085093,0.2
2019-11-20,-0.013491674198666037,-0.0006764580364050608,-0.01601902020282622,0.2
2019-11-21,-0.006896598238576468,-0.0019204860768393423,-0.006220140202171407,0.2
2019-11-22,0.005414300911185332,-0.00045352867923440735,0.0073347869880246745,0.2
2019-11-25,0.0030438071422105306,0.0002459384850545803,0.003497335821444938,0.2
2019-11-26,0.007819771241829976,0.0017607050364096596,0.007573832756775396,0.2
2019-11-27,0.010075310019115324,0.0034236260329507926,0.008314604982705665,0.2
2019-11-28,0.0011465145477354,0.002968203735907714,-0.0022771114852153927,0.2
2019-11-29,-0.0020613948694455653,0.001962284014837058,-0.005029598605353279,0.2
2019-12-02,0.004131294516080963,0.0023960861150858393,0.002169010501243905,0.2
2019-12-03,-0.023999977142857176,-0.0028831265365027643,-0.026396063257943015,0.2
2019-12-04,-0.013817341596783606,-0.005069969548558933,-0.010934215060280842,0.2
2019-12-05,0.010330028374138767,-0.0019899699640193932,0.0153999979226977,0.2
2019-12-06,0.003290715867468208,-0.000933832797721873,0.005280685831487601,0.2
2019-12-09,0.005036898030799097,0.00026031336798232113,0.00597073082852097,0.2
2019-12-10,-0.0052448133364284555,-0.0008407119728998343,-0.005505126704410777,0.2
2019-12-11,0.006092618771941893,0.0005459541760685113,0.006933330744841728,0.2
2019-12-12,-0.005240537839505954,-0.0006113442270463819,-0.005786492015574466,0.2
2019-12-13,0.006087614284420839,0.0007284474752470623,0.006698958511467221,0.2
2019-12-16,0.014777716667960794,0.003538301313789809,0.014049269192713732,0.2
2019-12-17,-0.0004586744691968958,0.002738906157192468,-0.003996975782986705,0.2
2019-12-18,0.003785729122077086,0.0029482707501693917,0.0010468229648846182,0.2
2019-12-19,-0.0013714628571428467,0.002084324028706944,-0.004319733607312238,0.2
2019-12-20,-0.0074387047644326465,0.0001797182700790257,-0.009523028793139592,0.2
2019-12-23,-0.0032284790766120564,-0.0005019211992591908,-0.003408197346691082,0.2
2019-12-24,-0.0002313129056555896,-0.0004477995405384705,0.00027060829360360116,0.2
2019-12-27,0.004396598403332064,0.0005210800482356363,0.004844397943870534,0.2
2019-12-30,0.0008063472136010663,0.0005781334813087224,0.00028526716536542997,0.2
2019-12-31,-0.01645948491457716,-0.002829390197868455,-0.017037618395885884,0.2
2020-01-02,-0.00889403190967919,-0.004042318540230602,-0.0060646417118107344,0.2
2020-01-03,0.005431573847406446,-0.0021475400627031923,0.009473892387637049,0.2
2020-01-06,0.001996453270781906,-0.0013187413960061727,0.004143993333485098,0.2
2020-01-07,0.013947515236755859,0.0017345099305462338,0.015266256632762031,0.2
2020-01-08,-0.002543070106506229,0.0008789939231357411,-0.004277580037052463,0.2
2020-01-09,0.008228056458128963,0.0023488064301343857,0.0073490625349932216,0.2
2020-01-10,0.010344850574712572,0.003948015259050024,0.007996044144578187,0.2
2020-01-13,-0.006825927034677437,0.0017932268003045316,-0.01077394229372746,0.2
2020-01-14,0.00882012569919377,0.0031986065800823794,0.007026898898889239,0.2
2020-01-15,0.004541853071420521,0.0034672558783500076,0.0013432464913381414,0.2
2020-01-16,0.007799287806043997,0.004333662263888805,0.004332031927693989,0.2
2020-01-17,0.0038133241896221026,0.004229594649035465,-0.0005203380742667026,0.2
2020-01-20,0.0013408156424581374,0.0036518388477199994,-0.0028887790065773274,0.2
2020-01-21,-0.0024548202704255395,0.0024305070240908918,-0.006106659118145539,0.2
2020-01-22,0.009843366670170717,0.003913078953306857,0.007412859646079825,0.2
2020-01-23,-0.006645979249512379,0.001801267312743009,-0.010559058202819237,0.2
2020-01-24,0.0006690231935770896,0.0015748184889098251,-0.0011322441191659195,0.2
2020-01-28,-0.013483385635912226,-0.0014368223360545853,-0.01505820412482205,0.2
2020-01-29,0.005308946179927165,-8.766863285823517e-05,0.0067457685159817505,0.2
2020-01-30,-0.0035955056179775013,-0.0007892360298820884,-0.003507836985119266,0.2
2020-01-31,0.0007893549842128422,-0.0004735178270631022,0.0015785910140949306,0.2
2020-02-03,-0.012845059154929617,-0.0029478260926364052,-0.012371541327866515,0.2
2020-02-04,0.0033101357914606666,-0.0016962337158169909,0.006257961884097072,0.2
2020-02-05,0.004436848590742892,-0.00046961725450501415,0.006133082306559883,0.2
2020-02-06,0.01030689760667225,0.0016856857177304386,0.010776514861177264,0.2
2020-02-07,-0.004596367867590767,0.00042927500066619736,-0.006282053585321206,0.2
2020-02-10,-0.0018020497600850227,-1.6989951484046686e-05,-0.00223132476075122,0.2
2020-02-11,0.006995408112221879,0.0013854896612571384,0.0070123980637059255,0.2
2020-02-12,0.004593882352941225,0.0020271681995939557,0.0032083926916840868,0.2
2020-02-13,0.0005576064886188004,0.0017332558573989246,-0.0014695617109751554,0.2
2020-02-14,0.005907914456670493,0.0025681875772532383,0.0041746585992715685,0.2
2020-02-17,-0.0007757092370501706,0.0018994082143925564,-0.003343896814303409,0.2
2020-02-18,-0.00166353558087029,0.001186819455339987,-0.0035629437952628467,0.2
2020-02-19,0.005776538739498127,0.0021047633121716153,0.0045897192841581405,0.2
2020-02-20,0.0030925446974534587,0.002302319589227984,0.0009877813852818434,0.2
2020-02-21,-0.0029728804228142947,0.001247279586819528,-0.0052752000120422785,0.2
2020-02-24,-0.021203820390817696,-0.003242940408707916,-0.022451099977637223,0.2
2020-02-25,-0.016134492253226718,-0.0058212507776116765,-0.012891551844518801,0.2
2020-02-26,-0.02064214520557839,-0.00878542966320502,-0.014820894427966712,0.2
2020-02-27,-0.00925059697305397,-0.00887846312517481,-0.000465167309848951,0.2
2020-02-28,-0.03262029272402445,-0.013626829044944737,-0.023741829598849636,0.2
2020-03-02,-0.005620024572266846,-0.012025468150409158,0.008006804472677891,0.2
2020-03-03,0.019166949492160468,-0.005786984621895233,0.031192417642569626,0.2
2020-03-04,-0.028933020937903065,-0.0104161918850968,-0.023146036316007833,0.2
2020-03-05,0.014400942976997788,-0.005452764912677882,0.024817134862094588,0.2
2020-03-06,-0.027046861180355597,-0.009771584166213425,-0.021594096267677713,0.2
2020-03-09,-0.07283020125786166,-0.022383307584543072,-0.06305861709164823,0.2
2020-03-10,0.02971107081415103,-0.01196443190480425,0.0520943783986941,0.2
2020-03-11,-0.03517785151046515,-0.01660711582593643,-0.023213419605660902,0.2
2020-03-12,-0.07046296311089872,-0.02737828528292889,-0.053855847284962295,0.2
2020-03-13,0.0427501542529749,-0.013352597375748131,0.0701284395359038,0.2
2020-03-16,-0.07720488543794501,-0.026123054988187507,-0.06385228806219688,0.2
2020-03-17,0.033740442748091626,-0.01415035544093168,0.059863497736279137,0.2
2020-03-18,-0.06202925804208026,-0.023726135961161396,-0.047878902601148576,0.2
2020-03-19,-0.03605726770767648,-0.02619236231046441,-0.012331131746515081,0.2
2020-03-20,0.00408363273303447,-0.020137163301764634,0.03027599504349888,0.2
2020-03-23,-0.05075651454764096,-0.0262610335509399,-0.03061935124587633,0.2
2020-03-24,0.035989769871114685,-0.013810872866528982,0.062250803422054586,0.2
2020-03-25,0.050454904045410975,-0.000957717484140988,0.06426577691193996,0.2
2020-03-26,0.02692911811023624,0.004619649634734458,0.027886835594377227,0.2
2020-03-27,-0.046465251440963806,-0.0055973305804051954,-0.05108490107569826,0.2
2020-03-30,0.0598263428755228,0.0074874041107804035,0.06542367345592799,0.2
2020-03-31,-0.014871076938662187,0.0030157079008918857,-0.02235848104944259,0.2
2020-04-01,0.018792375809993045,0.006171041482712118,0.01577666790910116,0.2
2020-04-02,-0.011490807552023141,0.002638671675765066,-0.01766184903473526,0.2
2020-04-03,-0.022177991228723992,-0.0023246609051327458,-0.024816662904489056,0.2
2020-04-06,0.04802127326763639,0.007744525929421082,0.050345934172769134,0.2
2020-04-07,-0.008209000000000022,0.004553820743536861,-0.015953525929421106,0.2
2020-04-08,-0.008577878491100477,0.0019274808966093931,-0.013131699234637337,0.2
2020-04-09,0.03460848670044725,0.008463682057376964,0.032681005803837856,0.2
2020-04-14,0.018339200801690048,0.010438785806239581,0.009875518744313083,0.2
2020-04-15,-0.003169600739397649,0.007717108497112135,-0.01360838654563723,0.2
2020-04-16,-0.008816302679106935,0.004410426261868321,-0.016533411176219072,0.2
2020-04-17,0.012685840983206687,0.006065509206135994,0.008275414721338366,0.2
2020-04-20,-0.02390203127006607,7.20011108955804e-05,-0.029967540476202065,0.2
2020-04-21,-0.024044799763316194,-0.004751359063946774,-0.024116800874211773,0.2
2020-04-22,0.0009068469826574166,-0.0036197178546259357,0.005658206046604191,0.2
2020-04-23,-0.0013591663944552135,-0.003167607562591791,0.0022605514601707222,0.2
2020-04-24,0.004536564548762945,-0.001626773140320844,0.007704172111354736,0.2
2020-04-27,0.01219325605900945,0.0011372326995452147,0.013820029199330293,0.2
2020-04-28,0.0017846966622454552,0.0012667254920852627,0.0006474639627002405,0.2
2020-04-29,0.014103280669488072,0.003834036527565825,0.012836555177402809,0.2
2020-04-30,0.02312986453315391,0.007693202128683442,0.019295828005588087,0.2
2020-05-01,-0.04135068023108723,-0.0021155743432706934,-0.049043882359770676,0.2
2020-05-04,0.007910432835821046,-0.00011037290745234555,0.01002600717909174,0.2
2020-05-05,0.015992921901272217,0.0031102860542925673,0.016103294808724564,0.2
2020-05-06,-0.004081023114982929,0.001672024220437468,-0.007191309169275496,0.2
2020-05-07,-0.003512454163253076,0.0006351285436993592,-0.005184478383690544,0.2
2020-05-08,0.006168395133993032,0.0017417818617580937,0.005533266590293673,0.2
2020-05-11,0.01255292621360593,0.0039040107321276613,0.010811144351847837,0.2
2020-05-12,-0.009802522280415449,0.001162704129619039,-0.01370653301254311,0.2
2020-05-13,0.0026204832546079526,0.0014542599546168219,0.0014577791249889135,0.2
2020-05-14,-0.0164077965845304,-0.0021181513532126228,-0.01786205653914722,0.2
2020-05-15,0.01372896409001978,0.0010512717354338582,0.015847115443232404,0.2
2020-05-18,0.010484942783892226,0.0029380059451255317,0.009433671048458367,0.2
2020-05-19,0.018446447880767325,0.006039694332253891,0.015508441935641793,0.2
2020-05-20,0.0018396066743908701,0.005199676800681287,-0.004200087657863021,0.2
2020-05-21,-0.0029662004392853047,0.003566501352687969,-0.008165877239966592,0.2
2020-05-22,-0.009208018654654593,0.0010115973512194562,-0.012774520007342562,0.2
2020-05-25,0.020875035147982945,0.004984284910572154,0.01986343779676349,0.2
2020-05-26,0.02857142777110866,0.009701713482679456,0.023587142860536505,0.2
2020-05-27,0.00013609749084686484,0.0077885902843129375,-0.009565615991832591,0.2
2020-05-28,0.01347862546543066,0.008926597320536482,0.005690035181117723,0.2
2020-05-29,-0.01638905114484024,0.0038634676274611384,-0.02531564846537672,0.2
2020-06-01,0.010789415312900674,0.005248657164549046,0.006925947685439536,0.2
2020-06-02,0.003242777915341666,0.00484748131470757,-0.00200587924920738,0.2
2020-06-03,0.018316511784511658,0.007541287408668388,0.013469030469804088,0.2
2020-06-04,0.006877344175673317,0.007408498762069374,-0.0006639432329950713,0.2
2020-06-05,0.0024957704910981704,0.006425953107875133,-0.004912728270971204,0.2
2020-06-09,0.023978013626834382,0.009936365211666983,0.01755206051895925,0.2
2020-06-10,-0.00025598207918153815,0.007897895753497279,-0.010192347290848522,0.2
2020-06-11,-0.030333995789095014,0.00025151744497881913,-0.038231891542592294,0.2
2020-06-12,-0.017819402908674675,-0.0033626666257518794,-0.018070920353653493,0.2
2020-06-15,-0.022308882015380616,-0.007151909703677626,-0.018946215389628734,0.2
2020-06-16,0.03972507216494847,0.002223486670047594,0.0468769818686261,0.2
2020-06-17,0.007139093166830923,0.00320660796940426,0.004915606496783329,0.2
2020-06-18,-0.008794933053294929,0.0008062997648644221,-0.012001541022699189,0.2
2020-06-19,0.0018540590159168424,0.0010158516150749063,0.0010477592510524203,0.2
2020-06-22,-0.00013222735935947139,0.0007862358201880307,-0.0011480789744343777,0.2
2020-06-23,0.0010576679145646306,0.0008405222390633507,0.0002714320943765999,0.2
2020-06-24,0.0018489170384454745,0.0010422011989397754,0.0010083947993821238,0.2
2020-06-25,-0.023332520124802025,-0.0038327430658085847,-0.0243747213237418,0.2
2020-06-26,0.013767108315136056,-0.00031277278961965634,0.01759985138094464,0.2
2020-06-29,-0.015177739113596878,-0.0032857660544151008,-0.01486496632397722,0.2
2020-06-30,0.015411653164639105,0.00045371778939574036,0.018697419219054205,0.2
2020-07-01,0.001730754869780915,0.0007091252054727753,0.0012770370803851746,0.2
2020-07-02,0.018208440143764992,0.004208988193131219,0.017499314938292217,0.2
2020-07-03,0.002610586051291053,0.0038893077647631858,-0.001598402141840166,0.2
2020-07-06,-0.006119021120141066,0.0018876419877823353,-0.010008328884904251,0.2
2020-07-07,-0.0003929526011503537,0.0014315230699957974,-0.002280594588932689,0.2
2020-07-08,-0.015725291985985823,-0.001999839941200527,-0.01715681505598162,0.2
2020-07-09,0.00732263337341732,-0.0001353452782769575,0.009322473314617847,0.2
2020-07-10,-0.007137205543896186,-0.0015357173314008033,-0.007001860265619228,0.2
2020-07-13,0.010649560277573578,0.0009013381903940731,0.012185277608974381,0.2
2020-07-14,-0.006981019678109046,-0.0006751333833065508,-0.00788235786850312,0.2
2020-07-15,0.01870279902775973,0.0032004530989067055,0.019377932411066282,0.2
2020-07-16,-0.007552109079995817,0.0010499406631262012,-0.010752562178902522,0.2
2020-07-17,0.004198373075329664,0.001679627145566894,0.0031484324122034633,0.2
2020-07-20,-0.004964685067093244,0.00035076470303486637,-0.006644312212660138,0.2
2020-07-21,0.025735279635752173,0.005427667689578328,0.025384514932717307,0.2
2020-07-22,-0.013184932929406035,0.0017051475657814553,-0.018612600618984364,0.2
2020-07-23,0.0028538333300729413,0.0019348847186397525,0.001148685764291486,0.2
2020-07-24,-0.010477273586270042,-0.0005475469423422065,-0.012412158304909795,0.2
2020-07-27,0.0036601176470589802,0.00029398597553803086,0.0042076645894011866,0.2
2020-07-28,-0.0037770383404147623,-0.0005202188876525278,-0.004071024315952793,0.2
2020-07-29,0.006667564561839923,0.0009173378022459625,0.007187783449492451,0.2
2020-07-30,-0.002857155844155801,0.0001624390729656098,-0.0037744936464017636,0.2
2020-07-31,-0.01888508750827167,-0.003647066243281846,-0.01904752658123728,0.2
2020-08-03,-0.000796561773620974,-0.0030769653493496717,0.002850504469660872,0.2
2020-08-04,0.01806828821847839,0.001152085364215941,0.02114525356782806,0.2
2020-08-05,-0.005741811525844076,-0.00022669401379606254,-0.006893896890060017,0.2
2020-08-06,0.007743758820218938,0.0013673965530069377,0.007970452834015,0.2
2020-08-07,-0.005209716139746301,5.1974014456289885e-05,-0.006577112692753239,0.2
2020-08-10,0.016234695583975833,0.003288518328360199,0.016182721569519543,0.2
2020-08-11,0.003864918685973384,0.003403798399882836,0.0005764003576131851,0.2
2020-08-12,-0.0011549794957644854,0.0024920428207533714,-0.004558777895647322,0.2
2020-08-13,-0.0021842219662282503,0.0015567898633570471,-0.004676264786981622,0.2
2020-08-14,0.0019314189064423282,0.0016317156719741033,0.000374629043085281,0.2
2020-08-17,-0.007196992859452189,-0.00013402603431115546,-0.008828708531426293,0.2
2020-08-18,0.007508116504854279,0.0013944024735219314,0.007642142539165434,0.2
2020-08-19,0.008608479799345314,0.002837217938686608,0.007214077325823383,0.2
2020-08-20,-0.008025439490445874,0.0006646864528601117,-0.01086265742913248,0.2
2020-08-21,-0.0008989340863386763,0.000351962345020354,-0.001563620539198788,0.2
2020-08-24,0.005141310855733439,0.001309832047162971,0.004789348510713084,0.2
2020-08-25,0.004347877404650147,0.0019174411186604061,0.0030380453574871758,0.2
2020-08-26,-0.006111573642582635,0.0003116381664117977,-0.008029014761243042,0.2
2020-08-27,0.001793479420791222,0.0006080064172876826,0.0014818412543794242,0.2
2020-08-28,-0.0076726217777219885,-0.0010481192217142517,-0.008280628195009672,0.2
2020-08-31,-0.0002576804190124182,-0.000890031461173885,0.0007904388027018335,0.2
2020-09-01,-0.016885859322354646,-0.004089197033410038,-0.015995827861180763,0.2
2020-09-02,0.019273647014828033,0.000583371776237576,0.02336284404823807,0.2
2020-09-03,0.008875765600097063,0.0022418505410094734,0.008292393823859486,0.2
2020-09-04,-0.030600548259594573,-0.004326629219111337,-0.03284239880060405,0.2
2020-09-07,0.0028936078244587993,-0.0028825818103973095,0.007220237043570136,0.2
2020-09-08,0.009836065573770592,-0.0003388523335637289,0.012718647384167902,0.2
2020-09-09,-0.019870116883116906,-0.004245105243474365,-0.019531264549553177,0.2
2020-09-10,0.006227653289682777,-0.0021505535368429364,0.010472758533157142,0.2
2020-09-11,-0.008427692693502964,-0.003405981368174942,-0.006277139156660028,0.2
2020-09-14,0.005577662460385158,-0.001609252602462922,0.0089836438285601,0.2
2020-09-15,-0.0001320919158466216,-0.0013138204651396619,0.0014771606866163004,0.2
2020-09-16,0.010962911252977436,0.001141525878483758,0.012276731718117098,0.2
2020-09-17,-0.011627893759761032,-0.0014123580491652004,-0.012769419638244791,0.2
2020-09-18,-0.002379391873644665,-0.0016057648140610933,-0.0009670338244794647,0.2
2020-09-21,-0.006625148978068762,-0.002609641646862627,-0.0050193841640076686,0.2
2020-09-22,-0.007202894395052617,-0.003528292196500625,-0.00459325274818999,0.2
2020-09-23,0.02297459357785825,0.00177228495837115,0.026502885774358872,0.2
2020-09-24,-0.007748831202375017,-0.0001319382737780836,-0.009521116160746168,0.2
2020-09-25,0.013898014008020487,0.002674052182581631,0.01402995228179857,0.2
2020-09-28,-0.0009138250891337352,0.0019564767282385575,-0.003587877271715366,0.2
2020-09-29,-0.0015679472307323916,0.0012515919364443676,-0.003524423958970949,0.2
2020-09-30,-0.0206779468301036,-0.0031343158168652256,-0.021929538766547966,0.2
2020-10-01,0.003608124987087402,-0.0017858276560747,0.006742440803952627,0.2
2020-10-02,-0.01478029333635933,-0.004384720792131626,-0.01299446568028463,0.2
2020-10-05,0.023922206350107,0.0012766646363161,0.028306927142238626,0.2
2020-10-06,0.002771898026084907,0.0015757113142698613,0.001495233389768807,0.2
2020-10-07,0.013557970072950232,0.003972163066005936,0.011982258758680371,0.2
2020-10-08,0.011298740259740203,0.005437478504752789,0.007326577193734267,0.2
2020-10-09,0.001540965652717441,0.004658175934345719,-0.003896512852035348,0.2
2020-10-12,0.003333786468362243,0.004393298041149024,-0.0013243894659834762,0.2
2020-10-13,0.010990428115015938,0.005712724055922406,0.006597130073866914,0.2
2020-10-14,-0.0029073947300291003,0.0039887002987321046,-0.008620118785951507,0.2
2020-10-15,0.005324619877964842,0.004255884214578652,0.0013359195792327378,0.2
2020-10-16,-0.005422446200916364,0.002320218131479649,-0.009678330415495016,0.2
2020-10-19,0.008621782352411067,0.0035805309756659328,0.006301564220931418,0.2
2020-10-20,-0.007919610009316957,0.001280502778669355,-0.01150014098498289,0.2
2020-10-21,0.0016473011061151066,0.0013538624441585053,0.0003667983274457517,0.2
2020-10-22,-0.003289082734127202,0.0004252734085013638,-0.004642945178285707,0.2
2020-10-23,0.002030663764047924,0.000746351479610676,0.0016053903555465605,0.2
2020-10-26,-0.004559860844579822,-0.0003148909852274237,-0.005306212324190498,0.2
2020-10-27,-0.01641421383963415,-0.00353475555610877,-0.01609932285440673,0.2
2020-10-28,-0.0001293919742797467,-0.002853682839742965,0.003405363581829023,0.2
2020-10-29,-0.01565531096318673,-0.0054140084644317184,-0.012801628123443765,0.2
2020-10-30,-0.006046253784273037,-0.005540457528399982,-0.0006322453198413184,0.2
2020-11-02,0.004363845370384256,-0.0035595969486431345,0.009904302898784238,0.2
2020-11-03,0.01935485264074477,0.0010232929692344465,0.022914449589387903,0.2
2020-11-04,-0.0021957892584808514,0.0003794765236913868,-0.003219082227715298,0.2
2020-11-05,0.013333320388349668,0.0029702452966230432,0.01295384386465828,0.2
2020-11-06,0.00855899346651734,0.004087994930601902,0.005588748169894296,0.2
2020-11-09,0.018999367409729073,0.007070269426427337,0.014911372479127171,0.2
2020-11-10,0.0063393663022759394,0.006924088801597057,-0.0007309031241513973,0.2
2020-11-11,0.017292515035727707,0.008997774048423187,0.010368426234130649,0.2
2020-11-12,-0.00437106599840853,0.006324006039056844,-0.013368840046831717,0.2
2020-11-13,-0.001829292682926864,0.004693346294660102,-0.008153298721983709,0.2
2020-11-16,0.013683604488298196,0.006491397933387721,0.008990258193638093,0.2
2020-11-17,0.0014462456135200252,0.005482367469414181,-0.0050451523198676955,0.2
2020-11-18,0.004814081348613941,0.005348710245254133,-0.0006682861208002402,0.2
2020-11-19,0.001437333846863842,0.004566434965576075,-0.0039113763983902915,0.2
2020-11-20,-0.0004784236278145837,0.0035574632468979434,-0.005044858593390659,0.2
2020-11-23,0.004188081847553038,0.003683586967028962,0.0006306186006550946,0.2
2020-11-24,0.013465264858562032,0.005639922545335576,0.009781677891533069,0.2
2020-11-25,0.0044679245925483,0.0054055229547781206,-0.0011719979527872754,0.2
2020-11-26,-0.00772565843380546,0.002779286677061404,-0.01313118138858358,0.2
2020-11-27,-0.004600684367135233,0.0013032924682220767,-0.007379971044196637,0.2
2020-11-30,-0.011495532525321206,-0.0012564725304865798,-0.012798824993543283,0.2
2020-12-01,0.010670170930575651,0.0011288561617258663,0.01192664346106223,0.2
2020-12-02,0.00035586001106069354,0.0009742569315928318,-0.0007729961506651728,0.2
2020-12-03,0.00355739348850026,0.0014908842429743174,0.0025831365569074284,0.2
2020-12-04,0.0030722203617707944,0.0018071514667336128,0.001581336118796477,0.2
2020-12-07,0.005300942458486668,0.002505909665084224,0.0034937909917530556,0.2
2020-12-08,0.0024608273944610737,0.002496893210959594,-4.50822706231503e-05,0.2
2020-12-09,0.0064289302245845725,0.00328330061368459,0.003932037013624979,0.2
2020-12-10,-0.00708478529813672,0.001209683431320328,-0.01036808591182131,0.2
2020-12-11,-0.006433454355677881,-0.0003189441260793139,-0.007643137786998209,0.2
2020-12-14,0.0030609252870041903,0.000357029756537387,0.0033798694130835042,0.2
2020-12-15,-0.004225363998545673,-0.0005594489944792248,-0.004582393755083059,0.2
2020-12-16,0.0075436943679252355,0.0010611796780016674,0.00810314336240446,0.2
2020-12-17,0.010762739444452274,0.003001491631291789,0.009701559766450606,0.2
2020-12-18,-0.012037048332475764,-6.216361461721526e-06,-0.015038539963767552,0.2
2020-12-21,-0.0008200562228202202,-0.00016898433373342128,-0.0008138398613584986,0.2
2020-12-22,-0.009965986516989211,-0.002128384770384579,-0.00979700218325579,0.2
2020-12-23,0.007342444165266526,-0.00023421898325435794,0.009470828935651106,0.2
2020-12-24,0.003174277055590702,0.00044748022451465404,0.0034084960388450596,0.2
2020-12-29,0.0058596037534370815,0.0015299049302991397,0.005412123528922427,0.2
2020-12-30,-0.002213713102325099,0.0007811813237742919,-0.0037436180326242386,0.2
2020-12-31,-0.012610941296251177,-0.0018972432002308023,-0.01339212262002547,0.2
2021-01-04,0.008514676171113456,0.0001851406740380492,0.010411919371344258,0.2
2021-01-05,-0.00035177064202362995,7.775841082571337e-05,-0.0005369113160616792,0.2
2021-01-06,-0.010439870967742015,-0.002025767464887832,-0.010517629378567728,0.2
2021-01-07,0.015410182368300385,0.001461422501749811,0.017435949833188216,0.2
2021-01-08,0.005253291839678154,0.0022197963693354793,0.0037918693379283427,0.2
2021-01-11,-0.007664661390492822,0.00024290481736981935,-0.0098844577598283,0.2
2021-01-12,-0.003042656631105478,-0.0004142074723252402,-0.0032855614484752975,0.2
2021-01-13,0.0007042845239044748,-0.00019050907307929717,0.0011184919962297151,0.2
2021-01-14,0.005278557184750676,0.0009033041784866976,0.005469066257829973,0.2
2021-01-15,-0.00035004668669924577,0.0006526340054495089,-0.0012533508651859434,0.2
2021-01-18,-0.00828760378866833,-0.0011354135533740586,-0.008940237794117838,0.2
2021-01-19,0.013418067483734308,0.0017752826540476149,0.014553481037108367,0.2
2021-01-20,0.0034843670960365003,0.002117099542445392,0.0017090844419888854,0.2
2021-01-21,0.007754606301976663,0.003244600894351646,0.005637506759531272,0.2
2021-01-22,-0.004019742735729803,0.001791732168335356,-0.007264343630081449,0.2
2021-01-25,0.004381884174563089,0.0023097625695809023,0.002590152006227733,0.2
2021-01-27,-0.007003444477691079,0.0004471211601265058,-0.009313207047271982,0.2
2021-01-28,-0.019308567910939378,-0.0035040166540866707,-0.019755689071065882,0.2
2021-01-29,-0.005423237443998974,-0.0038878608120691315,-0.0019192207899123032,0.2
2021-02-01,0.008060692175667628,-0.0014981502145217799,0.011948552987736758,0.2
2021-02-02,0.01481658025850674,0.0017647958800839241,0.01631473047302852,0.2
2021-02-03,0.008806430748327987,0.003173122853732737,0.007041634868244063,0.2
2021-02-04,-0.0081552953860623,0.0009074392057737291,-0.011328418239795038,0.2
2021-02-05,0.011349206979715198,0.0029957927605620232,0.01044176777394147,0.2
2021-02-08,0.005152833959628289,0.0034272010003752766,0.002157041199066266,0.2
2021-02-09,-0.008430143636707021,0.0010557320729588167,-0.011857344637082299,0.2
2021-02-10,0.00631887630607908,0.002108360919582869,0.0052631442331202635,0.2
2021-02-11,-0.0018266469609153901,0.0013213593434832174,-0.003935007880498259,0.2
2021-02-12,-0.006061969575660631,-0.00015530644034555214,-0.007383328919143848,0.2
2021-02-15,0.009551219573044278,0.0017859987623324142,0.009706526013389831,0.2
2021-02-16,0.00797899209008368,0.0030245974278826676,0.006192993327751266,0.2
2021-02-17,-0.003957910211466853,0.0016280959000127635,-0.00698250763934952,0.2
2021-02-18,-0.0003405880939919559,0.0012343591012118197,-0.0019686839940047194,0.2
2021-02-19,-0.012038670799363937,-0.0014202468789033316,-0.013273029900575757,0.2
2021-02-22,-0.0029887918838669147,-0.0017339558798960483,-0.0015685450049635831,0.2
2021-02-23,0.009800518512607326,0.0005729389986046266,0.011534474392503375,0.2
2021-02-24,-0.007878545150067362,-0.0011173578311297712,-0.008451484148671988,0.2
2021-02-25,0.008861836907145149,0.0008784811165252131,0.00997919473827492,0.2
2021-02-26,-0.024526601664312087,-0.0042025354396422465,-0.0254050827808373,0.2
2021-03-01,0.020348473386774035,0.0007076663256410098,0.024551008826416282,0.2
2021-03-02,-0.0038968022922636347,-0.00021322739793991916,-0.004604468617904645,0.2
2021-03-03,0.007018674167820871,0.0012331529152122388,0.0072319015657607896,0.2
2021-03-04,-0.005598697632496541,-0.00013321719432951725,-0.00683185054770878,0.2
2021-03-05,-0.007583545990848539,-0.0016232829536333216,-0.007450328796519022,0.2
2021-03-08,0.006020562486260594,-9.451386565453835e-05,0.007643845439893916,0.2
2021-03-09,0.0036828173976615197,0.0006609523870086734,0.0037773312633160583,0.2
2021-03-10,-0.008599931299162145,-0.0011912243502254902,-0.009260883686170817,0.2
2021-03-11,0.0008096229563916424,-0.0007910548889020635,0.0020008473066171328,0.2
2021-03-12,0.007974136229910167,0.0009619833348603827,0.008765191118812231,0.2
2021-03-15,0.0017198119500136944,0.001113549057891045,0.0007578286151533116,0.2
2021-03-16,0.008698569004284007,0.0026305530471696374,0.007585019946392962,0.2
2021-03-17,-0.006240724142995369,0.0008562976091366363,-0.008871277190165006,0.2
2021-03-18,-0.005709065866429164,-0.0004567750859765236,-0.0065653634755658,0.2
2021-03-19,-0.003330282422363662,-0.0010314765532539513,-0.002873507336387138,0.2
2021-03-22,0.004147954785713059,4.409714539450969e-06,0.005179431338967011,0.2
2021-03-23,-0.002294951180838778,-0.00045546246453619484,-0.002299360895378229,0.2
2021-03-24,0.005405417092768872,0.0007167134469248184,0.005860879557305066,0.2
2021-03-25,-0.0008007321162373238,0.00041322433429239,-0.0015174455631621422,0.2
2021-03-26,0.00789929039265691,0.001910437545965294,0.00748606605836452,0.2
2021-03-29,-0.003066833222775678,0.0009149833922170998,-0.004977270768740972,0.2
2021-03-30,-0.007975356316806237,-0.0008630845495875678,-0.008890339709023337,0.2
2021-03-31,0.009762237280349195,0.001261979816399785,0.010625321829936763,0.2
2021-04-01,0.0009099408760222527,0.0011915720283242784,-0.0003520389403775322,0.2
2021-04-06,0.0005682159090909522,0.0010669008044776132,-0.0006233561192333262,0.2
2021-04-07,0.006473594327986554,0.0021482395091794015,0.005406693523508941,0.2
2021-04-08,0.009817140267982305,0.0036820196609399823,0.0076689007588029035,0.2
2021-04-09,0.00011176668033896497,0.002967969064819779,-0.0035702529806010174,0.2
2021-04-12,-0.0026815418994413642,0.0018380668719675502,-0.005649510964261143,0.2
2021-04-13,-0.00156844047572402,0.0011567654024292361,-0.0034065073476915704,0.2
2021-04-14,0.008639990732495884,0.0026534104684425657,0.007483225330066647,0.2
2021-04-15,0.004783635607783054,0.0030794554963106636,0.0021302251393404887,0.2
2021-04-16,0.0005536204605847139,0.002574288489165474,-0.0025258350357259497,0.2
2021-04-19,0.0005532256096085764,0.0021700759132540944,-0.0020210628795568975,0.2
2021-04-20,-0.006635678094131459,0.0004089251117769836,-0.008805754007385553,0.2
2021-04-21,-0.003562680917390315,-0.00038539609405647624,-0.003971606029167299,0.2
2021-04-22,0.008379888268156499,0.0013676607783861187,0.008765284362212975,0.2
2021-04-23,0.0005540498614959866,0.0012049385950080923,-0.0008136109168901322,0.2
2021-04-26,-0.0016611405871160834,0.0006317227585832571,-0.0028660791821241757,0.2
2021-04-27,-0.0015529672423080232,0.000194784758405001,-0.0021846900008912805,0.2
2021-04-28,0.006332629567100678,0.0014223537201441365,0.006137844808695677,0.2
2021-04-29,0.0005519430215954468,0.0012482715804343985,-0.0008704106985486897,0.2
2021-04-30,-0.00750303456371082,-0.0005019896483946453,-0.008751306144145219,0.2
2021-05-03,0.00044470262739415567,-0.0003126511932368851,0.0009466922757888009,0.2
2021-05-04,0.005667318716908953,0.0008833427887922828,0.005979969910145839,0.2
2021-05-05,0.003425392265193228,0.0013917526840724719,0.002542049476400945,0.2
2021-05-06,-0.004955368460640153,0.00012232845512994686,-0.0063471211447126245,0.2
2021-05-07,0.0026560092667551327,0.0006290646174549841,0.002533680811625186,0.2
2021-05-10,0.013796909796841339,0.0032626336533322555,0.013167845179386356,0.2
2021-05-11,-0.010669515746750458,0.0004762037733157128,-0.013932149400082713,0.2
2021-05-12,-0.007153097595913982,-0.0010496565005302264,-0.007629301369229695,0.2
2021-05-13,-0.007980503125908811,-0.0024358258256059434,-0.006930846625378585,0.2
2021-05-14,0.00536316201117315,-0.0008760282582501245,0.007798987836779094,0.2
2021-05-17,0.0023338407757111934,-0.00023405445145786082,0.003209869033961318,0.2
2021-05-18,0.006209091779374676,0.0010545747947086465,0.0064431462308325365,0.2
2021-05-19,-0.02016531129476573,-0.0031894024231862287,-0.021219886089474376,0.2
2021-05-20,0.01394518699831715,0.00023751546111444718,0.01713458942150338,0.2
2021-05-21,0.001996361934500257,0.0005892847557916092,0.0017588464733858098,0.2
2021-05-24,0.0013283485201835976,0.0007370975086700069,0.0007390637643919884,0.2
2021-05-25,0.009838591751476944,0.0025573963572313946,0.009101494242806938,0.2
2021-05-26,-0.0028462179057737735,0.001476673504630361,-0.005403614263005168,0.2
2021-05-27,0.0008782742728412618,0.001356993658272541,-0.0005983992317890991,0.2
2021-05-28,0.01107822773013556,0.003301240472645145,0.009721234071863018,0.2
2021-05-31,-0.0015187567802126267,0.0023372410220735907,-0.0048199972528577715,0.2
2021-06-01,-0.0027162103138177462,0.0013265507548953232,-0.005053451335891337,0.2
2021-06-02,0.010022856411124659,0.0030658118861411907,0.008696305656229336,0.2
2021-06-03,0.006148204143546776,0.0036822903376223077,0.0030823922574055853,0.2
2021-06-04,0.004073810077978246,0.0037605942856934953,0.00039151974035593834,0.2
2021-06-07,-0.0011744714424739566,0.002773581140060005,-0.004935065728167452,0.2
2021-06-08,0.0016033564424364766,0.0025395362005352995,-0.0011702246976235285,0.2
2021-06-09,-0.0032016543180891643,0.0013912980968104067,-0.005741190518624464,0.2
2021-06-10,0.004068490276905923,0.0019267365328295098,0.002677192180095516,0.2
2021-06-11,0.0020260396889104637,0.0019465971640457006,9.930315608095396e-05,0.2
2021-06-15,0.010109577417159121,0.003579193214668385,0.008162980253113421,0.2
2021-06-16,-0.0009481247565977791,0.002673729620415152,-0.004527317971266164,0.2
2021-06-17,-0.002741769424406404,0.0015906298114508409,-0.005415499044821556,0.2
2021-06-18,-0.00021145183461979133,0.0012302134822367145,-0.0018020816460706322,0.2
2021-06-21,-0.016922326274278476,-0.0024002944690663234,-0.01815253975651519,0.2
2021-06-22,0.014093652956223446,0.0008984950159916308,0.01649394742528977,0.2
2021-06-23,-0.00583495637948328,-0.0004481952631033516,-0.006733451395474911,0.2
2021-06-24,-0.003308046134970044,-0.00102016543747669,-0.0028598508718666923,0.2
2021-06-25,0.005139132652266953,0.0002116941804720387,0.006159298089743644,0.2
2021-06-28,0.0002130911870394936,0.00021197358178552968,1.3970065674549e-06,0.2
2021-06-29,0.00042598508144875424,0.0002547758817181746,0.00021401149966322457,0.2
2021-06-30,0.001064498593474461,0.0004167204240694319,0.0008097227117562864,0.2
2021-07-01,-0.010952775298247897,-0.0018571787203940338,-0.011369495722317328,0.2
2021-07-02,0.005268229109381073,-0.00043209715443901235,0.0071254078297751065,0.2
2021-07-05,0.0009625240641710775,-0.00015317291071699436,0.0013946212186100899,0.2
2021-07-06,-0.008013677017359888,-0.0017252737320455733,-0.007860504106642893,0.2
2021-07-07,0.00980185307203163,0.0005801516287698674,0.011527126804077203,0.2
2021-07-08,0.001600021333333368,0.0007841255696825675,0.0010198697045635005,0.2
2021-07-09,-0.010010681362924823,-0.0013748358168389106,-0.01079480693260739,0.2
2021-07-12,0.009036187704778431,0.0007073688874845577,0.010411023521617341,0.2
2021-07-13,-0.0007462686328486567,0.0004166413834179148,-0.0014536375203332145,0.2
2021-07-14,0.003520697636166581,0.001037452633967648,0.003104056252748666,0.2
2021-07-15,-0.004465224419843095,-6.308277679450058e-05,-0.005502677053810742,0.2
2021-07-16,0.003737708284255792,0.0006970754354155579,0.0038007910610502924,0.2
2021-07-19,-0.00872433256142846,-0.0011872061639532458,-0.009421407996844018,0.2
2021-07-20,-0.004400515281754225,-0.0018298679875134417,-0.003213309117800979,0.2
2021-07-21,0.00797755480859097,0.00013161657170744048,0.009807422796104411,0.2
2021-07-22,0.009732663101604366,0.0020518258776868253,0.009601046529896925,0.2
2021-07-23,0.001482883106328492,0.0019380373234151587,-0.0005689427713583333,0.2
2021-07-26,-0.00010578529542726312,0.0015292727996466743,-0.0020438226188424216,0.2
2021-07-27,0.004759858210706014,0.002175389881858542,0.0032305854110593396,0.2
2021-07-28,-0.007369165330438188,0.0002664788393991961,-0.00954455521229673,0.2
2021-07-29,0.0057270229533670225,0.0013585876621927614,0.005460544113967826,0.2
2021-07-30,-0.002847242373779535,0.0005174216549983021,-0.004205830035972296,0.2
2021-08-02,0.013219120414956098,0.0030577614069898615,0.012701698759957795,0.2
2021-08-03,-0.002609331022008776,0.001924342921190134,-0.005667092428998637,0.2
2021-08-04,0.004499790801586245,0.0024394324972693564,0.0025754478803961113,0.2
2021-08-05,0.0010417543711169763,0.0021598968720388805,-0.00139767812615238,0.2
2021-08-06,0.0029140078224167976,0.002310719062114464,0.0007541109503779171,0.2
2021-08-09,0.0003112898107930917,0.0019108332118501895,-0.001999429251321372,0.2
2021-08-10,0.0030082986927739697,0.0021303263080349457,0.0010974654809237801,0.2
2021-08-11,0.0031026579149309175,0.00232479262941414,0.0009723316068959717,0.2
2021-08-12,0.0014434374975449416,0.0021485216030403004,-0.0008813551318691986,0.2
2021-08-13,0.006383228859772272,0.0029954630543866947,0.0042347072567319715,0.2
2021-08-16,-0.006342741687979547,0.001127822105913446,-0.009338204742366242,0.2
2021-08-17,-0.008442283798279271,-0.0007861990749250972,-0.009570105904192716,0.2
2021-08-18,-0.0002076316105830145,-0.0006704855820566806,0.0005785674643420827,0.2
2021-08-19,-0.004881098713458432,-0.0015126082083370307,-0.004210613131401751,0.2
2021-08-20,-0.00010438321853478705,-0.0012309632103765819,0.0014082249898022437,0.2
2021-08-23,0.0036531260547569833,-0.00025414535734986877,0.004884089265133566,0.2
2021-08-24,0.002807778585367071,0.00035823943119351925,0.00306192394271694,0.2
2021-08-25,0.004666566421238194,0.0012199048292024543,0.004308326990044675,0.2
2021-08-26,-0.005161024106968171,-5.628095803167084e-05,-0.006380928936170625,0.2
2021-08-27,0.00010377672039152408,-2.4269422347031853e-05,0.00016005767842319492,0.2
2021-08-30,0.002282415211976474,0.00043706750451766936,0.002306684634323506,0.2
2021-08-31,0.004657871807702385,0.0012812283651546126,0.004220804303184716,0.2
2021-09-01,-0.0007212033942138873,0.0008807420132809125,-0.0020024317593685,0.2
2021-09-02,-0.0010310238381486814,0.0004983888429949937,-0.0019117658514295939,0.2
2021-09-03,0.005882960118515301,0.0015753030980990553,0.005384571275520307,0.2
2021-09-06,0.0017442848527016164,0.0016090994490195675,0.00016898175460256112,0.2
2021-09-07,0.0008194407708523865,0.0014511677133861314,-0.000789658678167181,0.2
2021-09-08,-0.0023538634976344452,0.000690161471182016,-0.0038050312110205764,0.2
2021-09-09,-0.017644654770886614,-0.00297680177723171,-0.01833481624206863,0.2
2021-09-10,0.0041771302385729125,-0.0015460153740707852,0.007153932015804622,0.2
2021-09-13,0.003015734067565168,-0.0006336654857435945,0.004561749441635953,0.2
2021-09-14,0.0015552203697839495,-0.00019588831463808568,0.002188885855527544,0.2
2021-09-15,-0.002898530080714945,-0.0007364166678534576,-0.0027026417660768595,0.2
2021-09-16,0.006852190614617948,0.0007813047886408237,0.0075886072824714055,0.2
2021-09-17,-0.009795875135206966,-0.001334131196128734,-0.010577179923847789,0.2
2021-09-20,-0.019993731333892928,-0.0050660512236815735,-0.018659600137764194,0.2
2021-09-21,0.0036127509976331407,-0.003330290779418631,0.008678802221314714,0.2
2021-09-22,0.0035998307125411078,-0.001944266481026683,0.006930121491959739,0.2
2021-09-23,0.010866114454413767,0.0006178097060614072,0.01281038093544045,0.2
2021-09-24,-0.003965748278021097,-0.0002989018907550938,-0.004583557984082505,0.2
2021-09-27,0.005867539692633317,0.0009343864259225885,0.00616644158338841,0.2
2021-09-28,-0.015000020833333405,-0.00225249502592861,-0.015934407259255993,0.2
2021-09-29,-0.010575296331964856,-0.003917055287135859,-0.008322801306036246,0.2
2021-09-30,0.017956392004198296,0.00045763417113097154,0.021873447291334155,0.2
2021-10-01,-0.03380933502329553,-0.006395759667754328,-0.0342669691944265,0.2
2021-10-04,0.012388687645795038,-0.002638870205044455,0.018784447313549366,0.2
2021-10-05,-0.004186421031068144,-0.002948380370249193,-0.0015475508260236887,0.2
2021-10-06,-0.006036412828600235,-0.0035659868619194015,-0.003088032458351042,0.2
2021-10-07,0.006940668115613002,-0.0014646558664129206,0.010506654977532403,0.2
2021-10-08,0.007646742221792957,0.000357623751228255,0.009111398088205878,0.2
2021-10-11,-0.0011757268314606106,5.095363469048188e-05,-0.0015333505826888656,0.2
2021-10-12,-0.00428029976287736,-0.0008152970448230865,-0.004331253397567842,0.2
2021-10-13,0.0010746802447711978,-0.0004373015869042296,0.0018899772895942845,0.2
2021-10-14,0.006441202223484543,0.0009383991751735251,0.006878503810388773,0.2
2021-10-15,0.006613365333333343,0.002073392406805489,0.005674966158159818,0.2
2021-10-18,0.002861036255344951,0.0022309211765133815,0.000787643848539462,0.2
2021-10-19,-0.0011622992515035735,0.0015522770909099904,-0.003393220428016955,0.2
2021-10-20,0.007087675945072203,0.0026593568617424325,0.005535398854162212,0.2
2021-10-21,-0.0011554727254875496,0.0018963909442964362,-0.003814829587229982,0.2
2021-10-22,-0.0008412451715741343,0.001348863721122322,-0.0027376361158705704,0.2
2021-10-25,0.0036838121527458245,0.0018158534074470226,0.0023349484316235024,0.2
2021-10-26,0.0012584102217028104,0.0017043647702981802,-0.0005574431857442122,0.2
2021-10-27,0.00041887304926047086,0.0014472664260906383,-0.0012854917210377093,0.2
2021-10-28,-0.0031406617401800174,0.000529680792836507,-0.004587928166270656,0.2
2021-10-29,-0.015752992903245167,-0.0027268539463798274,-0.016282673696081672,0.2
2021-11-01,0.00928291710112128,-0.00032489973687960597,0.012009771047501106,0.2
2021-11-02,-0.006554551498236694,-0.0015708300891510236,-0.006229651761357088,0.2
2021-11-03,0.009151867519933354,0.0005737094326658521,0.010722697609084378,0.2
2021-11-04,0.0048507749688755375,0.0014291225399077892,0.004277065536209685,0.2
2021-11-05,0.0051421764598365005,0.0021717333238935313,0.0037130539199287113,0.2
2021-11-08,0.0006264042663020053,0.0018626675123752262,-0.001545329057591526,0.2
2021-11-09,-0.002295419544883992,0.0010310501009233824,-0.004158087057259218,0.2
2021-11-10,-0.0017779334309370176,0.0004692533945513024,-0.0028089835318604,0.2
2021-11-11,-0.005657339098711467,-0.0007560651041012515,-0.006126592493262769,0.2
2021-11-12,0.008428984999305111,0.0010809449165800212,0.009185050103406363,0.2
2021-11-15,0.005119611379371225,0.001888678209138262,0.004038666462791204,0.2
2021-11-16,-0.006860665494615281,0.0001388094683875533,-0.008749343703753543,0.2
2021-11-17,-0.006594065243939018,-0.001207765474077761,-0.006732874712326571,0.2
2021-11-18,0.0018964491878010747,-0.0005869225417019937,0.0031042146618788357,0.2
2021-11-19,0.0019981386895842057,-6.99102954447538e-05,0.0025850612312861994,0.2
2021-11-22,-0.004513024816467537,-0.0009585331996493104,-0.004443114521022783,0.2
2021-11-23,0.008961507832609517,0.0010254750068024552,0.009920041032258827,0.2
2021-11-24,-0.005015632341137888,-0.00018274646278561356,-0.006041107347940343,0.2
2021-11-25,0.0018903696503846934,0.0002318767598484479,0.002073116113170307,0.2
2021-11-26,-0.01719077532094815,-0.0032526536563108714,-0.017422652080796595,0.2
2021-11-29,-0.005759396208204093,-0.0037540021666895157,-0.0025067425518932214,0.2
2021-11-30,0.00461275472417122,-0.0020806507885173684,0.008366756890860735,0.2
2021-12-01,-0.004484772995520081,-0.002561475229917911,-0.0024041222070027126,0.2
2021-12-02,-0.002252558116940029,-0.0024996918073223345,0.00030891711297788196,0.2
2021-12-03,0.0019350677897784774,-0.0016127398879021721,0.004434759597100811,0.2
2021-12-06,0.0016094528415060427,-0.0009683013420205291,0.003222192729408215,0.2
2021-12-07,0.006855918732853183,0.0005965426729542137,0.007824220074873713,0.2
2021-12-08,0.013192946338822065,0.0031158234061277844,0.012596403665867851,0.2
2021-12-09,-0.0030452692519603586,0.0018836048745101558,-0.006161092658088143,0.2
2021-12-10,-0.004002569959920765,0.0007063699076239715,-0.005886174834430921,0.2
2021-12-13,0.0054991963938071375,0.0016649352048606048,0.004792826486183166,0.2
2021-12-14,-0.0006311001129342131,0.0012057281413016413,-0.002296035317794818,0.2
2021-12-15,-0.00884021286592962,-0.0008034600601446111,-0.010045941007231262,0.2
2021-12-16,-0.0030792206413251533,-0.0012586121763807196,-0.002275760581180542,0.2
2021-12-17,0.0023431888629585895,-0.0005382519685128577,0.003601801039339309,0.2
2021-12-20,-0.0022314206542192183,-0.0008768857056541298,-0.0016931686857063607,0.2
2021-12-21,0.007774174488303087,0.0008533263331373136,0.008651060193957217,0.2
2021-12-22,0.0008454190271187656,0.000851744871933604,-7.90730601854799e-06,0.2
2021-12-23,0.0034843417113752384,0.001378264239821931,0.0026325968394416343,0.2
2021-12-24,0.004945296665137766,0.002091670724885098,0.003567032425315835,0.2
2021-12-29,0.011831190203513975,0.004039574620610873,0.009739519478628876,0.2
2021-12-30,0.0012417529102002334,0.003480010278528745,-0.00279782171041064,0.2
2021-12-31,-0.0091980051840016,0.0009444071860226755,-0.012678015462530346,0.2
2022-01-04,0.013142734542315626,0.0033840726572812656,0.01219832735629295,0.2
2022-01-05,-0.004221105864957497,0.0018630369528335128,-0.007605178522238763,0.2
2022-01-06,-0.02615797119356922,-0.0037411646764470338,-0.02802100814640273,0.2
2022-01-07,0.011784700885769217,-0.0006359915640037836,0.01552586556221625,0.2
2022-01-10,-0.001049380869379446,-0.0007186694250789161,-0.0004133893053756624,0.2
2022-01-11,-0.007247846867053931,-0.0020245049134739192,-0.0065291774419750145,0.2
2022-01-12,0.005502031414622133,-0.0005191976478547086,0.007526536328096052,0.2
2022-01-13,0.005682426661921758,0.0007211272141005847,0.006201624309776466,0.2
2022-01-14,-0.010672773883017572,-0.0015576530053230467,-0.011393901097118157,0.2
2022-01-17,0.0030670861004626904,-0.0006327051841658992,0.004624739105785737,0.2
2022-01-18,-0.0014761599104242684,-0.000801396129417573,-0.0008434547262583692,0.2
2022-01-19,-0.009292471255305301,-0.0024996111545951185,-0.008491075125887728,0.2
2022-01-20,0.0012790662971648992,-0.001743875664243115,0.0037786774517600177,0.2
2022-01-21,-0.02203533059324403,-0.005802166650043298,-0.020291454929000915,0.2
2022-01-24,-0.005986752825076103,-0.005839083885049859,-0.0001845861750328047,0.2
2022-01-25,-0.02496713753832669,-0.009664694615705224,-0.01912805365327683,0.2
2022-01-27,-0.01841867679224307,-0.011415491051012795,-0.008753982176537847,0.2
2022-01-28,0.022425617335798176,-0.004647269373650601,0.03384110838681097,0.2
2022-01-31,-0.00279767230530803,-0.004277349959982087,0.0018495970683425709,0.2
2022-02-01,0.005049904555606499,-0.0024118990568643695,0.009327254515588586,0.2
2022-02-02,0.012505605460152225,0.0005716018465389498,0.014917504517016594,0.2
2022-02-03,-0.0016541795324217512,0.00012644557074680955,-0.002225781378960701,0.2
2022-02-04,0.0061857616943086224,0.0013383087954591723,0.006059316123561813,0.2
2022-02-07,-0.0016466572245759092,0.000741315591452156,-0.0029849660200350816,0.2
2022-02-08,0.010336430386267192,0.0026603385504151635,0.009595114794815037,0.2
2022-02-09,0.010992621168675054,0.004326795074067142,0.008332282618259891,0.2
2022-02-10,0.003121983024243491,0.004085832664102411,-0.0012048120498236508,0.2
2022-02-11,-0.009980682549903475,0.001272529621301234,-0.014066515214005886,0.2
2022-02-14,0.002493257452574449,0.001516675187555877,0.0012207278312732148,0.2
2022-02-15,-0.004000886548414129,0.0004131628403618757,-0.005517561735970006,0.2
2022-02-16,0.012376495360151063,0.0028058293443197135,0.011963332519789188,0.2
2022-02-17,0.00160860053619305,0.002566383582694381,-0.0011972288081266635,0.2
2022-02-18,-0.009743083303145994,0.00010449020552630566,-0.012309466885840375,0.2
2022-02-21,0.0012974700248127302,0.0003430861693835906,0.0011929798192864246,0.2
2022-02-22,-0.00982619576907251,-0.0016907702183076294,-0.0101692819384561,0.2
2022-02-23,0.005888778818607943,-0.0001748604109245149,0.007579549036915572,0.2
2022-02-24,-0.023633998777840448,-0.0048666880843077015,-0.023459138366915933,0.2
2022-02-25,0.002998045813858541,-0.0032937413046744534,0.007864733898166242,0.2
2022-02-28,0.007417225563661534,-0.0011515479310072558,0.010710966868335987,0.2
2022-03-01,0.0061538241758241075,0.0003095264903590169,0.007305372106831363,0.2
2022-03-02,0.004587210672503561,0.0011650633267879257,0.004277684182144545,0.2
2022-03-03,0.009567275182628565,0.002845505697956054,0.00840221185584064,0.2
2022-03-04,-0.010122797651057391,0.00025184502815336473,-0.012968303349013445,0.2
2022-03-07,-0.010552665590789156,-0.0019090570956351396,-0.010804510618942522,0.2
2022-03-08,-0.00758653131126541,-0.0030445519387611937,-0.005677474215630271,0.2
2022-03-09,0.010857478155163358,-0.00026414591997628344,0.013902030093924551,0.2
2022-03-10,0.012494509261168574,0.002287585116252688,0.012758655181144857,0.2
2022-03-11,-0.00974230384527952,-0.00011839267605375393,-0.012029888961532209,0.2
2022-03-14,0.01224305819054261,0.002353897497265519,0.012361450866596364,0.2
2022-03-15,-0.007019449395668453,0.00047922811867872435,-0.009373346892933973,0.2
2022-03-16,0.010766775772706128,0.002536737649484205,0.010287547654027403,0.2
2022-03-17,0.011082407766679347,0.004245871672923234,0.008545670117195142,0.2
2022-03-18,0.0025539852872833446,0.003907494395795256,-0.001691886385639889,0.2
2022-03-21,0.0008491879933043567,0.0032958331152970763,-0.0030583064024908993,0.2
2022-03-22,0.009014720447399371,0.004439610581717535,0.005718887332102295,0.2
2022-03-23,0.005255413130706543,0.004602771091515337,0.0008158025489890079,0.2
2022-03-24,0.0011501568501688375,0.003912248243246037,-0.0034526142413464998,0.2
2022-03-25,0.003028731070496171,0.003735544808696064,-0.000883517172749866,0.2
2022-03-28,0.0005205643427679263,0.0030925487155104366,-0.0032149804659281377,0.2
2022-03-29,0.006868602637885468,0.003847759499985443,0.0037760539223750315,0.2
2022-03-30,0.0069250439276487,0.004463216385518094,0.003077284427663257,0.2
2022-03-31,-0.0021556046428989895,0.003139452179834677,-0.006618821028417083,0.2
2022-04-01,-0.021602695418194595,-0.0018089773397711776,-0.02474214759802927,0.2
2022-04-04,0.003364514736994062,-0.0007742789244181295,0.00517349207676524,0.2
2022-04-05,0.0023053756680289084,-0.00015834800592872192,0.003079654592447038,0.2
2022-04-06,-0.005331970615118253,-0.0011930725277666282,-0.005173622609189531,0.2
2022-04-07,-0.006621789012211443,-0.0022788158246555912,-0.005428716484444815,0.2
2022-04-08,0.004549782995454832,-0.0009130960606335064,0.006828598820110423,0.2
2022-04-11,0.001263914024353996,-0.0004776940436360059,0.0021770100849875023,0.2
2022-04-12,-0.004839049123480876,-0.00134996505960498,-0.00436135507984487,0.2
2022-04-13,0.0033826639192953145,-0.000403439263824921,0.004732628978900295,0.2
2022-04-14,0.006742520158923515,0.0010257526207247663,0.007145959422748436,0.2
2022-04-19,0.005755577768011388,0.001971717650182091,0.004729825147286622,0.2
2022-04-20,0.0011445218900787424,0.001806278498161421,-0.0008271957601033485,0.2
2022-04-21,0.0031178133120162155,0.00206858546093238,0.0013115348138547944,0.2
2022-04-22,-0.016576865413702735,-0.0016605047139946435,-0.018645450874635115,0.2
2022-04-26,-0.020227539406395767,-0.005373911652474868,-0.018567034692401122,0.2
2022-04-27,-0.008279537634408696,-0.005955036848861633,-0.002905625981933828,0.2
2022-04-28,0.01290247166098446,-0.0021835351468924144,0.018857508509846094,0.2
2022-04-29,0.010383226512165056,0.0003298171849190801,0.012566761659057471,0.2
2022-05-02,-0.011547791201904745,-0.002045704492445685,-0.011877608386823824,0.2
2022-05-03,-0.004715991273869569,-0.0025797618487304616,-0.0026702867814238835,0.2
2022-05-04,-0.0011845896921753862,-0.0023007274174194465,0.0013951721565550754,0.2
2022-05-05,0.007439374663072762,-0.00035270700132100457,0.009740102080492209,0.2
2022-05-06,-0.02129714209552358,-0.00454159402016152,-0.020944435094202577,0.2
2022-05-09,-0.01115360342767413,-0.005863995901664042,-0.00661200940751261,0.2
2022-05-10,-0.01105827712042462,-0.0069028521454161575,-0.005194281218760578,0.2
2022-05-11,0.004920082746281862,-0.004538265167076554,0.01182293489169802,0.2
2022-05-12,-0.018582462938161903,-0.007347104721293624,-0.01404419777108535,0.2
2022-05-13,0.01961454715242228,-0.001954774346550443,0.0269616518737159,0.2
2022-05-16,0.0027799399532970615,-0.001007831486580942,0.004734714299847505,0.2
2022-05-17,0.0032158017298735686,-0.00016310484329003986,0.004223633216454511,0.2
2022-05-18,0.009948071073857978,0.0018591303401395635,0.010111175917148017,0.2
2022-05-19,-0.014556221476757503,-0.0014239400232398498,-0.016415351816897066,0.2
2022-05-20,0.011328265089646017,0.0011265009993373235,0.012752205112885866,0.2
2022-05-23,-0.00032944213330632355,0.0008353123728085941,-0.001455943132643647,0.2
2022-05-24,-0.0028562232544899757,9.700524734888004e-05,-0.00369153562729857,0.2
2022-05-25,0.003305089896609603,0.0007386221772010248,0.0032080846492607232,0.2
2022-05-26,-0.007137388821785273,-0.0008365800225962349,-0.007876010998986297,0.2
2022-05-27,0.011280734600325859,0.0015868829019881842,0.012117314622922095,0.2
2022-05-30,0.014435695222316358,0.00415664536605382,0.012848812320328175,0.2
2022-05-31,-0.01078050860757851,0.0011692145713273535,-0.01493715397363233,0.2
2022-06-01,0.0027244986328573972,0.0014802713836333623,0.0015552840615300437,0.2
2022-06-02,-0.008694739513210759,-0.0005547307957354619,-0.010175010896844121,0.2
2022-06-03,0.009209560456195254,0.0013981274546506813,0.009764291251930715,0.2
2022-06-06,-0.004019587049877593,0.0003145845537450263,-0.005417714504528275,0.2
2022-06-07,-0.015161420157068117,-0.0027806163884176024,-0.015476004710813144,0.2
2022-06-08,0.0034333480625390322,-0.0015378234982262754,0.006213964450956635,0.2
2022-06-09,-0.014348731001075699,-0.00410000499879616,-0.012810907502849423,0.2
2022-06-10,-0.012654030929875715,-0.005810810185012071,-0.008554025931079554,0.2
2022-06-14,-0.03595325022010332,-0.01183929819203032,-0.030142440035091245,0.2
2022-06-15,-0.013294082352941161,-0.01213025502421249,-0.0014547841609108408,0.2
2022-06-16,-0.0019077619443986782,-0.010085756408249727,0.010222493079813811,0.2
2022-06-17,-0.016724417832091998,-0.01141348869301818,-0.006638661423842271,0.2
2022-06-20,-0.005345583898568429,-0.01019990773412823,0.0060679047944497515,0.2
2022-06-21,0.0129473184458051,-0.005570462498141564,0.023147226179933332,0.2
2022-06-22,-0.0022911129868564695,-0.004914592595884545,0.003279349511285094,0.2
2022-06-23,0.0031423979488129916,-0.003303194486945037,0.008056990544697537,0.2
2022-06-24,0.007469915662650539,-0.0011485724570259215,0.010773110149595576,0.2
2022-06-27,0.01985166156954099,0.003051474348287461,0.02100023402656691,0.2
2022-06-28,0.0085600728020645,0.004153194039042869,0.0055085984537770385,0.2
2022-06-29,-0.007789861462856429,0.001764582938663009,-0.011943055501899297,0.2
2022-06-30,-0.018631310927176514,-0.0023145958345048958,-0.020395893865839523,0.2
2022-07-01,-0.030805994029850625,-0.008012875473574042,-0.02849139819534573,0.2
2022-07-04,0.011087865247945361,-0.004192727329270161,0.019100740721519405,0.2
2022-07-05,0.0012184476666261546,-0.0031104923300908976,0.005411174995896315,0.2
2022-07-06,-0.004624522444311108,-0.0034132983529349395,-0.00151403011422021,0.2
2022-07-07,0.008680755487458613,-0.0009944875848562286,0.012094053840393554,0.2
2022-07-08,0.004363648484848381,7.713962908469335e-05,0.00535813606970461,0.2
2022-07-11,-0.010982428059589378,-0.002134773908650121,-0.01105956768867407,0.2
2022-07-12,-0.00048801710145263133,-0.0018054225472106228,0.0016467568071974895,0.2
2022-07-13,0.00219743610316514,-0.0010048508171354702,0.004002858650375763,0.2
2022-07-14,0.0054818494570276766,0.0002924892376971592,0.006486700274163147,0.2
2022-07-15,-0.007148097805329656,-0.0011956281709082038,-0.007440587043026815,0.2
2022-07-18,0.012324613019814912,0.0015084200672364192,0.013520241190723115,0.2
2022-07-19,-0.005544828900009957,9.777027378714384e-05,-0.0070532489672463766,0.2
2022-07-20,0.017212096969696944,0.0035206356129691046,0.0171143266959098,0.2
2022-07-21,0.004885653119295563,0.0037936391142343964,0.0013650175063264587,0.2
2022-07-22,-0.00035573341976191664,0.0029637646074351337,-0.004149372533996313,0.2
2022-07-25,-0.00023729536522076877,0.0023235526129039533,-0.0032010599726559025,0.2
2022-07-26,0.002254413885315776,0.0023097248673863177,-6.913872758817748e-05,0.2
2022-07-27,0.003196365535736323,0.0024870530010563186,0.0008866406683500053,0.2
2022-07-28,0.009086665307686204,0.0038069754623822954,0.006599612306629885,0.2
2022-07-29,0.008770903782694406,0.004799761126444717,0.00496392832031211,0.2
2022-08-01,0.006955703525256096,0.005230949606206993,0.002155942398811379,0.2
2022-08-02,0.0003453603460124022,0.004253831754168075,-0.004885589260194591,0.2
2022-08-03,-0.0032224422053452884,0.0027585769622654023,-0.007476273959513363,0.2
2022-08-04,0.00034635722957676585,0.002276133015727675,-0.0024122197326886365,0.2
2022-08-05,0.0063481418091890784,0.0030905347744199555,0.004072008793461404,0.2
2022-08-08,0.0006881293568496982,0.002610053690905904,-0.0024024054175702573,0.2
2022-08-09,0.0008022922636101715,0.0022485014054467573,-0.0018077614272957324,0.2
2022-08-10,-0.00480987173614289,0.0008368267771288276,-0.007058373141589648,0.2
2022-08-11,0.011277272467726807,0.0029249159152484236,0.01044044569059798,0.2
2022-08-12,-0.004437858594829036,0.0014523610132329316,-0.00736277451007746,0.2
2022-08-15,0.004914847523485033,0.002144858315283352,0.0034624865102521017,0.2
2022-08-16,0.005573316778282766,0.0028305500078832347,0.0034284584629994145,0.2
2022-08-17,0.004976744486969942,0.003259788903700576,0.002146194479086707,0.2
2022-08-18,-0.0028137310706524143,0.0020450849088299783,-0.00607351997435299,0.2
2022-08-19,0.00045147856549609955,0.0017263636401632025,-0.0015936063433338787,0.2
2022-08-22,-0.009250891349852242,-0.0004690873578398864,-0.010977254990015443,0.2
2022-08-23,-0.01207012070143465,-0.0027892940265588397,-0.011601033343594764,0.2
2022-08-24,0.0062240777726123575,-0.0009866196667246002,0.009013371799171197,0.2
2022-08-25,0.007216460233111288,0.0006539963132425775,0.008203079899835888,0.2
2022-08-26,0.007505925167746952,0.0020243820841434525,0.0068519288545043746,0.2
2022-08-29,-0.019641021318027807,-0.0023086985962908002,-0.02166540340217126,0.2
2022-08-30,0.005066240761456342,-0.0008337107247413716,0.007374939357747142,0.2
2022-08-31,-0.00045825409029387476,-0.0007586193978518722,0.00037545663444749685,0.2
2022-09-01,-0.013638991404011591,-0.003334693799083816,-0.01288037200615972,0.2
2022-09-02,-0.0019753544498105624,-0.0030628259292291653,0.0013593393492732538,0.2
2022-09-05,0.004307870582231477,-0.0015886866269370368,0.007370696511460642,0.2
2022-09-06,-0.00313011817458575,-0.0018969729364667794,-0.001541431547648713,0.2
2022-09-07,-0.013722526194267504,-0.004262083588026924,-0.011825553257800724,0.2
2022-09-08,0.01957319937680002,0.000504973004938466,0.023835282964826947,0.2
2022-09-09,0.00693881106812988,0.0017917406175767489,0.006433838063191414,0.2
2022-09-12,0.010106776157114972,0.0034547477254843937,0.008315035539538223,0.2
2022-09-13,0.0068221264407775095,0.004128223468543017,0.003367378715293116,0.2
2022-09-14,-0.026425792441813978,-0.001982579713528382,-0.030554015910356995,0.2
2022-09-15,0.0032478715143007264,-0.0009364894679625604,0.0052304512278291086,0.2
2022-09-16,-0.015261880339042078,-0.0038015676421784645,-0.014325390871079518,0.2
2022-09-19,-0.0016437595783436176,-0.003370006029411495,0.002157808063834847,0.2
2022-09-20,0.013054216312527567,-8.51615610236822e-05,0.016424222341939063,0.2
2022-09-21,-0.015788251866592162,-0.0032257796221373783,-0.01570309030556848,0.2
2022-09-23,-0.018872363987642804,-0.006355096495238464,-0.015646584365505426,0.2
2022-09-26,-0.01574894205337829,-0.008233865606866429,-0.009393845558139826,0.2
2022-09-27,0.002687101403917147,-0.0060496722047097135,0.010920967010783576,0.2
2022-09-28,-0.00438534556634651,-0.005716806877037073,0.0016643266383632033,0.2
2022-09-29,0.014070646736670245,-0.0017593161542956088,0.019787453613707318,0.2
2022-09-30,-0.015082046877969879,-0.004423862299030463,-0.013322730723674271,0.2
2022-10-03,-0.017518069981063533,-0.007042703835437077,-0.013094207682033069,0.2
2022-10-04,0.036409053731012,0.0016476476778527387,0.043451757566449076,0.2
2022-10-05,0.01816643341555224,0.004951404825392639,0.016518785737699503,0.2
2022-10-06,0.00035456695100677393,0.0040320372505154665,-0.004596837874385865,0.2
2022-10-07,-0.007559732692665522,0.0017136832618792688,-0.011591769943180988,0.2
2022-10-10,-0.014163235449770495,-0.0014617004804506843,-0.015876918711649764,0.2
2022-10-11,-0.0036219122631433454,-0.0018937428369892166,-0.002160211782692661,0.2
2022-10-12,0.00024238459035963444,-0.0014665173515194464,0.002136127427348851,0.2
2022-10-13,-0.0016959296779189836,-0.0015123998167993538,-0.0002294123263995372,0.2
2022-10-14,0.01820167367058989,0.002430414880678495,0.019714073487389246,0.2
2022-10-17,-0.014658609717144055,-0.000987390038886015,-0.01708902459782255,0.2
2022-10-18,0.01777941461054655,0.002765970891000498,0.018766804649432565,0.2
2022-10-19,0.002614390906372055,0.0027356548940748095,-0.00015157998462844323,0.2
2022-10-20,-0.010193208123982167,0.00014988229046341423,-0.012928863018056977,0.2
2022-10-21,-0.007783510770362656,-0.0014367963217018,-0.00793339306082607,0.2
2022-10-24,0.014844255191355904,0.0018194139809097412,0.016281051513057705,0.2
2022-10-25,0.0034486979878083357,0.00214527078228946,0.0016292840068985945,0.2
2022-10-26,0.001303638349264169,0.001976944295684402,-0.0008416324330252911,0.2
2022-10-27,0.005681181339358021,0.0027177917044191257,0.0037042370436736194,0.2
2022-10-28,-0.008708932461940266,0.0004324468711472472,-0.011426724166359392,0.2
2022-10-31,0.01139735208130066,0.0026254279131779296,0.010964905210153413,0.2
2022-11-01,0.016081652398599378,0.00531667281026222,0.013456224485421449,0.2
2022-11-02,0.002195032398221608,0.0046923447278540975,-0.003121640412040612,0.2
2022-11-03,-0.018674386167146895,1.8998548853899067e-05,-0.023366730895000992,0.2
2022-11-04,0.004581228870476739,0.0009314446131784671,0.00456223032162284,0.2
2022-11-07,0.007717528334338031,0.00228866135741038,0.0067860837211595635,0.2
2022-11-08,0.003481120909723634,0.002527153267873031,0.001192459552313254,0.2
2022-11-09,0.006244148719560139,0.0032705523582104525,0.0037169954516871077,0.2
2022-11-10,-0.005515927563178424,0.001513256373932677,-0.008786479921388876,0.2
2022-11-11,0.02750169831867688,0.006710944762881518,0.025988441944744204,0.2
2022-11-14,-0.0013494714653502493,0.005098861517235165,-0.008060416228231768,0.2
2022-11-15,0.0010134684342295586,0.0042817829006340435,-0.004085393083005606,0.2
2022-11-16,-0.0029249859705814396,0.0028404291263909465,-0.007206768871215483,0.2
2022-11-17,0.0034977435461269746,0.002971892010338152,0.000657314419736028,0.2
2022-11-18,0.0016864627459756143,0.0027148061574656444,-0.0012854292643625378,0.2
2022-11-21,-0.0019081603730232155,0.0017902128513678723,-0.00462296653048886,0.2
2022-11-22,0.006072885876583056,0.002646747456410909,0.004282673025215184,0.2
2022-11-23,0.006036228549477274,0.003324643675024182,0.0033894810930663647,0.2
2022-11-24,0.0014444111111111546,0.0029485971622415764,-0.0018802325639130273,0.2
2022-11-25,0.0023299568067221,0.002824869091137681,-0.0006186403555194764,0.2
2022-11-28,-0.004095583533123004,0.0014407785662855438,-0.006920452624260685,0.2
2022-11-29,0.0030009669556412266,0.0017528162441566805,0.0015601883893556828,0.2
2022-11-30,0.004543484143251009,0.0023109498239755463,0.002790667899094328,0.2
2022-12-01,0.009817969998500375,0.003812353858880512,0.007507020174524829,0.2
2022-12-02,-0.006773028110410362,0.0016952774650223369,-0.010585381969290875,0.2
2022-12-05,0.0034096459175019245,0.0020381511555182543,0.0017143684524795876,0.2
2022-12-06,-0.004713361677736616,0.00068784858886728,-0.006751512833254871,0.2
2022-12-07,-0.00892075961715555,-0.0012338730523372857,-0.009608608206022828,0.2
2022-12-08,-0.007556395322955822,-0.0024983775064609933,-0.006322522270618537,0.2
2022-12-09,0.005598477339569641,-0.0008790065372548663,0.008096854846030635,0.2
2022-12-12,-0.004565148748806203,-0.0016162349795651337,-0.0036861422115513362,0.2
2022-12-13,0.0025726509491577065,-0.0007784577938205657,0.00418888592872284,0.2
2022-12-14,0.007028952594966498,0.0007830242839368471,0.007807410388787063,0.2
2022-12-15,-0.006647440579493846,-0.0007030686887492916,-0.007430464863430694,0.2
2022-12-16,-0.007584217819129324,-0.002079298514825298,-0.006881149130380033,0.2
2022-12-19,-0.0020229264321331986,-0.002068024098286878,5.637208269209954e-05,0.2
2022-12-20,-0.015315326059166856,-0.004717484490462874,-0.013247301960879978,0.2
2022-12-21,0.012122575203051822,-0.0013494725517599355,0.016840059693514695,0.2
2022-12-22,0.005084711864406843,-6.26356685265797e-05,0.006434184416166779,0.2
2022-12-23,-0.006632895108473091,-0.0013766875565158821,-0.006570259439946512,0.2
2022-12-28,-0.0021503281784706063,-0.001531415680906827,-0.0007736406219547242,0.2
2022-12-29,-0.008279414954733277,-0.002881015535672117,-0.00674799927382645,0.2
2022-12-30,0.0029734102705074594,-0.001710130374436202,0.005854425806179576,0.2
2023-01-03,-0.021436682603307333,-0.0056554408202104285,-0.019726552228871132,0.2
2023-01-04,0.015963668142624288,-0.0013316190276434848,0.021619108962834716,0.2
2023-01-05,0.0014909737013193425,-0.0007671004818509192,0.0028225927289628272,0.2
2023-01-06,0.0062987059092991515,0.0006460607963790949,0.007065806391150071,0.2
2023-01-09,0.006031626060147177,0.0017231738491327113,0.005385565263768082,0.2
2023-01-10,-0.0029412103406966095,0.0007902970111668471,-0.004664384189829321,0.2
2023-01-11,0.009303381090349117,0.002492913827003301,0.008513084079182269,0.2
2023-01-12,0.01169065885443632,0.004332462832489905,0.009197745027433018,0.2
2023-01-13,0.0072222444444445255,0.004910419154880829,0.0028897816119546208,0.2
2023-01-16,0.008383915976085676,0.005605118519121799,0.0034734968212048476,0.2
2023-01-17,-0.0010940378035647624,0.004265287254584487,-0.006699156322686561,0.2
2023-01-18,0.0009856970974855273,0.003609369223164695,-0.0032795901570989595,0.2
2023-01-19,0.006017450634191457,0.004090985505370047,0.002408081411026762,0.2
2023-01-20,0.0013050897652557847,0.003533806357347195,-0.0027858957401142624,0.2
2023-01-23,0.00141193657000116,0.003109432399877988,-0.002121869787346035,0.2
2023-01-24,0.004555379757767319,0.003398621871455854,0.0014459473578893314,0.2
2023-01-25,-0.002915191009009166,0.00213585929536285,-0.006313812880465021,0.2
2023-01-27,0.0025987872788042488,0.0022284448920511296,0.00046292798344139876,0.2
2023-01-30,-0.0011879577141358233,0.001545164370813739,-0.003416402606186953,0.2
2023-01-31,-0.00043253675067456143,0.001149624146516079,-0.0019777011214883004,0.2
2023-02-01,0.002704456886532647,0.0014605906945193924,0.001554832740016568,0.2
2023-02-02,0.0016182327841571809,0.00149211911244695,0.00015764208963778845,0.2
2023-02-03,0.0063550627468791365,0.0024647078393333875,0.004862943634432186,0.2
2023-02-06,-0.002782853473188518,0.0014151955768290064,-0.0052475613125219055,0.2
2023-02-07,-0.00558115285137184,1.5925891188836886e-05,-0.006996348428200847,0.2
2023-02-08,0.004101424628139894,0.0008330256385790482,0.0040854987369510565,0.2
2023-02-09,-0.005267096692111117,-0.00038699882755898504,-0.006100122330690166,0.2
2023-02-10,-0.007996520337189117,-0.0019089031294850115,-0.007609521509630132,0.2
2023-02-13,-0.0021787036325042752,-0.001962863230088864,-0.0002698005030192638,0.2
2023-02-14,0.0016375764549689809,-0.0012427752930772953,0.003600439685057845,0.2
2023-02-15,-0.009700261580381508,-0.002934272550538138,-0.008457486287304214,0.2
2023-02-16,0.0077041271439122205,-0.0008065926116480665,0.010638399694450358,0.2
2023-02-17,-0.008191350113397777,-0.0022835441119980087,-0.007384757501749711,0.2
2023-02-20,0.000660775259569979,-0.0016946802376844113,0.0029443193715679877,0.2
2023-02-21,-0.0018708704125386388,-0.0017299182726552569,-0.00017619017485422757,0.2
2023-02-22,-0.0019845645639877674,-0.001780847530921759,-0.0002546462913325105,0.2
2023-02-23,-0.0029827331965113224,-0.0020212246640396716,-0.0012018856655895635,0.2
2023-02-24,0.00265925761772845,-0.0010851282076860473,0.0046804822817681216,0.2
2023-02-27,-0.010719427797976078,-0.0030119881257440534,-0.009634299590290031,0.2
2023-02-28,0.004356646705428346,-0.0015382611595095733,0.0073686348311724,0.2
2023-03-01,0.0005560560313175866,-0.0011193977213441414,0.0020943171908271597,0.2
2023-03-02,0.0015562361222347665,-0.0005842709526283598,0.002675633843578908,0.2
2023-03-03,0.003995571675817322,0.0003316975730607766,0.0045798426284456815,0.2
2023-03-06,0.00641169584801804,0.0015476972280522292,0.006079998274957263,0.2
2023-03-07,0.005492091328074489,0.0023365760480566814,0.00394439410002226,0.2
2023-03-08,-0.006008335088394934,0.0006675938207663583,-0.008344911136451616,0.2
2023-03-09,0.005055489725365181,0.0015451730016861228,0.004387895904598822,0.2
2023-03-10,-0.023072729023708938,-0.0033784074033928893,-0.02461790202539506,0.2
2023-03-13,-0.005260723315904325,-0.0037548705858951766,-0.001882315912511436,0.2
2023-03-14,-0.014965702206626408,-0.005997036910041423,-0.011210831620731231,0.2
2023-03-15,0.009252878578331236,-0.002947053812366891,0.01524991548837266,0.2
2023-03-16,-0.013355970873932477,-0.0050288372246800085,-0.010408917061565586,0.2
2023-03-17,0.003670987809360593,-0.003288872217871888,0.008699825034040602,0.2
2023-03-20,-0.013715819264277451,-0.0053742616271530005,-0.010426947046405562,0.2
2023-03-21,0.00857570971635524,-0.0025842673584513523,0.013949971343508241,0.2
2023-03-22,0.008502792238340717,-0.0003668554390929379,0.01108705959679207,0.2
2023-03-23,-0.007063860330313143,-0.001706256417336979,-0.006697004891220205,0.2
2023-03-24,-0.0019506482627504873,-0.0017551347864196807,-0.00024439184541350835,0.2
2023-03-27,0.0013795699685132945,-0.0011281938354330855,0.003134704754932975,0.2
2023-03-28,0.0097588865616276,0.0010492222439790516,0.010887080397060685,0.2
2023-03-29,0.0026151564280327833,0.001362409080789798,0.0015659341840537316,0.2
2023-03-30,0.00986621682921296,0.00306317063047443,0.00850380774842316,0.2
2023-03-31,0.008197596579530675,0.004090055820285679,0.005134425949056245,0.2
2023-04-03,0.00011140565951661685,0.003294325788131867,-0.003978650160769062,0.2
2023-04-04,0.0015591825196661357,0.0029472971344387208,-0.0017351432684657312,0.2
2023-04-05,0.00011121983765161048,0.0023800816750812986,-0.0028360772967871103,0.2
2023-04-06,-0.002334878756173553,0.0014370895888303281,-0.004714960431254852,0.2
2023-04-11,0.012816159161390006,0.003712903503342264,0.011379069572559679,0.2
2023-04-12,0.004731525244218382,0.003916627851517487,0.0010186217408761178,0.2
2023-04-13,-0.003614007307283007,0.002410500819757388,-0.007530635158800494,0.2
2023-04-14,0.005825444960690929,0.0030934896479440964,0.0034149441409335405,0.2
2023-04-17,0.002841164837915855,0.003043024685938448,-0.0002523248100282415,0.2
2023-04-18,-0.0032689986902800783,0.0017806200106947425,-0.006312023376218527,0.2
2023-04-19,0.0009838963487056596,0.001621275278296926,-0.000796723661989083,0.2
2023-04-20,-0.00032764308273569576,0.0012314916060904017,-0.0019489183610326218,0.2
2023-04-21,-0.0050256637717215336,-1.9939469471985227e-05,-0.006257155377811935,0.2
2023-04-24,-0.0006588119029317108,-0.00014771395616393034,-0.0006388724334597255,0.2
2023-04-26,-0.0005494231282403561,-0.0002280557905792155,-0.0004017091720764258,0.2
2023-04-27,-0.003957794678515758,-0.0009740035681665241,-0.0037297388879365427,0.2
2023-04-28,0.0030904967569647113,-0.00016110350314027695,0.004064500325131236,0.2
2023-05-01,0.00352112687679762,0.0005753425728473025,0.003682230379937897,0.2
2023-05-02,-0.010087697700253084,-0.0015572654817727748,-0.010663040273100386,0.2
2023-05-03,-0.009636630589683559,-0.0031731385033549318,-0.008079365107910784,0.2
2023-05-04,0.00044729893983674884,-0.002449051014716596,0.0036204374431916806,0.2
2023-05-05,0.0034656792665963554,-0.0012661049584540055,0.005914730281312951,0.2
2023-05-08,0.008244184308284552,0.0006359528948937062,0.009510289266738558,0.2
2023-05-09,-0.001878430939226572,0.00013307612806965046,-0.0025143838341202783,0.2
2023-05-10,-0.0002214546613206192,6.216997019159653e-05,-0.00035453078939026966,0.2
2023-05-11,0.0009966116929822633,0.0002490583147497299,0.0009344417227906668,0.2
2023-05-12,0.0005530420231627531,0.00030985505643233455,0.0003039837084130232,0.2
2023-05-15,0.002763958079512241,0.0008006756610483158,0.0024541030230799065,0.2
2023-05-16,-0.004189603225675964,-0.00019738011629654025,-0.00499027888672428,0.2
2023-05-17,-0.005757274136403812,-0.0013093589203179946,-0.005559894020107271,0.2
2023-05-18,0.005679231436105825,8.835915096676934e-05,0.0069885903564238195,0.2
2023-05-19,0.00697601609956866,0.0014658905406871477,0.006887656948601891,0.2
