asset_1,asset_2,asset_3,asset_4,expected_return,volatility,sharpe
0.3246757171249298,0.3154901162043157,0.3220494205571397,0.037784746113614744,0.08444218478309459,0.096511475167309,0.8749445041297784
0.014232233398534218,0.2391858568224978,0.23215517534604774,0.5144267344329202,0.15473627783403673,0.17574210761819892,0.8804735525887881
0.034697272773258694,0.45795037286628487,0.03082126860365966,0.47653108575679687,0.13267987899801345,0.1624206345429125,0.8168905346996329
0.49415934909221304,0.11042839146972537,0.351521951292702,0.04389030814535946,0.07911952870770222,0.0873739561038022,0.9055275992505875
0.053213482286030615,0.183143517682574,0.5236665500376122,0.23997644999378326,0.14042958838789926,0.15042119029459147,0.9335758353784848
0.27499578401909686,0.04928912320509844,0.4051946182877172,0.27052047448808764,0.12383344194551393,0.13144189212840734,0.942115484951627
0.40903415376740687,0.2601459415901273,0.2827452316969235,0.048074672945542234,0.07841761833030403,0.08895018764703971,0.8815902518550087
0.07134379812237882,0.27218588398074023,0.15437051880963845,0.5020997990872423,0.14405542547999364,0.16679624063987497,0.8636611048747773
0.3457627751610857,0.11611631559906789,0.22502370048313008,0.31309720875671626,0.11141639441896924,0.12238526092518918,0.9103742850789449
0.18670295005576512,0.17479913626745305,0.47725434008637285,0.16124357359040895,0.11980686427087472,0.12850663080788133,0.932301030053361
0.3435891726460902,0.35831516635808014,0.27928205670797007,0.018813604287859692,0.07760887446175486,0.09144228001548307,0.8487198093553012
0.2914970246862979,0.34811463451920555,0.2884054251471267,0.07198291564736999,0.08785536181161334,0.1002756500055363,0.8761385421761192
0.37224003741765865,0.1922299262549359,0.4110109451910115,0.02451909113639391,0.08745635559212919,0.09758209490569836,0.8962336346298518
0.027700181319328655,0.2176631063087298,0.6613620739247761,0.0932746384471654,0.13364965984614713,0.14630197428248984,0.9135191818265367
0.24219520459231275,0.33915912722763547,0.3081095815772651,0.11053608660278673,0.09690869755492784,0.10877475038993989,0.8909116978667001
0.11677706078992538,0.14830966256865916,0.1625343240370283,0.572378952604387,0.1515731567220363,0.17504731071590954,0.865898231181796
0.39102439110538745,0.30530915859718233,0.1936860128784828,0.10998043741894734,0.08024111833947241,0.09190233648079206,0.8731129306624659
0.01420059571636347,0.30558476252626227,0.19849952963293768,0.4817151121244367,0.1477928971609936,0.1694970243015723,0.8719498042516529
0.6081614634531889,0.09958150831337954,0.014919352971046124,0.2773376752623854,0.07683937284913435,0.09301647187948972,0.8260835021638523
0.40799558352828696,0.13119410982927013,0.34049059322007696,0.12031971342236593,0.09248103102609938,0.09969855068631588,0.9276065739117395
0.6990538043163607,0.15363452476635056,0.07151089514676097,0.07580077577052788,0.05062228224609148,0.06381319501427916,0.7932886330916981
0.05034400634199304,0.02338893293691795,0.7343514296181658,0.1919156311029232,0.15117994609573362,0.16104677873739323,0.9387331263685273
0.11268475243572933,0.272849342549292,0.05465029356352101,0.5598156114514576,0.1415138153519847,0.1697544065422569,0.8336385383713601
0.5491120093175997,0.13993575499394514,0.0852562864990488,0.2256959491894063,0.07870537584866674,0.09102077001730431,0.8646968799945745
0.09720347538365755,0.02415130973460873,0.16057350918582558,0.7180717056959082,0.17133502870615125,0.20053711574372024,0.8543806370742447
0.13904459195895352,0.42483286685466193,0.2820492296052103,0.15407331158117413,0.10564123927602177,0.12045448216029013,0.8770220699254992
0.45970805676022214,0.18057701318273262,0.2652646717729511,0.09445025828409426,0.08051430448075723,0.08888072773310121,0.9058690959701927
0.0813670196110812,0.7967233188031977,0.052115126828059154,0.06979453475766201,0.07917414868418675,0.11419960955109716,0.6932961416891823
0.13056965270749196,0.4071858901099076,0.17417006768665133,0.2880743894959491,0.11485479341403089,0.13266789500622037,0.8657316331780626
0.4282135315395127,0.30567270873675917,0.23221997855623006,0.033893781167498055,0.07157311325929751,0.08386552126525211,0.8534271555163194
0.5488566299918759,0.2097183913541894,0.05711053892801245,0.18431443972592226,0.0710868887790171,0.08460788108841683,0.8401922830892073
0.03133630372349071,0.4064119637126525,0.4315457700338333,0.1307059625300235,0.11994862154543519,0.13438286270198657,0.8925886763659634
0.009039874138533866,0.538216846824926,0.1592970550460833,0.2934462239904569,0.12043977981551937,0.1431788015614289,0.841184438632463
0.09373869383826347,0.4454249011577415,0.43609089651924965,0.024745508484745216,0.10341725313264366,0.12038187554788357,0.8590766065237786
0.7011539726579368,0.08695329816353899,0.18043407740110923,0.031458651777415025,0.05346665229025586,0.06436471165084104,0.8306826973807662
0.29393379551445825,0.08552008797203454,0.48219421437953214,0.13835190213397502,0.1118645946520564,0.1191357070295789,0.9389678161248732
0.30758141478436873,0.20847809061527964,0.29747981546391705,0.18646067913643452,0.10265920278563141,0.1116556509038745,0.9194268445401995
0.12935437599285224,0.006060831885454616,0.33499716958299197,0.5295876225387011,0.15917844569702788,0.17540050381434025,0.9075141874479262
0.08373849949139335,0.49065952752299935,0.024227696039921722,0.4013742769456855,0.11992994671156319,0.14784160724327547,0.8112056473670282
0.10129589397682304,0.18589683518409109,0.6775202718679283,0.035286998971157696,0.12372413691684361,0.1372969806175591,0.9011424458158868
0.06811497950619141,0.4788142044137077,0.35036643763393255,0.10270437844616845,0.10797513523340693,0.1245946349597676,0.8666114336967462
0.12846179814515812,0.2172671985513472,0.5504486915306186,0.10382231177287593,0.12110970594566545,0.1317826954553559,0.9190106904945943
0.2150804124435514,0.09957104011810854,0.08555216071481149,0.5997963867235286,0.1440636825090661,0.1704954273802016,0.844970945688806
0.2333930082685015,0.5616637079221745,0.1269328392056717,0.07801044460365229,0.07862633452150347,0.10055881826993568,0.7818939788099178
0.24316382801714737,0.30170785289801305,0.20239811357319645,0.25273020551164316,0.10688858440151196,0.1202465110737337,0.888912147612908
0.1417245917990209,0.15189345145884936,0.3136312613838478,0.39275069535828216,0.13906186171733348,0.1522616118783547,0.9133087454008643
0.2205629991153507,0.0302177908272715,0.46743929497431524,0.2817799150830626,0.13299838260297583,0.14070396315408423,0.9452355116488791
0.522090048262327,0.22344463283068913,0.03000794013435231,0.22445737877263164,0.07547559203807395,0.09092417621063548,0.8300937680559982
0.1290024807387117,0.02594634444903367,0.061713110409610625,0.783338064402644,0.17032087316817698,0.20629932314155375,0.8256007367087196
0.1270070898066759,0.08135307276816525,0.13998707261934024,0.6516527648058186,0.15956347074396984,0.18663049160080758,0.8549699964637472
0.6284064284550279,0.11410270138689976,0.00469178162686288,0.2527990885312094,0.07181890261645486,0.08801251188527069,0.8160078729496425
0.050060141130105075,0.6871110585277239,0.03542407328919219,0.22740472705297865,0.09989353332351733,0.13008904338270938,0.7678858320884121
0.17206010181895756,0.4853072139304838,0.049118773465127316,0.2935139107854313,0.10348330518836839,0.12684226612108443,0.8158424502569401
0.23980158782645894,0.5432475993671592,0.11245725191641945,0.10449356088996249,0.08059066367768575,0.1018539905202885,0.7912371745673797
0.08987882352131525,0.37117970971545156,0.23098855317643474,0.30795291358679844,0.12401902184433282,0.14052964522601363,0.8825114561761911
0.26282340897328743,0.23644516456619138,0.21415870156009081,0.28657272490043045,0.11124597991319886,0.12377597271619169,0.8987687793678415
0.010503991801540262,0.45903989698881875,0.3966541632363356,0.13380194797330533,0.11860138670535952,0.13462854379866826,0.8809527560717234
0.07260140990866375,0.21520951626935989,0.6134817870682622,0.09870728675371418,0.12828041974801063,0.13995743536779348,0.9165673792957346
0.15743607876362598,0.3261287528031313,0.04380790045816196,0.47262726797508087,0.1270743729352322,0.15278337444135148,0.8317290634525936
0.02322674209940593,0.01430038555371169,0.7142731815424048,0.24819969080447754,0.15824647722300417,0.16777108122155612,0.943228571162548
0.10334145214848434,0.3340739687440537,0.4220307055607441,0.14055387354671764,0.11686738739850859,0.12899066961755193,0.9060142702182413
0.5454880905962594,0.2616590432187166,0.12985278033334827,0.0630000858516757,0.06130382905757273,0.07375915142528504,0.8311352269239562
0.21215122591124527,0.3298972652493903,0.4114134884566936,0.04653802038267087,0.09835546043072045,0.11103848816188992,0.8857780942345136
0.29547083347208375,0.1478516662825264,0.4931030152306889,0.06357448501470093,0.10293938259676205,0.11214199021249173,0.917937896426734
0.061298849954393955,0.3753170210001238,0.07348019272295209,0.48990393632253015,0.1365009846420454,0.16326534735589465,0.8360683197794151
0.12225486167022431,0.028413502853888932,0.7736101174719606,0.07572151800392608,0.135619863654756,0.147886997985094,0.9170506231279748
0.5994332003910269,0.10053627162649212,0.2548295483908864,0.04520097959159442,0.06629083119862683,0.07500448612508391,0.8838248833286393
0.05612551382722114,0.0053110859788990964,0.7693634586857842,0.16919994150809575,0.15073879339955412,0.16114574092713121,0.9354190345478443
0.14817129929215708,0.18588923708118243,0.03846647330297703,0.6274729903236835,0.14724024164170918,0.17785804190573618,0.8278525956096252
0.44573204105238406,0.06146071792406096,0.08809867165468081,0.40470856936887417,0.10737340569770891,0.124540771579005,0.8621546529410602
0.10256526802127106,0.26355987479550325,0.6003594345610553,0.03351542262217033,0.11725749630470302,0.13102694015873323,0.8949113530595376
0.12069114866252244,0.5279308284754056,0.025060580129426746,0.3263174427326453,0.10839155653247193,0.13493015640924325,0.8033160222813369
0.01563571496331863,0.8296864139493968,0.078750673777662,0.07592719730962258,0.08538880380429797,0.12118982993954344,0.704587207085734
0.13765825127043688,0.2853118906571365,0.4025460626238239,0.1744837954486027,0.11800366585470243,0.1288231610780845,0.9160128106402856
0.41304264924456224,0.2622373433146145,0.04603223188583189,0.2786877755549913,0.0892598569107873,0.1061279974343805,0.8410585243161414
0.07316534568383541,0.4336787123680872,0.33638895525946855,0.15676698668860872,0.11363255740608484,0.12869326420625107,0.8829720662300624
0.3139177957006293,0.3988396098491824,0.10242995469330117,0.18481263975688714,0.08652414975882795,0.10316934069567547,0.8386614586794076
0.22839553015635006,0.06074184574065263,0.15649241730895747,0.55437020679404,0.1431677437601243,0.1647740099053789,0.8688733365312773
0.43193772521564217,0.20743251871718973,0.2168333721546434,0.14379638391252475,0.08444331342021759,0.0936389219189622,0.9017971553890513
0.36788616383326234,0.12810611021955454,0.3021524926804343,0.20185523326674878,0.10201907154744898,0.10973726011524618,0.9296666550660044
0.0913344674461154,0.4371740443035371,0.32634558280878767,0.1451459054415598,0.11040989095980003,0.12552067482486912,0.8796151798406742
0.3839320911516451,0.04762362978372691,0.14917691024365964,0.4192673688209682,0.11724230620863638,0.13296086668061216,0.881780550440201
0.2322940344628485,0.053750678927745876,0.7052404802930337,0.008714806316371879,0.1159374615214286,0.12926323485537775,0.8969097953578349
0.2966067754875876,0.025688896030072125,0.6546391176339612,0.023065210848379022,0.11053926804662678,0.12214721966417841,0.9049675330354175
0.2264749760141549,0.02642912671607847,0.6627203976589624,0.08437549961080422,0.12266269796141378,0.13254141017952842,0.9254669751533967
0.27529239510615244,0.2296018308121835,0.15704537116847653,0.33806040291318745,0.11274686231688487,0.12780771575272723,0.8821600609388797
0.08314257781206925,0.3079146613127984,0.006858685419341386,0.602084075455791,0.1446624957521967,0.17733408522163444,0.8157624946800026
0.28040602530164205,0.0998679156842326,0.19868039652621317,0.42104566248791225,0.12661006658044355,0.14176454740928782,0.8931010530785822
0.15808416790129184,0.33105555004186865,0.3609069906315849,0.14995329142525465,0.11046227874074531,0.12222790985409003,0.9037402249012523
0.5418595903625397,0.23135435925135978,0.03958719028407018,0.1871988601020304,0.0704098475178626,0.08498847030929464,0.8284635228946147
0.0780108317619164,0.5231970100597928,0.06073509252767124,0.33805706565061955,0.11490568434869843,0.14059696223328394,0.817270035735498
0.3810592879279791,0.022442993681712743,0.15916893351973443,0.4373287848705737,0.12053329231835438,0.1365166810625722,0.8829198848095944
0.27473558154032807,0.2620468213814688,0.3535639495207549,0.10965364755744811,0.09880331106711224,0.108637101001565,0.909480372324082
0.028689804297737993,0.49499275591026587,0.3825065924811011,0.09381084731089488,0.11136144733401751,0.12873516918996436,0.8650429252140895
0.039532749296828575,0.16426570307459812,0.5313432309566963,0.26485831667187687,0.14496240217903827,0.15500081761263948,0.9352363710836153
0.16231657311620537,0.22114090379042423,0.36582224455264406,0.25072027854072637,0.12374358711869568,0.13400661408306797,0.9234140267284834
0.06206635368345559,0.06150780487534108,0.2074374753935678,0.6689883660476356,0.17046016793350527,0.19631912083900957,0.8682810273650838
0.04770022949952575,0.2959489049040737,0.6531809056964397,0.0031699598999609052,0.12028155576773382,0.13667483577045286,0.8800563402157529
0.07852208754944946,0.19290937799565447,0.3253584203180174,0.4032101141368786,0.14451988408576313,0.15881206985742038,0.9100056703216033
0.21480988412646412,0.04539680901771225,0.219548792895388,0.5202445139604357,0.1444551960401645,0.16274866648515618,0.8875968028490102
0.1242677075850248,0.2015291939228941,0.665955772659459,0.008247325832622181,0.11813522879174637,0.132627532194948,0.8907292990877677
0.6312579286725122,0.007513162279947032,0.34024567922784865,0.020983229819691966,0.06838457778116223,0.07755252200645343,0.881784060813286
0.09712385860274575,0.17725633892435358,0.6601252732963526,0.06549452917654805,0.12646811772652217,0.13878669871473837,0.911240910675916
0.6316249878272833,0.35404746069927945,0.012875326030049435,0.0014522254433878322,0.039637565998680215,0.06157753183946584,0.6437017661249615
0.02213976597982024,0.12709315301143553,0.8044496938516504,0.046317387157093624,0.13927024753956319,0.1542527137923431,0.9028706472357466
0.2778024607344358,0.01667242905928696,0.3103520775889654,0.3951730326173119,0.132310537410646,0.14366283986325734,0.9209795486194147
0.3576916683758022,0.3631437829162585,0.2654841061869765,0.013680442520962885,0.07513260260389318,0.08933220565101693,0.8410472131115223
0.2079713696731587,0.11011661908796751,0.11822521549466525,0.5636867957442087,0.14233873220266244,0.1660863596239321,0.8570163890939557
0.46064060702535026,0.24995016663571715,0.05377010743392048,0.23563911890501216,0.08190266370109771,0.09713114699843045,0.8432173018858841
0.09127119019482846,0.4714034377473719,0.06143109126943471,0.37589428078836495,0.11921718429430081,0.14445556861126024,0.8252861792758046
0.22884959911525957,0.045498508447468215,0.6645279984026692,0.0611238940346032,0.11966586614094898,0.13033119236965643,0.9181675082166245
0.7788326666323075,0.12008860937117678,0.06472683607902466,0.03635188791749114,0.040962258983980454,0.056580627116964786,0.7239626188536639
0.15274271673422135,0.29128250162423724,0.37191425207680945,0.18406052956473204,0.11604387317284887,0.12699975856033077,0.9137330219232082
0.4055225604179732,0.18573601593806335,0.021359995618448126,0.38738142802551534,0.1017922572718942,0.12207767862035877,0.8338318554405932
0.08703720224959784,0.732769180375814,0.06686129520830224,0.11333232216628597,0.08573024538580147,0.11658364283100205,0.735353976801658
0.26639855439178245,0.017125653594649255,0.6122058210846008,0.1042699709289677,0.11921163418794474,0.12777241908989545,0.9329997431141404
0.6921327294196242,0.1620506238780248,0.0679958603166985,0.07782078638565246,0.05094973458448949,0.06425925358296239,0.7928777840332436
0.09398818111219573,0.0900011563359698,0.25155442793996813,0.5644562346118662,0.15880425567913029,0.17903705975911535,0.8869909721081926
0.3098036862549623,0.2881082108880687,0.1463290259191434,0.2557590769378256,0.09946481776270069,0.11350133951896846,0.876331664315539
0.5791969076967342,0.038842154408217096,0.1944003570342135,0.1875605808608352,0.08097505868980895,0.08903885186797804,0.9094351172662734
0.036635956233751855,0.21803961634558122,0.028273314337130425,0.7170511130835365,0.1636467120361426,0.1997262000687508,0.8193552572462264
0.31660230829317537,0.02215211506200284,0.01771855642840804,0.6435270202164138,0.13924588172774768,0.16981143019838454,0.8200029972368277
0.1079443526307536,0.24242527845967063,0.21152120436211963,0.4381091645474562,0.1384786701086012,0.15663634669250573,0.8840775020145866
0.2280047998625461,0.5033907407110036,0.04146635189888546,0.2271381075275647,0.09144502213736694,0.11406360861339432,0.8017019910996283
0.0737118564914971,0.12260564839115634,0.7108646202148894,0.0928178749024572,0.13524990052993574,0.1470777310820102,0.9195810918141014
0.5792978506466506,0.314539942326668,0.09651404888916343,0.009648158137517817,0.05001049193667785,0.06649491328710204,0.7520950019251825
0.5641688048777228,0.034589811852971705,0.07098482975424103,0.33025655351506444,0.09040369809341152,0.10542418581270284,0.8575233225326796
0.22836400753015695,0.37420544064921574,0.3826559529918142,0.014774598828812876,0.09111497371058296,0.10565726370089598,0.8623635566459431
0.29979711292196554,0.5510720549173311,0.09300970595093626,0.05612112620976699,0.06974666723724632,0.09242294062227624,0.7546467009992065
0.3882130370127385,0.09166341985103843,0.16642414249844675,0.35369940063777644,0.10988420163214976,0.1230742804388053,0.8928283085659486
0.09516995895620063,0.4254674126226218,0.25259353383284866,0.2267690945883289,0.11492896705530062,0.13093163193015517,0.8777784662197513
0.7421312933155755,0.006144362666466523,0.15691909069711088,0.09480525332084713,0.05777164552170023,0.06776519499820602,0.8525268100125684
0.2048174207878991,0.2631359341124232,0.16044522311954715,0.3716014219801306,0.1209029316675858,0.13785205381158755,0.877048461191827
0.19226244088868122,0.30556169290120566,0.3545271354092676,0.1476487308008454,0.10794338379241725,0.1189519891556859,0.9074533730675117
0.24665796701534407,0.29893038573293906,0.3960219312325189,0.058389716019198,0.09693951923033005,0.10845165221318764,0.8938500912809724
0.33267042481158865,0.46009398021753806,0.01598331187584762,0.19125228309502537,0.07950794051184165,0.10088334715090014,0.7881175908340412
0.21694993554605219,0.06792078782050813,0.4195537686210501,0.29557550801238974,0.13114162075399208,0.1395512616855807,0.9397379799364611
0.03843150312850989,0.1208722723683925,0.679093826023274,0.16160239847982377,0.1434142427278135,0.15388296230572482,0.9319695993562125
0.3100746351349955,0.539467017029233,0.12929240317881785,0.021165944656953668,0.06759123330295963,0.08975624211640686,0.7530532886537191
0.10742207102781522,0.28723283868808414,0.2540878715400251,0.3512572187440754,0.13061936460854104,0.1459377341492997,0.8950348953267466
0.19491036763602199,0.22471421902426839,0.15759552676622035,0.42277988657348925,0.12782350901405012,0.14604392223380533,0.8752401815764322
0.48972091386273703,0.1767931331196704,0.26370331153541277,0.06978264148217991,0.07568196262237957,0.08434580089082935,0.8972819253958643
0.038604320838953605,0.2252732995942002,0.6932942608767546,0.042828118690091635,0.1291009802579046,0.14354538539851183,0.8993739499148191
0.21222927956820878,0.4835795385356922,0.27823203080704273,0.025959151089056158,0.08502178812773027,0.10288496639937783,0.8263771773778256
0.7261604750887851,0.13580196467815805,0.05105263255919271,0.08698492767386433,0.04908422744789854,0.06301857137403993,0.7788851187464153
0.008962570227969124,0.24489427707987124,0.5006459088560301,0.24549724383612956,0.1415181858957808,0.15282533789375616,0.9260125830322975
0.3433992064921548,0.15621121834864846,0.33689247566515856,0.1634970994940381,0.10103606066282989,0.10871075657994379,0.9294026078139739
0.12983499991057385,0.24412759385291308,0.5577115678719275,0.06832583836458558,0.11700753442162164,0.12887244386556745,0.9079329212044537
0.666602932308873,0.021679614832958556,0.1757873664660566,0.13593008639211188,0.06840375393281543,0.07689454582635646,0.8895787496721164
0.11652491609676305,0.2494211890126272,0.06668877113142642,0.5673651237591834,0.1432663219743698,0.17102250979262418,0.8377044761422895
0.20451828913982426,0.37654570919013475,0.2290860831273587,0.18984991854268254,0.10278146160374622,0.11673204013623671,0.8804905789686455
0.10328141016903031,0.004375904383955625,0.7053284351898399,0.18701425025717397,0.14557405684016828,0.15472720044994273,0.9408433450410959
0.31248498338081176,0.4578585924341435,0.17540315824463942,0.05425326594040532,0.07546092806278326,0.09275384923856281,0.81356114794436
0.14818807793139355,0.023289038797677953,0.5538482490304392,0.27467463424048927,0.14260615847712907,0.1506119582714936,0.9468448595566811
0.3938311178497461,0.34731875999512896,0.005884084333823868,0.25296603782130095,0.08366475577098773,0.10327466729504992,0.8101188603393146
0.07418944728958383,0.03884513963753739,0.5776213827642777,0.3093440303086011,0.15271496219678116,0.16172360351046017,0.9442960636658313
0.24928500638452197,0.5175059781677477,0.08705120636102036,0.14615780908670992,0.08350036137092781,0.1043503510882089,0.8001924334719651
0.0022853105747052305,0.16896536080911162,0.8196129330416039,0.009136395574579346,0.13664250053928836,0.15384758184151026,0.8881680095567175
0.22117940867896185,0.20950564789787324,0.02053799012498788,0.548776953298177,0.13192507270481396,0.15971304039440587,0.826013156965953
0.26792989878639717,0.4423988424864301,0.03067786688951481,0.2589933918376579,0.09272687535073686,0.11431834196384712,0.8111285884470009
0.0825055986229579,0.5978145595416665,0.1304411890608985,0.18923865277447705,0.100911040054406,0.12443200843632987,0.8109733285068751
0.09510375812769983,0.18779782278311274,0.4068251546329416,0.310273264456246,0.1381263488435623,0.1490601526553429,0.9266483790804795
0.006457042909586515,0.01652771747892362,0.2823418508550166,0.6946733887564731,0.1825720364612635,0.20746648710082863,0.8800073641413398
0.15234665230363448,0.032710037513955834,0.2647881064723364,0.5501552037100733,0.15508589238491474,0.1736610507356964,0.8930378557996166
0.20548072306110315,0.3256215234846308,0.29502502091134525,0.17387273254292088,0.10593142075043219,0.11773426707277794,0.8997501185016104
0.40691721779186746,0.34200527995011337,0.19384888692472557,0.05722861533329359,0.07260177005771284,0.08579199059174532,0.8462534737444173
0.10651508844365291,0.6855042818460199,0.12271345391749663,0.08526717579283052,0.08557605474428505,0.11304661030089844,0.7569979720445005
0.3332241310864709,0.11089863224928484,0.30679745616460496,0.2490797804996393,0.11026296140379796,0.11854929328869838,0.9301022245259527
0.2199454586893741,0.06888344543253123,0.16167529540552147,0.5494958004725732,0.14337120475940754,0.16469586466776223,0.8705209754272063
0.31208525914837726,0.2806770255489433,0.13909996743476566,0.2681377478679139,0.1003816416601912,0.11472741398918303,0.8749577644071678
0.5097699701926875,0.12486031425766288,0.24653813922361498,0.11883157632603454,0.07968265755063932,0.08729000675112418,0.9128497123138681
0.727664249471604,0.06713731258967838,0.06166271165841537,0.14353572628030223,0.05720944887553232,0.06981326505968978,0.8194638773393381
0.1738353640575879,0.06424699367928564,0.47925475432117304,0.28266288794195327,0.13639478757526838,0.14462544300170876,0.9430898515806576
0.5175525359279367,0.34546712012619235,0.07258721357297684,0.06439313037289417,0.05830045723791756,0.07441772125957459,0.7834216938000721
0.020111361700926547,0.2769488915178004,0.5923173642482058,0.11062238253306722,0.13076073078410888,0.14341359241522691,0.9117736232805321
0.17372986732340848,0.0022989577981564206,0.8122961244593566,0.011675050419078471,0.1278149531450583,0.14289751554859528,0.8944518920036238
0.6541687780859045,0.02358169731251159,0.14870501174688583,0.17354451285469796,0.07174874870656638,0.08094265539406623,0.8864145654384618
0.5824861806934393,0.036647405704301375,0.24741411852289044,0.13345229507936882,0.07801761880747721,0.08500895569159247,0.9177576429772949
0.05093651891810776,0.7062478404640105,0.20171028095849755,0.04110535965938417,0.08893369328649436,0.11671928258766713,0.7619451671980318
0.6511183743793567,0.22258833170000145,0.001255324072171364,0.1250379698484704,0.05379944328710702,0.07002765746520345,0.7682599309257176
0.5033024412687681,0.0007311413051133734,0.20099305924095603,0.2949733581851626,0.09926085923990922,0.10910823410092069,0.9097467304630461
0.08394599443330039,0.2262916281539083,0.5137830671193816,0.1759793102934098,0.12978265598602878,0.14003383377317888,0.9267949929603831
0.15916989715470703,0.0410993008565192,0.17119836375064687,0.6285324382381269,0.1574465912132729,0.18201194127203466,0.8650344044073106
0.12707543973779784,0.1588855915323454,0.6269353127939802,0.08710365593587663,0.1251245283082925,0.13609151931902494,0.9194145890529468
0.015132788430165292,0.7049986157855839,0.23191145965785098,0.047957136126399874,0.0940307050475518,0.1212612754004424,0.7754388590836868
0.037244214726847406,0.2834733630184825,0.6661089571598016,0.013173465094868622,0.12313905629877468,0.13916539098041628,0.8848396532447003
0.05385566214996399,0.08258270898247747,0.12570731039515418,0.7378543184724042,0.17328486312552668,0.20522115615200887,0.8443810880646889
0.005959425441859466,0.20128346533276917,0.2656769188777827,0.5270801903475888,0.1594766069833162,0.17970198585201577,0.8874504431723135
0.0095075927183452,0.2100789701596928,0.712570052072089,0.06784338504987301,0.13534986458633336,0.14928929079252817,0.9066280901182199
0.40527583335004985,0.3305852626915731,0.06734584812224712,0.1967930558361301,0.0807069734409742,0.09653263771641886,0.8360589262883787
0.3892995657892257,0.14186521101405775,0.09182351310779806,0.3770117100889184,0.10689242507072194,0.12364376766662125,0.8645193129259399
0.1252941679369387,0.5197458454880761,0.2116473501719675,0.14331263640301753,0.09929772234930273,0.11803839249433262,0.8412324181225216
0.4657022044284773,0.31896959178449985,0.20542461864381573,0.00990358514320694,0.0644363253386983,0.07817754119254783,0.8242306467530678
0.0799251661695328,0.004705404764798324,0.06441295159602133,0.8509564774696475,0.18178111989025925,0.2210856064406867,0.8222205091358032
0.29938052047924724,0.291012065332457,0.0484647985242605,0.3611426156640353,0.10585669789430308,0.1260273058942357,0.8399504944042829
0.45284639357625683,0.017698771676003006,0.10338142590210267,0.42607340884563755,0.11101773754328827,0.12825617553024887,0.8655937001419868
0.10229497285773204,0.0684609304915899,0.825799609041857,0.0034444876088210482,0.1313970034696087,0.1476442173235862,0.8899569915537626
0.007019583507536992,0.3881096924259172,0.06958365825421613,0.5352870658123297,0.1448030320405633,0.17406200017750278,0.8319049068314616
0.46783944361960433,0.3495799275780737,0.13016504885626648,0.05241557994605551,0.06383525712050832,0.07856900458171973,0.8124737924369805
0.04261146971120258,0.787543201300371,0.057679735954774033,0.11216559303365237,0.0870653324851966,0.12086961324083681,0.7203244070262388
0.3928459957420124,0.020212105071662125,0.552549657229044,0.03439224195728143,0.09903266424566949,0.10859868930859158,0.9119139915608052
0.032903915868963865,0.01325800280244685,0.37629987360194417,0.5775382077266451,0.1735387610991712,0.19139789013233804,0.9066910872381169
0.336248693520993,0.30043085567656164,0.07446376664280087,0.2888566841596446,0.09669603559612823,0.11378091384551746,0.8498440760232802
0.2013578204886716,0.2433431403174427,0.2729595211779485,0.28233951801593715,0.11847300801187413,0.13039359917148574,0.9085799361674619
0.004628631894281599,0.27764883367579274,0.23088186169288424,0.4868406727370415,0.15152840479653207,0.1722178358564587,0.8798647599011116
0.04953485537367177,0.44128670691047484,0.2515490047089851,0.2576294330068682,0.12113900389892808,0.13834950874386212,0.8756012579936422
0.06710090856605999,0.5952950404992725,0.2925900374939701,0.04501401344069744,0.09590397931850529,0.11782122333708041,0.813978811305744
0.6134327131273957,0.07678403788585392,0.04202363085743904,0.26775961812931137,0.07749900516903582,0.09210629984442595,0.8414082999744548
0.4050500070874827,0.33537653342207446,0.01562434633531724,0.2439491131551257,0.0827108320626176,0.10142357818411674,0.8154990540017291
0.4690418233735823,0.14741769074178074,0.3136453666330216,0.06989511925161526,0.0807259036646726,0.08875354754575063,0.9095512900265768
0.04186986701639257,0.6053645485094133,0.15267436415414753,0.20009122032004642,0.10613231442311821,0.12971212696293136,0.8182142788657556
0.24701779848211683,0.4744326475030372,0.23969902281276023,0.03885053120208574,0.08187560095718613,0.09933181055901175,0.8242636522621813
0.44215281880959095,0.04151160118377115,0.08523908786275586,0.43109649214388207,0.1107540300672456,0.12896351522599725,0.8588012654056372
0.25375373828959663,0.20189080376267837,0.5029506527225631,0.04140480522516192,0.10293098998259627,0.11370323504402766,0.9052599949573976
0.10252476661126246,0.0965925021531744,0.5360137967497328,0.2648689344858303,0.14218782689257345,0.1509879243971685,0.9417165475998817
0.2061589525005202,0.1563004648678919,0.4328510547684499,0.2046895278631379,0.1209297753786579,0.12924976207078662,0.9356286111569623
0.27471354908091283,0.06640171429760314,0.5277460833273991,0.13113865329408494,0.11553203414037734,0.12309469313460518,0.938562266157502
0.030183248704012663,0.49588795801998226,0.20927154849903093,0.2646572447769741,0.11963800326572847,0.139364317031593,0.8584550609077882
0.02533665725109611,0.1180871996719138,0.18076858642780438,0.6758075566491857,0.1710496364160637,0.19869571629137572,0.8608622249572272
0.3179426113161239,0.0020829617131847664,0.11308519397627712,0.5668892329944142,0.13684528524156983,0.15988381788966458,0.855904537731307
0.7411682111700112,0.05522146967486365,0.08191674468491175,0.1216935744702134,0.055315093697420124,0.06731467299697122,0.821739024118991
0.13299865163943925,0.3527207742682941,0.46957179545365785,0.04470877863860883,0.10672795227733982,0.12065662189802452,0.8845594265646124
0.4627115933167552,0.06491103017168165,0.10243904073936098,0.36993833577220214,0.1031515272436974,0.11851676392180137,0.8703538961944479
0.14430090400608242,0.035731930961906536,0.29385530286365386,0.5261118621683571,0.15468792111067461,0.17172140736602673,0.900807438533013
0.4879175144425638,0.14113629370407166,0.28813225519971125,0.08281393665365315,0.07942051645882361,0.08724135782007783,0.9103539702192219
0.06499685123809933,0.09633019189864088,0.7057157709586941,0.13295718590456573,0.14049185328238412,0.15124196196340126,0.9289211238636369
0.14839880482620268,0.12894383224107028,0.23166963840844962,0.4909877245242774,0.1449420350195219,0.1628329945429559,0.8901269391154364
0.10075107105686602,0.31230556059518133,0.09605767451587072,0.4908856938320819,0.136462200606597,0.16108656445561373,0.8471358307737589
0.13231348268148216,0.12868100858353532,0.6633670447029847,0.07563846403199782,0.12628668976632437,0.137624308631968,0.9176190676026394
0.07975850599343738,0.19273259354521063,0.07487597618421675,0.6526329242771353,0.15684443295109307,0.18757213940965775,0.8361819268294672
0.22734692670565285,0.18790990051383188,0.2162872500154329,0.3684559227650825,0.12383490362541273,0.13805504160960144,0.8969966049888921
0.05675224462646149,0.221715241128511,0.40074032684212474,0.3207921874029029,0.1409245982784243,0.15290003222893475,0.9216780155246806
0.24907186712976198,0.0838987323931947,0.11295696307303817,0.554072437404005,0.1386123805518756,0.16175166214882666,0.8569456332655132
0.27838469325149673,0.11892552713146401,0.00959899698368139,0.5930907826333579,0.1339504868384562,0.1631364026541256,0.8210950141057846
0.11076053355801271,0.3991596858570685,0.20978909988757394,0.28029068069734486,0.11768288980376011,0.13451452871524486,0.874871219694671
0.0229347765383115,0.09453727069139031,0.7110091396077616,0.17151881316253662,0.1480314380528351,0.15858063107640766,0.9334774180682274
0.25366715197398293,0.3851326022509401,0.18934690113615493,0.171853344638922,0.09480532929525311,0.10922355123312477,0.8679934705007195
0.005939746552895508,0.4739007922292136,0.36662464892646424,0.15353481229142674,0.11899251018435784,0.13551161584091237,0.878098231254599
0.5551626917283987,0.28714124641329547,0.06932436482286747,0.08837169703543844,0.059276135214016465,0.07373016689113829,0.8039604101471379
0.5160020836756716,0.19594044297336974,0.0690658521618807,0.218991621189078,0.07819407474374702,0.09162046399332345,0.8534564368659514
0.1518195164957531,0.3231031496781382,0.2298264151080135,0.29525091871809533,0.11917775681720583,0.133937490712004,0.8898013258547978
0.0011818676821597751,0.8863131805762131,0.009788185176396538,0.1027167665652306,0.08407714108348371,0.12457901374448682,0.6748900842635264
0.10055856144561767,0.16445125387555182,0.39994998251724634,0.3350402021615841,0.14052329681010475,0.15165166686675455,0.9266188741174372
0.39819668883974774,0.06703190313917494,0.4144740538308141,0.12029735419026313,0.09888674590921194,0.10554916276079472,0.9368785438243431
0.1934461847035747,0.3548315328254357,0.3359432656629998,0.11577901680798972,0.10225442420289992,0.11460019500922386,0.8922709441695953
0.08598784524769355,0.6769942668215094,0.023505314090481955,0.21351257384031508,0.09533766746409485,0.1252607773988844,0.7611134901430362
0.5563037163358279,0.06955487576651992,0.306420344789477,0.06772106310817505,0.07550217997042952,0.08297188601675524,0.9099730474390169
0.6907359896091917,0.03318540160612108,0.11708848284199042,0.15899012594269682,0.06549899551945024,0.07574856298506052,0.8646896117668694
0.34952994290497374,0.21911256911557278,0.3922467890537941,0.03911069892565947,0.08898763683939058,0.09905142613554818,0.8983983402481689
0.27162722006935003,0.4186031159820705,0.24419098779777076,0.06557867615080866,0.08447914591995928,0.09943992819139057,0.8495495467108898
0.12890303712686965,0.179518198210582,0.07235334748801191,0.6192254171745364,0.1498424201753872,0.17876293074195582,0.8382186371272053
0.1642711712327036,0.1645001331684391,0.19941071216454637,0.4718179834343109,0.13907563625798897,0.15735540452751115,0.8838313286765677
0.03304468733713769,0.24640527937906562,0.11973124932693474,0.6008187839568621,0.15603270749368997,0.18377102464195436,0.8490604424592635
0.6768025911380419,0.10799813487913361,0.1998774714442069,0.015321802538617642,0.054141902488654754,0.06524863227483692,0.8297783509177791
0.24001638665988112,0.13988361117702522,0.3667941554283621,0.25330584673473155,0.12027247317679,0.12891901523677324,0.9329304366458047
0.3451643529307877,0.11837536385116042,0.13625124119711274,0.40020904202093927,0.11566905711195176,0.13172272715076086,0.878125283418744
0.17846140089749932,0.30498580696301286,0.07810936614449648,0.4384434259949914,0.12432332462603365,0.1469946136776601,0.8457678925478073
0.24737804720194115,0.2569735154507369,0.2701904602757151,0.22545797707160703,0.10855587148126908,0.11946057240063476,0.9087171549555731
0.018886112056664354,0.08547558684933593,0.4877510398553794,0.4078872612386203,0.16110112154661776,0.17295168954556397,0.9314804727835619
0.2742729686717294,0.4679909983005483,0.13375450493836755,0.12398152808935489,0.08310431061309909,0.1009491630343233,0.8232293177591095
0.24549325656356005,0.023809656858321634,0.26057379413189213,0.4701232924462261,0.13968726872038276,0.15475758042491866,0.9026198803111468
0.06920843935608956,0.4687774491036312,0.2109720755847601,0.25104203595551927,0.11605280875319385,0.13446898588298906,0.863045169792383
0.23224301675644274,0.4215510585440202,0.15307492652373783,0.19313099817579926,0.0957408730469308,0.11220825536172119,0.8532426846696336
0.08927618545818557,0.23513021217999214,0.08841463287830857,0.5871789694835138,0.14894262739021222,0.1767102676601676,0.8428634587133587
0.24064368216019547,0.23695154857871462,0.45211844737498824,0.07028632188610166,0.1032745135271825,0.11357506802644,0.909306200046831
0.050793343458435905,0.6035566862122649,0.17977459982940724,0.16587537049989196,0.10340609897841675,0.12612317319540775,0.8198818374019617
0.0036855816876483014,0.11048083107488699,0.5138277268769003,0.37200586036056454,0.159282700912643,0.170570766615984,0.933821803540612
0.19372651041508512,0.40032920561175267,0.17683524977977422,0.22910903419338802,0.10424466890676813,0.12030770429580341,0.8664837344951682
0.20278823249383393,0.11504035838118136,0.3680766409230996,0.31409476820188503,0.13013903951540132,0.13982361017448255,0.930737229234776
0.5876058654746087,0.02222989588998016,0.11430674674222047,0.2758574918931906,0.08562572041176197,0.09747011017974194,0.8784818264169595
0.18050994832811323,0.6578833345827422,0.12062286738894801,0.040983849700196535,0.07595223243573572,0.10295073590861768,0.7377531764625104
0.6729488133668713,0.022127361745813156,0.17452500480557429,0.13039882008174128,0.06726640632672874,0.07584185755884874,0.8869298365290438
0.19404529411685448,0.2737688719059267,0.13505298627840998,0.3971328476988089,0.12272924439727524,0.1414743489251398,0.8675017438123472
0.026427348454290872,0.21887695121498082,0.48837283068412096,0.26632286964660734,0.14237043208607408,0.15331499162173837,0.9286138986155581
0.11860439485629998,0.17470951798688306,0.3856747252862369,0.32101136187058005,0.13665523532325935,0.14761434635513174,0.9257584963624953
0.2852872037421666,0.25833496158976077,0.24433513677089938,0.2120426978971732,0.10284800148119613,0.11372743670242683,0.9043376379817893
0.2037245087395294,0.4312811977464139,0.05089678040212712,0.3140975131119296,0.10471819369974457,0.12689226136066126,0.8252527977423924
0.004601958809917496,0.9267727821491819,0.032231370759332696,0.036393888281567865,0.07707961719685456,0.12043174925569695,0.6400273820917565
0.7609210394743041,0.2224986035012688,0.016485249280834825,9.510774359207128e-05,0.03328513197541853,0.05415608621091355,0.6146147977863087
0.1068469858395579,0.558512952433592,0.04110177330219077,0.29353828842465923,0.10610577006740306,0.1323113493412756,0.8019400497059438
0.23485149699186317,0.029621123264749957,0.04644379589100366,0.6890835838523832,0.15155379472249697,0.18326268489402425,0.8269757414616966
0.3093841695023638,0.1852275011330318,0.477435866071162,0.027952463293442295,0.09635948103872226,0.10689325383893253,0.90145521422631
0.41478996920378663,0.36631626290938224,0.12141902523554574,0.09747474265128526,0.0716457401033214,0.0864133292489539,0.8291051939095233
0.1340565297497615,0.23640538309562514,0.261497363966962,0.3680407231876514,0.13206225664426358,0.1466581313271943,0.9004768808190572
0.09902371915151058,0.1363107790931764,0.6654256797407508,0.0992398220145622,0.13118404528357763,0.1422601177198413,0.9221421111286002
0.009250571836273987,0.24448148848734433,0.37179529919556015,0.3744726404808216,0.14796253860633793,0.1621525325462775,0.912489840786854
0.2790617826268144,0.2516746893595977,0.14701738090832442,0.3222461471052634,0.10970030046500948,0.1248987683761744,0.8783137087037587
0.10690027447975183,0.16680388420417977,0.5009737069801766,0.2253221343358919,0.1340247602980925,0.1432798023219798,0.9354058152377313
0.07122815983187837,0.038920056247512456,0.6449879110916743,0.24486387282893482,0.14986992836350155,0.15871957472938075,0.9442435100965462
0.16636606107745525,0.0810567601491275,0.0813010230549568,0.6712761557184606,0.15545167903392368,0.18540941847472714,0.8384238530747188
0.7792857765812143,0.020753766813724428,0.059411746215704414,0.1405487103893568,0.05405998321881202,0.06736400247766638,0.8025055108139525
0.18612639877882192,0.08597324216967565,0.48481777921628394,0.24308257983521847,0.13107983777694002,0.1389937268167831,0.943062976861719
0.556568376185055,0.1118486126593873,0.19125085057806643,0.14033216057749134,0.07571483011206645,0.08398030996531271,0.9015783597767115
0.16250592005315367,0.044170985301156256,0.27039463352749926,0.5229284611181908,0.15148697462490707,0.1688799051315118,0.8970100646784451
0.05014766274848945,0.0031628068410943107,0.3859255976513543,0.5607639327590619,0.17126597593336193,0.188162823444673,0.9102009249118257
0.3833599054739032,0.1578803733050794,0.18402002873118428,0.27473969248983304,0.10126976704847787,0.11243407089332128,0.9007035522583166
0.12258858925949444,0.8318477097944909,0.016249922752930124,0.02931377819308464,0.0689813555223607,0.10816908975500276,0.6377178145679122
0.23227141223913952,0.0964307340927665,0.5384759274027412,0.13282192626535275,0.11873135399475818,0.126810204686731,0.9362917936144759
0.14738392586918336,0.11382181269538129,0.6236956595121592,0.1150986019232761,0.12748927471753946,0.13725100432525394,0.9288768074543091
0.16271147714492631,0.32857612721225066,0.3709241962477022,0.13778819939512094,0.1094508277639356,0.12112813578013269,0.9035954120734317
0.02840266374652482,0.2716908768979648,0.32711032848779736,0.37279613086771296,0.14321219010450023,0.1582372719072998,0.905047138251968
0.045816387544385946,0.7060966064084434,0.23234847238002662,0.01573853366714396,0.08834306778991154,0.1163584459740348,0.7592321042997183
0.035711199013038895,0.2521017898748074,0.675621309879598,0.036565701232555606,0.12701768599994812,0.14184629898013068,0.8954599937622645
0.26531998368846954,0.1760084273920646,0.27443764524997155,0.2842339436694944,0.11563942511260852,0.1261537749274429,0.9166544970938707
0.2555866767232483,0.17434626402147707,0.38575616852688466,0.18431089072838983,0.11204157544067903,0.1202936331660992,0.9314007108420619
0.25420317612371784,0.22390358732606963,0.41783986932232625,0.10405336722788634,0.10424396847922544,0.11356551653385685,0.9179192034771188
0.5840137395028951,0.21894016248920808,0.024352741402171002,0.1726933566057257,0.06519766869577326,0.08012131448090157,0.8137368828529936
0.5604559550783427,0.0557496555829871,0.23827985654174186,0.14551453279692833,0.0799564800330229,0.08709245175367515,0.9180644065362286
0.07833814134096316,0.11481447748292987,0.5328165057777043,0.27403087539840265,0.14433242719696054,0.15357698869307812,0.939805034759519
0.11629162811279294,0.07690363340958474,0.6011938496908874,0.20561088878673484,0.13901034211190685,0.14758050256226876,0.9419289113292869
0.3488675291953958,0.16042511580960636,0.08622265636204479,0.40448469863295294,0.11203744687147768,0.13031402367115313,0.8597497315730476
0.11620377869064177,0.1661581087612057,0.30391827258813403,0.41371983996001854,0.14228685206732106,0.156627557017452,0.9084407289291178
0.30597760410112274,0.23433440662054172,0.3819791663097853,0.07770882296855028,0.09536160008563822,0.10493857344583922,0.9087373398958596
0.15766897905122604,0.5314532848166658,0.15664277757083267,0.1542349585612755,0.09469851786607114,0.11470029794547644,0.8256170172381481
0.4409186591931525,0.3507979980801056,0.08263063991744311,0.12565270280929874,0.07089936959894666,0.08617592586994725,0.8227282606275067
0.5274167248475302,0.029842281811014927,0.3859781940599988,0.056762799281456076,0.08188658318901268,0.08941392402860236,0.9158146684493818
0.7051341016480618,0.23134543602053143,0.06334568600708752,0.00017477632431920823,0.039833670720325405,0.05750185518425999,0.6927371402658518
0.016210995289667633,0.19814773491363008,0.7675920960191267,0.018049173777575613,0.1329432105081316,0.14916460708292448,0.8912517058032742
0.2503990674116531,0.41890229788408,0.08031144482217357,0.25038718988209346,0.0964552968998634,0.11560233178466733,0.8343715512549595
0.016633637530029024,0.13170796299385001,0.28975606172909923,0.5619023377470217,0.1653961069689393,0.18551247659706077,0.8915632522559931
0.29672593384163626,0.4168629151727479,0.11399611128502543,0.17241503970059038,0.08669734737179698,0.10349208607763127,0.8377195847300222
0.5683661413481887,0.11221319565188666,0.07538382957895982,0.24403683342096488,0.07933718764363279,0.09216714551317876,0.8607968403696364
0.5708434928126567,0.056414574683346964,0.11537489820663624,0.2573670342973601,0.08414553167455488,0.09557798185735229,0.8803861521175447
0.16740914776664356,0.22039709067208277,0.29135259813319364,0.32084116342808006,0.12664710170797372,0.139017371485544,0.9110163741021631
0.2367198271923062,0.21239938880348525,0.09656984861542858,0.4543109353887801,0.1249500181301604,0.14586560849556746,0.8566105432176452
0.1558973114668056,0.07371257091509596,0.26769288164948246,0.502697235968616,0.14897120563453842,0.16590958905718162,0.8979059407060234
0.19068433032964482,0.5456589578217036,0.24357564485377112,0.020081066994880416,0.0825623737811539,0.10322757416934675,0.7998092994581932
0.08917042837210346,0.3753900278436902,0.45054005142440423,0.0848994923598023,0.11262161670212148,0.12643751640257242,0.8907294283093823
0.394339485677217,0.2222867898097029,0.3679413057765806,0.015432418736499797,0.08172454461401059,0.09243443234828431,0.8841353004265784
0.12443361541294323,0.1716523073801574,0.2706338780118966,0.43328019919500266,0.1417554553656549,0.1573559202636048,0.9008587355860791
0.137083637421187,0.13416010079281546,0.03358858338271355,0.695167678403284,0.15620470299198466,0.18975103505076288,0.823208700549097
0.12541458921201182,0.2401757555796933,0.5934678244705731,0.04094183073772168,0.11652913449294908,0.12946988161041026,0.9000482045978742
0.2279315716178058,0.13555344328528915,0.4570522782409527,0.17946270685595234,0.11849775556965972,0.12637041552913947,0.9377017166041968
0.1325921976062934,0.004090592873870649,0.8283454549050969,0.034971754614738955,0.13418435461200914,0.14870414081732525,0.9023578891246018
0.20324770386657864,0.07712791007774267,0.6850064467749335,0.034617939280745316,0.11913846265516265,0.1313118959929234,0.9072937509148692
0.3725797399224676,0.5686338867524355,0.043438961169370204,0.015347412155726778,0.05684129347767073,0.08314706182720975,0.6836235968962345
0.34138138422628556,0.09822924832346155,0.12591627524939386,0.43447309220085895,0.11948573479474889,0.13699653198564485,0.8721807264965596
0.4402151564375934,0.1931811544306337,0.3412293629460713,0.025374326185701637,0.07858625361794726,0.08840201176555157,0.8889645387976418
0.8165698041861313,0.04491195219783042,0.0389433941435473,0.09957484947249086,0.04523171175360102,0.060540446500255994,0.7471321136260494
0.19926194423322965,0.04851294731683034,0.6851531309511127,0.06707197749882723,0.12356851033927507,0.1344872035022003,0.9188124008932449
0.28767160442639034,0.33476705997290257,0.07625508474734077,0.30130625085336643,0.10088663916940539,0.11916120951139669,0.8466399391469461
0.33184621802680275,0.1040676021515183,0.33435952540344277,0.22972665441823625,0.110020916205306,0.11769604041835,0.9347885945375665
0.048127633046505615,0.5397665147185339,0.14098133694728282,0.2711245152876778,0.11411831229085548,0.13666204011909727,0.8350403095944159
0.24692197751531544,0.46827709379781607,0.12430236655939624,0.16049856212747243,0.08846290352555736,0.10669927037536174,0.8290863022244677
0.1734637734288003,0.24601785762098016,0.4959041599371199,0.08461420901309957,0.11199899129523251,0.12279970125616313,0.912046121851713
0.007920098036281728,0.049011948141945406,0.05107269571787562,0.8919952581038971,0.18964919430912258,0.23206373257126237,0.8172289233126289
0.08758449452606588,0.09130701897315095,0.63555237636135,0.18555611013943324,0.14058725970073102,0.1498138950460281,0.9384126863368559
0.5346873639057047,0.03909181609064616,0.122248832197847,0.3039719878058021,0.09256189679529679,0.10493376619568426,0.88209830020476
0.13006870571753673,0.29446442294252845,0.43944049571061833,0.13602637562931658,0.1163352332027838,0.12746955536229795,0.9126511257698527
0.21822143183553216,0.14109784046610313,0.44783172963661905,0.19284899806174563,0.11998583652717985,0.12799222293318913,0.9374463055447632
0.31579586303239493,0.2179990452753755,0.3015779951589453,0.1646270965332844,0.09973796901042285,0.10868701747357654,0.9176622132875315
0.1477223634867943,0.44466721201995296,0.20857194752893576,0.19903847696431698,0.10517463963333636,0.12174987304952627,0.8638583104768633
0.5350505669480022,0.19408701774733444,0.08508919953886382,0.18577321576579944,0.07420512566526292,0.08651218603380166,0.8577418866316686
0.27057471688433654,0.5951094450922613,0.1255951096596984,0.008720728363703705,0.06765256761584053,0.0926637552156255,0.7300866175606119
0.1637206190673322,0.01964656474487806,0.7809285200931028,0.03570429609468695,0.1289298091463909,0.14250338168209714,0.9047491198069477
0.019395317291614846,0.6279121205493328,0.15672155650715985,0.19597100565189263,0.10704418939073809,0.13145993960827757,0.8142723152749562
0.12308761128254848,0.5581727578838118,0.18351611439202062,0.13522351644161887,0.09610596572464467,0.11669699459893497,0.8235513352759624
0.018671114286595573,0.48257765137768355,0.04333066680966212,0.45542056752605886,0.13173757140883086,0.16094155747389563,0.818542913816392
0.007066352433640901,0.2923266200573818,0.08033279991315873,0.6202742275958185,0.15670895595882706,0.18748433384591776,0.8358509361513738
0.7294828100121913,0.0531017949863986,0.05576699001334088,0.1616484049880692,0.0590015113489067,0.07187882524440259,0.8208469065582192
0.49568537723446665,0.12704123220243826,0.1250674296885437,0.25220596087455144,0.08800790042705187,0.09952781886906865,0.8842542861592141
0.23720837944350623,0.22932146563609934,0.3699285382987885,0.16354161662160585,0.10899427425253654,0.11819902832698674,0.922124959868654
0.3725759419263913,0.14032607790537005,0.21271807252324645,0.2743799076449921,0.10405803669938912,0.11443834076389486,0.9092934763365539
0.10476073615618231,0.35982343725606136,0.49704462602112987,0.03837120056662652,0.10951378934754273,0.12410906095529582,0.8823996290407006
0.6150557876116998,0.022891350890838436,0.07876109526889448,0.28329176622856744,0.08237602785064035,0.09575235533190851,0.8603028882694165
0.2888279292644733,0.5463911250199475,0.15593254767031628,0.008848398045262919,0.06918349909628581,0.09144547629240532,0.7565546367221623
0.7253056722469268,0.1101346475658175,0.11962742907538877,0.04493225111186684,0.049146103358227444,0.06147284782920102,0.7994765997302945
0.15140881831424546,0.09218405041607207,0.4673928087593329,0.2890143225103494,0.13739284571137977,0.14613733228198453,0.9401625413981726
0.24293821187417372,0.2007130371966439,0.3973055469107573,0.1590432040184251,0.11031314968154717,0.11896233490001477,0.927294759087092
0.02485227513425633,0.21110767255493712,0.13839602835678733,0.6256440239540193,0.1611627916258527,0.18894506531920954,0.8529611046130228
0.25582570596159826,0.06241477972639633,0.4818902289040287,0.19986928540797674,0.12174294011727937,0.12882040804688202,0.9450594200336105
0.3012487762658372,0.14876439396790309,0.23221118664665202,0.31777564311960754,0.11482528972398927,0.12634145664654964,0.9088488669655141
0.24945064187486382,0.5322570809942659,0.08373398648586353,0.1345582906450067,0.08171876460897677,0.10319641143952889,0.7918760300774839
0.07787165953154115,0.21039587146531405,0.42437914967028106,0.2873533193328637,0.13741268051031771,0.1483072612004698,0.9265404768319087
0.011277171002858178,0.09560448625975095,0.49267293046577565,0.4004454122716152,0.1609078794824291,0.17270817239114353,0.9316749592949803
0.10901994327837906,0.12482433220423281,0.5157337943664018,0.2504219301509864,0.13836255730502142,0.14727128472953288,0.9395080484232039
0.17923416182767618,0.1122865877940158,0.2688153254309707,0.43966392494733736,0.1396998281862477,0.15454686995714365,0.9039317860334987
0.6509496886371554,0.2180478981481685,0.10029687028614918,0.030705542928527108,0.049467985771742704,0.06341092374152822,0.7801177281911413
0.007327533758974635,0.6213902149138201,0.27150543819565875,0.09977681313154665,0.10432504407480504,0.1268408061106293,0.8224880247435021
0.13754097810487168,0.271697537894989,0.5589337651384503,0.031827718861689,0.11197525575785201,0.12529060435630873,0.8937242846990365
0.10586947877555601,0.18575657652948818,0.5425695231492358,0.1658044215457201,0.12966666271410468,0.1393202050471318,0.9307096746680689
0.2689244201551508,0.31762331476492217,0.097293488418966,0.3161587766609609,0.10543789903168466,0.12318017779270536,0.8559648225960639
0.3892317631371662,0.060649690680804565,0.5284968896373927,0.021621656544636346,0.09562897836493582,0.10556907014819987,0.9058427646534164
0.11002329186489507,0.04089770576984289,0.019316871790181996,0.8297621305750801,0.17391326212473024,0.21416560249883176,0.8120503950940436
0.1468808926841354,0.3334185455707564,0.45462781244474076,0.0650727493003675,0.10748563777042026,0.12034015242873228,0.8931818316756355
0.20240384372729545,0.19138114031501297,0.2189556177297873,0.3872593982279043,0.12773997900164577,0.14268900587225483,0.895233506048865
0.12160275374817787,0.5053241484271795,0.2162778396071953,0.15679525821744725,0.10160547304943487,0.11982504651281667,0.8479485383597744
0.09703692949107182,0.5371882633336148,0.18200568798044278,0.18376911919487046,0.10359859405921498,0.12373999313482456,0.8372280572727694
0.6882619263027614,0.012230123932870022,0.10853432593102638,0.1909736238333422,0.06909622085767853,0.07985623125600971,0.8652577234225359
0.4547653467535219,0.43580544967486323,0.10698829875947745,0.002440904812137371,0.05613811418865996,0.07580310116744927,0.7405780677053132
0.3953770996439213,0.31872184237133644,0.032982873331952524,0.25291818465278965,0.0857491388892228,0.10362401951884835,0.8275025354872065
0.08928406432678423,0.05272862432834497,0.37076427885106866,0.4872230324938022,0.15853593331594057,0.17319857750431733,0.9153420056927934
0.3369783548767133,0.12816290850692738,0.3222942474644075,0.21256448915195186,0.10656800564307069,0.11436247504093021,0.9318441700822766
0.1848186641235236,0.3270498473308409,0.23230405538428692,0.2558274331613486,0.1126009575355421,0.126371431022562,0.8910317515945408
0.4230321398039569,0.11895925860345774,0.19110432208129993,0.26690427951128554,0.09883429511277328,0.10908783008592995,0.9060066098566648
0.4603689151248946,0.0764885662935031,0.37969380931090146,0.0834487092707007,0.08820539119381847,0.0952827679460802,0.9257223850143945
0.12331724640650776,0.17076113055627404,0.0360491309828794,0.6698724920543387,0.153801492125369,0.1864384767456249,0.8249450156965962
0.27872032529731394,0.4336891344528402,0.1272172850430136,0.1603732552068324,0.08708988971546362,0.1040390079967235,0.8370888130556411
0.1828008394115341,0.014877695982608975,0.6884297225434363,0.11389174206242056,0.13074026230101285,0.14040078460687896,0.9311932455868
0.052211912330745236,0.9009677343212453,0.030007520592332138,0.01681283275567745,0.0719756742890874,0.1147014088332059,0.6275047100227992
0.03916961327538776,0.5342707383383593,0.2237852963326347,0.2027743520536183,0.11230500880981177,0.132107028258456,0.8501062380276749
0.22533905992732894,0.03027506499098521,0.040022570843757946,0.7043633042379277,0.1535020822220648,0.18625368324949007,0.8241559551681245
0.3872164770703485,0.1513134213632007,0.44698432536076715,0.014485776205683702,0.08828107308208283,0.09844927594839845,0.8967163265716123
0.17327118397657268,0.2451090733742589,0.39727536843179373,0.1843443742173746,0.11708323892397356,0.12694198206801025,0.9223366219478535
0.3476024059752853,0.1423425008836052,0.4541308328666669,0.05592426027444261,0.09622050016624661,0.10508441749198245,0.915649555497492
0.6290671348046093,0.21878879607988777,0.036884600637926875,0.11525946847757604,0.05648114221288857,0.0709086738136831,0.7965336139454003
0.09134564041380842,0.5135747144353097,0.16511918850160173,0.22996045664928008,0.10853711242384412,0.12876143652692298,0.8429318230008243
0.6328062822761711,0.18735092580142715,0.010383617470661488,0.1694591744517404,0.06122006796257063,0.0764808866371657,0.8004623201219648
0.5202390423384649,0.13226955798818704,0.0620311070927749,0.2854602925805733,0.0860603744859733,0.100608405324378,0.8553994490669099
0.551486715127581,0.13586205615539773,0.1815184522956198,0.13113277642140164,0.07399440136205276,0.08267287881754076,0.8950263063338895
0.09085958964801508,0.2050209565793009,0.6273267294280087,0.07679272434467531,0.12562621303664773,0.13765905784201368,0.9125895164909844
0.004421793234372234,0.5946627768964597,0.0390329055540034,0.36188252431516466,0.11994627094357307,0.14959706947596565,0.801795592411947
0.24589347019969557,0.22655303467309765,0.2901457954579056,0.2374076996693013,0.11177999108365685,0.12209231256391803,0.9155366847944464
0.5523471527584596,0.09106179462779919,0.027770600163003582,0.3288204524507377,0.08735094919371322,0.10435099819950876,0.83708781612905
0.2878654362864512,0.008905474420222489,0.28574657303242706,0.41748251626089916,0.1327391811421885,0.14516016646111368,0.91443254977079
0.2760072674377152,0.38291120829802433,0.09354998568514983,0.2475315385791107,0.09586273549821063,0.11348492816726155,0.8447177704242965
0.2029617942707431,0.0056244909579493,0.26900877275450474,0.5224049420168028,0.1492852545690076,0.16625037985216382,0.8979543667915691
0.07282606624029732,0.3642568404527408,0.14781762619404612,0.41509946711291573,0.13214703750818788,0.153598216651212,0.8603422643132955
0.46751621451146713,0.3150862662642779,0.1546057440103093,0.06279177521394552,0.0671555795730643,0.08020140529601082,0.8373366941040943
0.8567005960720917,0.06523692767581968,0.07696693329083541,0.0010955429612532427,0.033464745444625174,0.05236133301686221,0.6391117933122202
0.4495014340555338,0.15362420035398416,0.20117763559182333,0.1956967299986587,0.0890597140443948,0.09810434796190035,0.9078059830638893
0.1304711079363862,0.1444720401236183,0.4106517058873522,0.31440514605264314,0.13720125006101247,0.14736285042652036,0.9310436766383344
0.016852865238098192,0.13889677733112799,0.6580713675558241,0.18617898987494988,0.1460063348263045,0.15641552647210072,0.9334516727298625
0.129692181664374,0.03935287789201133,0.5168813410074765,0.3140735994361381,0.14569546612407738,0.15439726922755762,0.9436401748099889
0.3565422287374846,0.21967334463215707,0.16170771408855447,0.26207671254180387,0.09917947832064464,0.11154161064641231,0.8891702185926316
0.06750118384365297,0.11384581740509608,0.020190125322077652,0.7984628734291733,0.1720403243793761,0.21129597898731878,0.8142148525680243
0.030603755083869658,0.018530115160797365,0.6799037828611413,0.2709623468941918,0.15808721997094277,0.16736433521392335,0.9445693419023673
0.25536051344549326,0.3431198048997779,0.13534402166557932,0.26617565998914944,0.10266233185956111,0.11865628904196972,0.865207674101864
0.11169294419690017,0.5764235697462498,0.25688445175109487,0.054999034305755104,0.09211598338999075,0.11323794298776255,0.8134727721073631
0.28850873505188324,0.08905844361860825,0.5106709145403412,0.11176190678916728,0.11095728429322488,0.11877624572278556,0.9341706636543344
0.2815876038634362,0.29110972110951266,0.3167883106463929,0.11051436438065815,0.09563055202802517,0.10614524479414171,0.9009405198837804
0.22312235358498297,0.5602941670782368,0.0888312054244507,0.12775227391232954,0.08255817436330976,0.10503364537242006,0.7860164623495781
0.20377858468934756,0.038648603823146235,0.5123726491800049,0.2452001623075013,0.13267690379990818,0.1401387129763799,0.94675411941503
0.3944332003305474,0.3397869212548198,0.10078160387082168,0.16499827454381105,0.0797906439838338,0.09446991295146603,0.8446143485368329
0.22077003117550206,0.2371477440993416,0.4266055087881001,0.1154767159370563,0.10810191221609022,0.11772674175759874,0.918244322421441
0.08277685319361897,0.4769674291052455,0.3914188130636467,0.04883690463748893,0.10352345998828436,0.12079458666385223,0.857020689812615
0.512198986352462,0.11535079358340798,0.19071217248150185,0.1817380475826281,0.08327297066663869,0.09183017594671707,0.9068148874609196
0.14506926174791182,0.35884085324933584,0.08627578618275097,0.4098140988200013,0.12292443265382466,0.1455025740496451,0.8448265156593255
0.43853700810650537,0.14850188277017473,0.22427708598327364,0.18868402314004626,0.09054423948154264,0.09907569773094807,0.9138894961651077
0.41468093775228926,0.2082762333505177,0.16524518567018723,0.21179764322700584,0.09001926158551128,0.10090562014135447,0.8921134567074367
0.5122671151192532,0.1745603236015171,0.014440899123373244,0.2987316621558565,0.08437703225416855,0.10170924632681473,0.829590576092228
0.05492338146255705,0.733389416955172,0.10277329275108761,0.10891390883118328,0.08963450249501298,0.11962260930243547,0.7493107115595083
0.3515445582514554,0.381874360493163,0.05671075149561886,0.2098703297597627,0.08424277507584589,0.102055423411129,0.8254610314679204
0.017358815603393297,0.0002878540038612665,0.15152402442278692,0.8308293059699585,0.1892617909497479,0.22440658506881722,0.8433878662326612
0.5073955424549393,0.05819943041850073,0.2736419883452182,0.16076303878134174,0.08742077698644492,0.09417102418653935,0.9283192759301082
0.39562607063755106,0.11724376133433842,0.3178788641306685,0.169251303897442,0.09765167510524338,0.10479046543155757,0.9318755738232999
0.22641191363860602,0.21017663293384872,0.4826200382043457,0.08079141522319956,0.1077918913534333,0.11769646084435995,0.9158464968286149
0.2079769321780476,0.3164291560733066,0.36252676627423064,0.1130671454744152,0.10330202360471005,0.114593506640888,0.9014648965096855
0.1751606890640018,0.2906338450808679,0.06548591913912055,0.46871954671600985,0.12741438015101086,0.15146317204751103,0.8412235029056665
0.30256167351984914,0.28018116295815426,0.23643008918787592,0.18082707433412074,0.09729384312247331,0.10828071098137661,0.8985334713881502
0.1559714327666946,0.25856118614891316,0.4515079737210029,0.13395940736338938,0.11573678921658612,0.12604407194563433,0.9182247719393422
0.028647703371902707,0.4934598286847806,0.4074215047652198,0.07047096317809688,0.11032256042577505,0.12798197034293887,0.8620164241115847
0.15337472010046008,0.4815093451372217,0.1797434778070932,0.18537245695522506,0.10080916162372372,0.1188690223718992,0.8480692413564861
0.3694349096322559,0.12707434699504566,0.38912702953610356,0.114363713836595,0.09752569968003284,0.10483090335657909,0.930314406891088
0.15037006811903297,0.11604538406234977,0.02727649148609086,0.7063080563325265,0.15648366323616408,0.19063686109891165,0.820846830639814
0.04832424309230786,0.044614027156741856,0.797774743061196,0.1092869866897543,0.14561307555994835,0.1578338793528487,0.9225717327419932
0.03187871953817702,0.3343677967807457,0.24712724123860164,0.38662624244247573,0.13843765483970114,0.15633462238287188,0.8855214074119799
0.11760357557495375,0.10677310271476914,0.05394818446096112,0.721675137249316,0.1622534438205403,0.1960828518607292,0.8274739085077325
0.009229405463179111,0.48311566795302824,0.054841060290589626,0.4528138662932029,0.1327916171682046,0.16156601292742473,0.8219031636799408
0.4477897505375075,0.38591233092021154,0.01365241967253773,0.15264549886974332,0.06854662089999429,0.08734647923002754,0.7847668446884539
0.5380482490533142,0.010733008490685658,0.19126921792041146,0.25994952453558884,0.09219256317059377,0.10142533565339795,0.9089697616150323
0.349735021090111,0.04457670889757016,0.03673807759353707,0.5689501924187818,0.12941582016741904,0.15568580635225007,0.831262805516173
0.12744455780963823,0.128049104677057,0.4019418974705316,0.34256444004277325,0.14031650111272115,0.15095986791701146,0.92949538873377
0.1846224904437275,0.30651263011227936,0.12933727398061912,0.37952760546337405,0.12045444610650179,0.13941637949426863,0.8639906339803756
0.19861998122833746,0.1989140850809598,0.5789203431677415,0.023545590522961218,0.10944355515998741,0.1218004884395322,0.8985477526579921
0.1656040997065356,0.4705347683646345,0.2704096736851196,0.09345145824371046,0.09550125848116515,0.11192547499954505,0.8532575669797545
0.603380163093789,0.18962935169769954,0.029036470909376316,0.17795401429913507,0.06528793137694822,0.07969495763042123,0.8192228632546064
0.530038383243683,0.28643541805762956,0.011640704053678872,0.17188549464500838,0.06677445146596124,0.0833766976470904,0.8008766639882802
0.25597565776753184,0.2662180450304656,0.04150701255405271,0.43629928464795015,0.11724068512018117,0.14015744549672454,0.8364927364698657
0.837303693094545,0.033917483148310786,0.12419929263323214,0.00457953112391205,0.03866609780203988,0.054913072546308984,0.7041328414000547
0.19629820116946448,0.5432128688714349,0.0022728313818206223,0.25821609857727984,0.0939350092671188,0.11995376418466686,0.7830934686010136
0.06646058043803188,0.32642620919820126,0.4242145998827117,0.1828986104810553,0.12439095833125255,0.13655099304518664,0.9109487639543554
0.022978861259836666,0.13635742080765786,0.03228205357563917,0.8083816643568663,0.17652323758945193,0.2161088240262177,0.8168256820833778
0.13860373466205358,0.054819428675164456,0.07716975864372559,0.7294070780190564,0.1640663141008727,0.19689961330943195,0.8332485338254015
0.027706954588972075,0.31563809840877927,0.5317438481061212,0.12491109889612723,0.12739260297553762,0.1401118549651151,0.9092207294468815
0.36056953848333195,0.2684348143195565,0.20177776790622018,0.16921787929089147,0.09011206881614692,0.10103776838465624,0.8918651931531723
0.05785510186238172,0.28127633000487123,0.1605142651781851,0.500354302954562,0.14499444550522878,0.16772082382794573,0.864498767630485
0.5848427095199727,0.1137129270765248,0.13778938032595003,0.16365498307755255,0.0730561627501592,0.08267848082337907,0.8836176236259659
0.2590221957833998,0.3296727701049855,0.024733809464153645,0.38657122464746096,0.10928185417213222,0.13212310393595067,0.8271214565554621
0.42276960666409646,0.02637876521666405,0.30439598738082374,0.24645564073841572,0.10525243195325512,0.11254094965345394,0.935236749621873
0.28104620528802304,0.030658932172418735,0.39438822639882165,0.29390663614073664,0.12570661054580035,0.13361429379251283,0.9408170860896651
0.1294156853367771,0.24526550625294144,0.6059049211830039,0.019413887227277545,0.11452541476734752,0.12838891765082944,0.8920194738210542
0.11154909920582576,0.37490419516273665,0.11431577684824151,0.39923092878319605,0.12546782792938352,0.1473392861380519,0.8515571862607264
0.03906827603357193,0.3218215140636336,0.6057936635646082,0.03331654633818653,0.12084123030745432,0.13613995634417114,0.8876250114401345
0.7693979721971806,0.13212192666609057,0.0533990575444248,0.04508104359230421,0.041662561660694514,0.05732593781051404,0.7267663339133942
0.388252553216321,0.01090521399117453,0.21045360497817198,0.3903886278143326,0.11817418235330096,0.13096578406148895,0.9023286746240355
0.41803832921678535,0.1652158789764693,0.2727973120536216,0.1439484797531236,0.08963517087135653,0.09756785591800042,0.9186957121071636
0.08253315139747996,0.3546966809170746,0.1583719912038546,0.4043981764815907,0.13111486466904115,0.15166504041781737,0.8645028828518216
0.11854456668665156,0.01168158584129072,0.33062688090016273,0.5391469665718951,0.16061202779202682,0.1773705799665983,0.9055167312542622
0.058346144760080855,0.6605624701877393,0.07157252229151452,0.2095188627606655,0.10004594670420365,0.12782730735269174,0.7826648998258581
0.3073548033172634,0.03821755578542087,0.36763538351586356,0.28679225738145203,0.12132608397499467,0.129225324136529,0.9388723517289177
0.34704454380292155,0.025939971036067384,0.09418709843494316,0.532828386726068,0.12945043095903824,0.1517040660533445,0.8533089081048026
0.007505821092285509,0.5498615688558603,0.41199406859291055,0.030638541458943513,0.10656724482248121,0.12706841643831057,0.8386603674581692
0.05817760269907101,0.5219637810286636,0.22934484485760245,0.1905137714146629,0.11020549773756083,0.12930392037155838,0.8522981934413303
0.16767841134290798,0.30832675191184394,0.23911163328591398,0.2848832034593342,0.11777982654544118,0.13173386977035356,0.8940739898612414
0.4097068508997375,0.0080202531348413,0.5043102391439763,0.07796265682144493,0.09999462197331907,0.10762168081013353,0.9291308333097851
0.07820981172732328,0.2666715226222901,0.4625417514557351,0.19257691419465153,0.12812784837539734,0.13901027924427561,0.921714919730827
0.2756504794110733,0.10889788484355466,0.5384591320085247,0.07699250373684723,0.10930323207591844,0.1182634140768825,0.924235385297273
0.3676802579308617,0.06697056550187165,0.24946848425761292,0.3158806923096538,0.11263795584432096,0.1226964190668726,0.9180215421195826
0.2494015210847555,0.384556826138255,0.24251057735151751,0.12353107542547198,0.09298980993919498,0.1065092271970641,0.8730681123725046
0.31504988724343846,0.29203700248356157,0.038221004577771986,0.3546921056952279,0.10341515974442947,0.12371635459614641,0.835905326195658
0.078849448756566,0.4703143874699105,0.32418932517185844,0.12664683860166498,0.10845676259413682,0.1246998894806327,0.8697422511427437
0.40064380986059045,0.0606225061100268,0.28855651699796325,0.25017716703141935,0.10557536258089205,0.11338894674467587,0.9310904247009358
0.08568192449367658,0.11431421173627634,0.771979289827839,0.02802457394220802,0.13111744157403032,0.14576774634587475,0.8994955664809245
0.042338395312188914,0.2821036259179833,0.18829949478572158,0.4872584839841061,0.14629064273518208,0.1678703914485437,0.8714499410697071
0.06901710121759795,0.476265469882856,0.4036675634655997,0.05104986543394643,0.10547903252278111,0.12275889617600132,0.8592373816359036
0.08382818266912094,0.7045689919225944,0.021015115964134946,0.19058770944414982,0.09226620237141424,0.12325298404968972,0.7485920367998304
0.5533661874942466,0.03767463151263938,0.23726785114610582,0.17169132984700816,0.08363299159708719,0.09078430438090863,0.9212274320700162
0.4243500318023943,0.05821662356862835,0.21638225610241416,0.3010510885265632,0.10522972040652663,0.11529757805383488,0.9126793657139324
0.07427773700964395,0.2953390915360757,0.3385489995364543,0.29183417191782596,0.1313084754617515,0.14444477630183633,0.9090565877395608
0.7664720839442727,0.022377637299420598,0.1183304507440627,0.09281982801224421,0.05320940950390314,0.06462717003342815,0.8233287868922743
0.07853815847372071,0.23148118851480912,0.3399245228943333,0.3500561301171368,0.13877435082308842,0.15200288970891004,0.9129717934234365
0.02133764913071467,0.4982319377169039,0.11840472194618445,0.3620256912061968,0.1254688351559646,0.14968336168664634,0.8382283357493435
0.3079892835856222,0.4264913979700823,0.22486826082534575,0.04065105761894975,0.07787463417721002,0.09369701766930083,0.8311324748036788
0.002117716392047638,0.08912271766700584,0.2834331576445273,0.6253264082964193,0.1738611998704943,0.1963494975117358,0.8854680153184636
0.19222496087155028,0.0648720022938225,0.3917745582406095,0.35112847859401775,0.13737741883289356,0.1472669520759146,0.9328462149612285
0.24058831747098744,0.40850676475215003,0.2275666431524273,0.12333827462443527,0.0922098912798214,0.10663844807880858,0.8646964855647177
0.3048081104521534,0.19565820970216732,0.4511814309307263,0.04835224891495275,0.09713990131079428,0.10702095015182102,0.9076718266189061
0.09976357727756925,0.4051801718448398,0.08023759673063506,0.4148186541469559,0.1253572539136766,0.14956764040602905,0.8381308521908291
0.1639611328981432,0.2754765100619707,0.505766053483444,0.05479630355644218,0.10938674709610585,0.12149369701141452,0.90034915215255
0.4229024314762512,0.38406888496709557,0.04096828335936301,0.1520604001972902,0.07190019312058421,0.08958593936076317,0.8025834593422262
0.024754007125011423,0.19154269866522453,0.13032095591367082,0.6533823382960934,0.16412768009533524,0.19317450767582178,0.8496342611146609
0.016080380932715722,0.18072313566873874,0.286616182467856,0.5165803009306896,0.15928071467178234,0.17832488506788793,0.8932052002228656
0.12767707989561242,0.18230072826159682,0.12973299559937126,0.5602891962434194,0.14683238116481362,0.17115458271805914,0.8578933665287176
0.07489051446114132,0.3535342010843,0.3552504185462962,0.21632486590826236,0.12279774032872072,0.1359611471929685,0.9031825846131978
0.1682354559989992,0.05402351210997833,0.26055147861564015,0.5171895532753823,0.14966698741510095,0.16710563354443148,0.8956429788784244
0.9400110532799656,0.036848761302841496,0.014168855548793588,0.0089713298683994,0.025299228662797137,0.05026404623543803,0.5033265436748751
0.577033460533237,0.17858989579156404,0.09185577338684969,0.15252087028834907,0.0683245019817715,0.07992193767544162,0.8548904589780263
0.185697856899654,0.2528503045440199,0.4449688610088627,0.11648297754746341,0.11145540311689657,0.12160434059154923,0.9165413222481801
0.41753655248911026,0.48884632558218527,0.04479890546014542,0.04881821646855909,0.05905345295326881,0.08107906000011762,0.7283440749459003
0.07538908138539191,0.18100611681923012,0.05970306568608634,0.6839017361092917,0.15991401687982526,0.19257145248238547,0.8304139311326668
0.4217493707829913,0.013849644012087724,0.22460972769737836,0.33979125750754263,0.11105417315262125,0.12181305787575003,0.9116770819914652
0.054468225254097,0.7542852299922012,0.0981159236196919,0.09313062113400992,0.0872328433742918,0.11849200035790043,0.7361918366709012
0.4035346741672616,0.028410827548647495,0.44782599295700953,0.12022850532708132,0.10127905142071825,0.10781986509958096,0.9393357274856382
0.07040760899883754,0.3547451955105721,0.2014409589468075,0.37340623654378297,0.13113770701649452,0.14975128242524577,0.8757033989472314
0.15644447587937477,0.4276867371992858,0.3178091000818307,0.09805968683950872,0.10035026350171386,0.11511384362447351,0.8717480047758489
0.4201293284540317,0.049185081231843605,0.4839176376447859,0.04676795266933874,0.09378677843589532,0.1022684022406338,0.9170650599900688
0.008655438611765006,0.24472473310168058,0.20683859725903025,0.5397812310275241,0.1562858758837123,0.17902439562622122,0.8729864739217783
0.012214276176780193,0.3281648720413149,0.262549954215398,0.3970708975665068,0.1420124992120387,0.1599421346469104,0.8878992363428605
0.10396993510422145,0.4459733876202316,0.19495723994824643,0.25509943732730045,0.11356100929319769,0.13147789686419575,0.8637269989988925
0.368108939266783,0.19350968862191859,0.15762731274231628,0.2807540593689821,0.10070276577401384,0.11317884459975551,0.8897666885550746
0.38497967694903246,0.09329625319242718,0.20447879586819054,0.3172452739903499,0.10835120544074912,0.11950803462051356,0.9066436895628659
0.24053086154207057,0.08937441658110286,0.322049044351531,0.34804567752529564,0.1289833185493074,0.13953229179283247,0.924397620737231
0.038067463098909626,0.01706352254076047,0.5184673917287674,0.42640162263156245,0.16500622912545904,0.17640325564428183,0.9353921985328606
0.6257605123454085,0.21536545852705347,0.01605092550150286,0.14282310362603517,0.058563051894234386,0.0737885162398424,0.793660787321985
0.2589220332672047,0.6015012724954798,0.07412570562996273,0.06545098860735261,0.07149258330599262,0.0966744915798986,0.7395185859023227
0.24719361423036912,0.0381077010994641,0.04151506369768618,0.6731836209724806,0.14847539511071892,0.17963534699954223,0.8265377476688777
0.42047157629280413,0.31772100400867637,0.20131478664235963,0.06049263305615971,0.07294564641404931,0.08530980242380796,0.8550675812336882
0.06974774912017351,0.32389550166425257,0.6054915874716081,0.000865161743965867,0.11506441056843555,0.131351031738502,0.876006903375602
0.6856128932510955,0.030100384475844393,0.25012772831931757,0.034158993953742695,0.060170242816977186,0.06964805893647526,0.8639184456218282
0.10799770156827342,0.24584175590278218,0.06633337176322252,0.5798271707657218,0.14528431686218796,0.1735894035653683,0.8369423125961629
0.030390155066145313,0.013712670093546004,0.6310382643249485,0.3248589105153603,0.16119521175968546,0.17061525036806463,0.9447878276528181
0.12366247907767752,0.16802343431760508,0.2859818063091955,0.4223322802955219,0.14159861698926962,0.1565046177149248,0.9047567992351085
0.2571213709118969,0.5533040503326128,0.17129816667093883,0.018276412084551545,0.07322371835907197,0.09517678129512964,0.7693443438900885
0.4387741028865734,0.026612216665960215,0.005020230153466261,0.5295934502940001,0.11731006180616864,0.14305192807520606,0.8200522941885533
0.5543745753559769,0.14330787933369651,0.19509262187105006,0.10722492343927653,0.0718279210289911,0.08043928365286214,0.89294580666539
0.3620368934028372,0.1887105546805182,0.16712076747980387,0.2821317844368409,0.10194494870503178,0.11417750965713784,0.8928636559963599
0.22870756038135637,0.4088602514084082,0.2057135244798555,0.15671866373037996,0.09539513022427003,0.1102329650152016,0.8653956664516338
0.31624661226872935,0.16404756283401956,0.4869789469939662,0.03272687790328476,0.09740047927350784,0.10756223793423586,0.9055267084816423
0.5353525979324121,0.1710889507828593,0.29174570497213576,0.0018127463125928122,0.06680768352178731,0.07740586789461226,0.863082933360371
0.04531545695037151,0.6126955477515518,0.011770418345719182,0.3302185769523576,0.11160427562394547,0.1417865413227711,0.7871288387653312
0.11833840142455629,0.17440642029351086,0.5803295653772251,0.12692561290470777,0.12700977483656223,0.13704496924758444,0.9267744415127511
0.13818969685523783,0.3519056006693524,0.06395893601801457,0.44594576645739525,0.12618017967814066,0.15071797691911096,0.8371939582619297
0.3569101808568632,0.45292408595939626,0.14250502385337516,0.047660709330365474,0.06975078507837437,0.0876003006088017,0.7962391064142778
0.10481971448443836,0.10310654932558959,0.019660117998003036,0.7724136181919691,0.16674559408057432,0.20452008729501797,0.8153017939995578
0.11099594843138383,0.36290869503106993,0.021153589013189127,0.5049417675243572,0.1317849194776524,0.1605695184993502,0.8207343505123963
0.617083898787812,0.12578953504316956,0.020097090846148358,0.23702947532287,0.07156740412027436,0.08672273551655417,0.8252438497700887
0.5537482520103083,0.06433123203233096,0.35829117716751147,0.02362933878984921,0.0740476956155659,0.08282531319535087,0.8940225247433453
0.1328218283427887,0.2235047584741116,0.3983414506815193,0.24533196250158026,0.12711937976258755,0.13736629373374196,0.925404451902764
0.02632586580475228,0.857527040380194,0.0030905117495866794,0.11305658206546702,0.08362830331824003,0.12274697261417655,0.6813064431422193
0.43521989201488454,0.2265101723950914,0.21203311732429,0.12623681826573402,0.08161244115974439,0.09118880292555531,0.8949831398310067
0.4614187230191055,0.07630902944966884,0.29324317611688216,0.16902907141434345,0.09236229722225994,0.09914011701561937,0.9316339338968948
0.14569836532257144,0.3937819101706897,0.10678491015634001,0.3537348143503989,0.11724340041193049,0.1381264780317798,0.848811915590546
0.09021098206486614,0.8512079281917517,0.045979777764306645,0.01260131197907555,0.07080600367518106,0.11047570733052194,0.6409192155099147
0.32580150151305387,0.5020148964430095,0.16536772965188076,0.006815872392055912,0.06782540670746504,0.08820890695474122,0.7689178910499971
0.0031788005255327036,0.018758691852538954,0.3671311466247436,0.6109313609971847,0.17863262863333687,0.19816278386419878,0.901443879370175
0.06160986638627009,0.07018475604481855,0.08720483001493522,0.7810005475539762,0.17542596426389823,0.2107682700380447,0.8323167630129192
0.3875605280340733,0.3673503346887535,0.003785049646253422,0.24130408763091987,0.08229430896201621,0.10223288832893485,0.804969030095617
0.32768346107069135,0.13246064191089793,0.022501975566945467,0.5173539214514652,0.12267199478051155,0.14786219696630698,0.8296373062038604
0.2135774137618933,0.07531837375659091,0.3695869248846242,0.34151728759689143,0.13328533069027115,0.14312638011378934,0.9312422390918133
0.1858645253228063,0.089574025362515,0.6828618850148427,0.04169956429983607,0.1207566678940258,0.13280086802162666,0.9093063147325252
0.13709659236075045,0.413633424179758,0.30265211901016376,0.14661786444932778,0.1064176622811882,0.12074311621307049,0.8813559366266251
0.2774410573700406,0.49980541588313715,0.18570580682462096,0.03704771992220135,0.07580061526735384,0.09487236486921023,0.7989746579191058
0.11497047510595557,0.36680120691081314,0.024406097085366337,0.4938222208978649,0.13040085272825397,0.15866806620799537,0.8218468646193344
0.04923605751651747,0.24158145405112796,0.5975890732571624,0.11159341517519218,0.12985246695752212,0.14172182645237213,0.9162488955161828
0.09899506740570883,0.7583336671418678,0.009347005955222724,0.1333242594972006,0.08313016084076845,0.11691784840164562,0.7110134335964943
0.16772938946882668,0.17118956005762725,0.46458190436616403,0.19649914610738206,0.12432497186981147,0.13305988746779923,0.9343535022896992
0.3948069722231091,0.08334472175027696,0.08669815126137088,0.4351501547652431,0.11376502360923584,0.13240005485028958,0.8592520882100452
0.24966259051983355,0.08937080104982448,0.39102418427651425,0.2699424241538277,0.12389132035612706,0.13204113107616464,0.9382782421385306
0.28285319160437444,0.20324439678683567,0.4073634373649849,0.10653897424380483,0.1022964820606747,0.11108744016662393,0.9208645181420746
0.07109628026622951,0.09293027251377503,0.46888979791393487,0.3670836493060605,0.15167724422959117,0.1624047338405496,0.9339459549160015
0.36443721528350537,0.09001383597691133,0.03824913417521178,0.5072998145643715,0.12078704586320996,0.14446148467639755,0.8361193721203976
0.36159783505439447,0.2409141585109735,0.3233166442391339,0.07417136219549807,0.08742771687182574,0.09701344379024227,0.9011917674096559
0.0674641550131827,0.09156910247841935,0.5010040089738917,0.33996273353450607,0.15090226832673798,0.1609546902058596,0.9375450204882836
0.01280799341628868,0.23697363706082689,0.07056736028773958,0.6796510092351448,0.16335962035277354,0.19636107588525148,0.8319348405293768
0.4244060197169412,0.3043920465883694,0.21356714395084475,0.057634789743844866,0.07335759319692037,0.08527483243385306,0.8602490453888985
0.2914320508803494,0.1819030482580098,0.4288131295378373,0.0978517713238035,0.10245417809110396,0.11105726122555411,0.9225347083161224
0.6606479689184018,0.06467804332709394,0.14004006469871924,0.13463392305578506,0.0656732167272295,0.07510368642216912,0.8744339972617385
0.11410312598921488,0.5263050265122343,0.164123434107307,0.19546841339124374,0.1028356121699855,0.12296731926902746,0.8362840857333982
0.04741988398794655,0.34235499343209125,0.37544555356900033,0.23477956901096173,0.12818599405754771,0.14135279480363366,0.9068515004292828
0.37551928898792636,0.24149941700303243,0.06288350001263568,0.3200977939964054,0.09786742877114724,0.11506629230803198,0.8505308271266493
0.4183990137449194,0.2479866951022319,0.016093087316386468,0.31752120383646226,0.09164525279680505,0.11058547864102013,0.8287277310097977
0.45667241915912593,0.3410417179356835,0.1625766918610328,0.039709171044157644,0.06533470662666681,0.07942324921867874,0.8226143763871776
0.25495196386244634,0.29249845707809186,0.008207528505367302,0.44434205055409437,0.11567347065933933,0.14067293839585618,0.8222865888663824
0.7828651058491402,0.07136649285392228,0.1256193807564128,0.020149020540524837,0.04352566783832425,0.057517500874090986,0.7567378133066727
0.34778338524851177,0.15738032652558712,0.26593107936478855,0.2289052088611125,0.10364299423870212,0.11255868920258147,0.9207907001490305
0.4768123091904028,0.21661960678139255,0.10214667818895924,0.2044214058392454,0.0809059015546985,0.09332403030192768,0.8669353573023659
0.033210383317295075,0.7990778371156892,0.10542298770084366,0.062288791866172234,0.08487086279280515,0.11865534437147407,0.7152721459144739
0.1918647990320116,0.20374450221313986,0.30140126954504276,0.3029894292098058,0.12390748740927761,0.13530526885914762,0.9157624714397851
0.06749412999351138,0.13634611901546556,0.7715286173748659,0.024631133616157166,0.13154963026041414,0.1466163290428955,0.897237238983979
0.023907471626104446,0.40231255410707406,0.19312299279465672,0.38065698147216465,0.1337398734336487,0.15413310604748,0.86769076977175
0.22996933046686274,0.385344088031472,0.016678059815340294,0.368008521686325,0.10767688608110634,0.1314979894913589,0.8188481549992221
0.2101505888988999,0.5487407591921631,0.23902351409307823,0.0020851378158588656,0.07888541959856293,0.10024939734477153,0.7868917089572626
0.12396405020924509,0.07462830196958034,0.44528566700139954,0.35612198081977514,0.1457205083562205,0.15581678586669942,0.9352041729373353
0.2647229480550399,0.3908249976403488,0.18050659478511302,0.16394545951949832,0.09251728991759184,0.10714843094302709,0.8634497873961877
0.060917970951414234,0.41844588011750744,0.17727258259802858,0.3433635663330499,0.12577317168356808,0.1456156432397382,0.8637339291665118
0.3641035255130752,0.37974858742476564,0.10227281779981377,0.1538750692623453,0.07998040815243622,0.09568185001276579,0.8358994745791946
0.007226189839239486,0.2718851033352137,0.702150077989501,0.018738628836045667,0.12824671849588404,0.1445558913148922,0.8871773908994052
0.2693880306244155,0.33665375036613515,0.1239493282226415,0.2700088907868078,0.10154770052887556,0.11771593361654901,0.8626504281031293
0.5824383370320988,0.31001712791112335,0.059642861792536285,0.047901673264241655,0.05187672961614939,0.06817409329549184,0.7609449148270498
0.2406432010451569,0.362767578144801,0.10383470190632686,0.29275451890371523,0.10433270355773129,0.12236721845619446,0.8526197201669723
0.2253254454950805,0.3687458924290999,0.20761021628853688,0.19831844578728264,0.10112394298067567,0.11518731586919165,0.8779086674396811
0.2470855032256485,0.5454654756805148,0.17418066662497456,0.03326835446886203,0.0759050642496676,0.09707754530528992,0.7819013553645284
0.5269209798526339,0.06767565189425512,0.3902537914815072,0.015149576771603737,0.07684369930619736,0.08601023097060795,0.893425101165662
0.4770223210921969,0.18920929289575428,0.06631288966708052,0.26745549634496835,0.08622312964360249,0.10079105112029199,0.8554641377903381
0.08521498270108152,0.24959708073982165,0.4268001808461071,0.23838775571298967,0.13087367357532315,0.1417202188909799,0.9234650821136495
0.017567337359419725,0.03692401376557223,0.8735826592940558,0.0719259895809522,0.14835862452107726,0.16302912051822657,0.9100130335579578
0.12869493589419131,0.42542160246406047,0.4104720758454942,0.035411385796253976,0.10100649942644299,0.1168517811037699,0.8643984582207134
0.30860127398753906,0.04258914551789869,0.6219368559235894,0.026872724570972964,0.10781833896873669,0.11882073604228824,0.9074033923705387
0.16422259779677237,0.44507515203399106,0.12471709485909332,0.2659851553101433,0.10634430788920748,0.12569359573937308,0.8460598749176804
0.12300567279850241,0.2773867332414643,0.424312472586327,0.17529512137370631,0.12058307994556286,0.13132165319868516,0.9182269413188455
0.5875164743307147,0.098149538171653,0.17891770679678007,0.13541628070085218,0.07254170931831745,0.08097706457347863,0.8958303156629377
0.512440527173588,0.3258710133301314,0.07183007549741932,0.08985838399886147,0.061805969600966154,0.07700658585898516,0.802606282456744
0.7175084830951253,0.0627339352283522,0.11591989512196682,0.10383768655455582,0.05689706670709335,0.06765628442901037,0.8409723824960218
0.016968062986820017,0.561364858217276,0.3386700385496874,0.08299704024621667,0.10703481516664216,0.12697621519523938,0.8429516898268293
0.004576650663882627,0.14394706857501965,0.4485430365858489,0.40293324417524884,0.15803593213645611,0.17080023881959516,0.9252676297682398
0.19516415482534955,0.2591958378486528,0.47700611025484085,0.06863389707115682,0.10732468769837018,0.11843536234687284,0.90618786122373
0.2272497635272678,0.06627589834526865,0.47402449823974147,0.23244983988772205,0.12677795086821977,0.13418726869737824,0.9447837495979734
0.0732746789106834,0.32480633102326617,0.44818656812616725,0.1537324219398832,0.12217640635674402,0.13426738743797614,0.9099484892649939
0.03964485686390275,0.4097353485019799,0.24955952926114,0.30106026537297725,0.1271203539961831,0.1444310128544145,0.8801458321442333
0.31629044870293227,0.29567045392159264,0.337028860517563,0.051010236857912276,0.08777911719778703,0.0990696075086976,0.8860347729759669
0.5148360827667204,0.10466335339700006,0.1633945206091039,0.2171060432271757,0.08555354312992514,0.09510541981322253,0.8995653801638611
0.36526834512241446,0.18158828634697854,0.18133293153625388,0.2718104369943531,0.1015785740760455,0.11311089765622057,0.8980440981449426
0.2787448035542304,0.4923016782396095,0.030113956005994945,0.19883956220016502,0.08432101938878953,0.10642531540524121,0.7923022738313341
0.35455086454567164,0.05546416738864823,0.2920959484104295,0.2978890196552506,0.11436570520073336,0.12324989387802571,0.9279172711817132
0.3007268104531201,0.09634758539386278,0.2684567714668236,0.3344688326861936,0.11992114944389506,0.13068059216849345,0.9176661006347012
0.2943825607275032,0.07992511682155792,0.3258888752327468,0.2998034472181922,0.12032643012060958,0.1292847251481277,0.930708790096787
0.3240459104977521,0.22110189909875647,0.3109265441727015,0.1439256462307899,0.09738216201893121,0.10624216484818343,0.9166055883564415
0.3272976122840574,0.2957995856154403,0.23712085135957867,0.13978195074092353,0.09077644109088348,0.1017708796703703,0.8919687182119568
0.02279240312116625,0.47983384255589073,0.17902686685962277,0.31834688746332024,0.12456762456294314,0.14560335329789328,0.8555271684443101
0.3671470396023105,0.31367895844669275,0.11413736116935534,0.2050366407816414,0.08742840021504629,0.10166660218021811,0.8599520229865395
0.006645274021312802,0.24824180358544015,0.3464804938921967,0.3986324285010504,0.14920839151544665,0.16443307493889017,0.9074110641724507
0.12439694150351484,0.1114568677243068,0.3062028698780656,0.4579433208941128,0.1478090142313042,0.16288036322029809,0.907469822076651
0.208986063402964,0.4540866454777559,0.1717203411844251,0.16520694993485507,0.09476522761613698,0.11169768474698175,0.8484081637931864
0.34056768335961607,0.2487442960190899,0.24112004863349087,0.1695679719878032,0.09430505608111289,0.10434088984809883,0.9038168662199808
0.11886370111010897,0.2400020695836876,0.11786227366568719,0.5232719556405161,0.1415111510710166,0.16546653475219275,0.8552252048001586
0.5952190291597307,0.1434673908040848,0.1280701121681688,0.1332434678680158,0.06780630833830903,0.07787817398433057,0.8706715228319549
0.1110850599890493,0.29733526985124564,0.10230800013084526,0.4892716700288597,0.1362357041147669,0.16027271979779104,0.8500242853970996
0.26253106815859684,0.035128818734857944,0.3873761506931985,0.3149639624133467,0.12880885376126108,0.13730589716830088,0.9381159616427497
0.0021202285325777675,0.5370503554996144,0.2570457369692377,0.2037836789985702,0.11694952580072428,0.13659856187989158,0.8561548832670411
0.33175950573344976,0.23663953324681458,0.12469385709165835,0.30690710392807735,0.10328545679131024,0.11816840179870546,0.8740530904975118
0.4754129144270485,0.031155890164698438,0.027372243724273184,0.46605895168397987,0.10900679749550682,0.13096584252996707,0.8323299830684044
0.023719579119585967,0.43862591674075574,0.2405931610521359,0.2970613430875224,0.1266794485295695,0.14490908722010587,0.8741994788577548
0.38665236747494497,0.2261107713230121,0.2958633697581112,0.09137349144393167,0.08621500509461276,0.09531451463643249,0.9045317538831427
0.11435815567753928,0.3145742104752964,0.5539995403113722,0.017068093535791983,0.11082090760068576,0.12551793289980379,0.8829089600220703
0.23384883722648978,0.3612059448465835,0.31135222772318977,0.09359299020373676,0.09538282508301646,0.10798311279449307,0.883312423717061
0.3939740220134446,0.28711933920045213,0.15207841205456793,0.1668282267315352,0.08415524133879278,0.09631180026150576,0.8737791330895539
0.05634570016658871,0.551516264803774,0.02538024120962891,0.3667577938200083,0.11689164748504197,0.1455573000230795,0.8030627626818282
0.5882920315448733,0.21666173156442423,0.12274404118700562,0.072302195703697,0.05980420715919741,0.07153342890099153,0.8360316019797069
0.45496293391742054,0.022795717489051796,0.16290333933249343,0.35933800926103426,0.1069980616546629,0.11989494358025826,0.8924318112134385
0.3534549640792212,0.426706328471195,0.07999474184671986,0.13984396560286397,0.07690654667214884,0.09462381915438742,0.8127609661016617
0.018644438920370807,0.26900008918248003,0.4623650310140353,0.2499904408831138,0.13855573784990907,0.15028189078745127,0.9219722823814688
0.06935971921034263,0.23003675188952807,0.5507181101281821,0.14988541877194717,0.13007456729009056,0.1408038607887039,0.9237997208420715
0.3938435152437408,0.16651390388693246,0.2336584384215223,0.20598414244780439,0.09577843782974932,0.10474937515768974,0.9143580826669795
0.506018959868027,0.20509845060967546,0.2534649497354647,0.03541763978683259,0.06958054115772405,0.07959295591420583,0.8742047629532157
0.4961278419062745,0.1669115094401737,0.042752891184223485,0.29420775746932837,0.08686084767043685,0.10278271698397654,0.8450919592248
0.09474055916821329,0.3587772696585216,0.07834825785316644,0.4681339133200988,0.13238824140145553,0.15763311830330304,0.8398504250022278
0.3365656012797786,0.35892962945726775,0.24163650868838266,0.062868260574571,0.08067551450577591,0.09376254424653192,0.8604236921478368
0.03448571131444464,0.38362220769304406,0.12148072667671711,0.4604113543157942,0.13784764862946838,0.1622873375475654,0.8494048316558652
0.41585559488963425,0.45077894956895637,0.01136944818675518,0.12199600735465417,0.06597625706656375,0.08687799797067963,0.7594127236775186
0.02546457790245424,0.5060449211596453,0.36161587908174475,0.1068746218561559,0.11154974227271715,0.1292041046563184,0.8633606693025606
0.11340134285070144,0.18731317589691948,0.2703506305401088,0.42893485071227017,0.14171951389326876,0.15745661918709877,0.9000543427448401
0.06664014863025454,0.47387829639481155,0.2756686732345482,0.1838128817403858,0.11261716105350128,0.12949845901317047,0.8696409355886443
0.25057990965035337,0.10468371729998695,0.2878226483508185,0.3569137246988412,0.12689560059639718,0.1382947209631473,0.9175737129562035
0.09035716557165185,0.0032398237731441964,0.6730094276009357,0.23339358305426824,0.14966406172654714,0.15835386949103475,0.9451241211066232
0.8847419238167553,0.03695991642878006,0.054286709163223736,0.024011450591240886,0.03322732911908145,0.05260552626457941,0.6316319116733983
0.09003273133827921,0.0032298599355086713,0.7683571689624558,0.1383802397637563,0.1449563681193708,0.1556461908223929,0.9313197281183694
0.27460871854178454,0.30698238717293347,0.3045092439026128,0.11389965038266918,0.0954372581348668,0.10637976371308104,0.8971373389423246
0.3586637715961836,0.22575512163129097,0.3253760500294833,0.09020505674304219,0.08982355279914497,0.0988998693335436,0.9082272140948093
0.39423469830105823,0.11839109266764926,0.25535690118256404,0.23201730784872848,0.10087906719988692,0.10934992711406072,0.9225343798781135
0.03961767737298209,0.12002252205284998,0.8263108497281315,0.014048950846036402,0.13595034771958617,0.1523979799297109,0.8920744735743169
0.20672903099326806,0.1245191108624141,0.6638957743931441,0.0048560837511738165,0.11340650128944071,0.1268051024157111,0.8943370505522314
0.14545548152090604,0.6387170380161634,0.0017496100935165857,0.21407787036941403,0.09069731787945987,0.11970861756061599,0.7576506999049932
0.1598417766029626,0.10740636451436646,0.5013046821649587,0.2314471767177122,0.13220041871635116,0.14042425118439153,0.9414358104196573
0.4966832860804968,0.0001097633060294469,0.45660589652362643,0.046601054089847264,0.08775244444954541,0.0958895856442879,0.915140511453162
0.3228820085318333,0.04401537197392193,0.5401974871882445,0.09290513230600035,0.10914936574824793,0.11711488928752646,0.9319853898361077
0.013680992602729126,0.8591853205994116,0.12305402877296935,0.004079658024889822,0.07969062821493676,0.1177305396156489,0.6768900276436359
0.24205268814132191,0.15099576513823484,0.19125073924650238,0.41570080747394084,0.1272385297042664,0.14309408421182088,0.8891948986228975
0.08752410770742548,0.12238425531608026,0.5943069166259454,0.19578472035054878,0.1386203615902757,0.1478097114295595,0.9378298641516317
0.10438282155577594,0.5944308589784334,0.15333361001596835,0.1478527094498223,0.09626839995196557,0.11888396971095883,0.8097677103651718
0.46084548929057845,0.002634954347200008,0.4729878064503838,0.06353174991183785,0.0930558775400407,0.1007643266444972,0.923500217178522
0.5831707102848236,0.024691951770659686,0.15293570846230695,0.23920162948220988,0.08417253299543066,0.09399324026693498,0.895516877132716
0.5467913355175096,0.037681743173543156,0.03564346015380681,0.37988346115514054,0.09489675998659734,0.11311186743215176,0.838963781086185
0.025612170578427906,0.430937653339343,0.5025267977397659,0.04092337834246318,0.11424157447478009,0.13106093214865894,0.8716676480310617
0.271825983731876,0.009251912492180181,0.5821703943558219,0.13675170942012196,0.12076005458648781,0.12838302033124208,0.9406232559018616
0.28735084955922224,0.2843543382612628,0.23370716217316453,0.1945876500063506,0.09962542499671764,0.11094989753568331,0.8979316539222262
0.008779735135150601,0.6189110567654178,0.2840998049710151,0.08820940312841634,0.1037562200476178,0.1261782466886806,0.8222987937343539
0.3685324525333279,0.39139216464797855,0.0581667433520244,0.1819086394666691,0.07987483997216253,0.09748251879751658,0.8193760374418781
0.004360806313612054,0.19251709959280086,0.11545338205738159,0.6876687120362054,0.16841516281361663,0.19965401920656797,0.8435350486952596
0.17409927852710205,0.5503928832710048,0.04432837389015186,0.23117946431174144,0.09489463634538345,0.11925496080356941,0.795729047294636
0.12977410741806356,0.4153435782942558,0.44805076033139435,0.006831553956286448,0.10024345746992562,0.11679863356527924,0.858258820415901
0.2088259138705051,0.05429734654696836,0.44927988138881736,0.2875968581937091,0.13288868638276233,0.14097298243960216,0.9426535786011094
0.18742329210482275,0.39218313494645746,0.006259137661400223,0.4141344352873196,0.11496704299502243,0.14112055388869407,0.8146725606370587
0.27396281077188844,0.22399229823543246,0.45081932637872296,0.05122556461395631,0.09902672897151775,0.10939193267416954,0.9052470922739324
0.5717825155711976,0.15366695589653262,0.1600423605809565,0.1145081679513133,0.06910032490158738,0.07849401778052056,0.8803260026108083
0.4439050909328475,0.15132411412201371,0.1090243640846757,0.2957464308604631,0.09497373059199189,0.10846752825446926,0.8755959697835064
0.26602203358029736,0.104327311558603,0.5037830789789589,0.12586757588214093,0.11336432950398018,0.12118727709196539,0.9354474514511237
0.2792710969587217,0.07517104435900651,0.3272734076902054,0.3182844509920663,0.12359529639624897,0.13299523669062502,0.9293212258703498
0.32190338473710534,0.4076360692147671,0.2184085719009288,0.05205197414719879,0.07814427315435488,0.09316413953121454,0.8387806032188246
0.3515241072544912,0.1168476005293131,0.4732328258796091,0.0583954663365866,0.09787383133140043,0.10653485148435883,0.918702471235622
0.14085922019674887,0.02630232857507595,0.1482692660849696,0.6845691851432056,0.16381257434557686,0.19169728026397648,0.8545378114911123
0.4930073416452382,0.15766820073542887,0.11703695799458413,0.23228749962474896,0.0849099645085222,0.0965583876327581,0.8793639433112893
0.2433096344736499,0.31634104588109224,0.09900211149843405,0.34134720814682395,0.11012982425527935,0.12866634283213885,0.8559334308503455
0.038599434948028054,0.548257412842821,0.2764771253056169,0.13666602690353402,0.10795478177450739,0.127333971651357,0.8478081722769929
0.2050926704803098,0.030356552503032767,0.3501452581963914,0.41440551882026605,0.1416297045783304,0.15340874549236333,0.9232179307885724
0.1199834404986282,0.02135885795966724,0.2434055145293671,0.6152521870123374,0.16345605344902184,0.1853724382088308,0.8817710714085817
0.7932968446185922,0.09018870524763542,0.0883258323257072,0.028188617808065062,0.041065744670175416,0.05622894542963821,0.730331048473296
0.3807418101126727,0.5877745980835982,0.013610571930577003,0.01787301987315205,0.054375247832322296,0.08265697098784286,0.6578422507197823
0.03909502462779732,0.28653656059594035,0.6183979466775391,0.055970468098723164,0.12479324535564727,0.13890294299062095,0.8984204558147743
0.41994071684294715,0.2687318299158377,0.07304797273368598,0.23827948050752928,0.08582313444252634,0.10084745594390383,0.851019330524959
0.4034894143866485,0.19843348000073396,0.20824594207808805,0.18983116353452958,0.09116325590640348,0.10076980090483793,0.9046684134316549
0.054324859604276084,0.2559669657445926,0.4186895412539396,0.2710186333971916,0.13601134266173626,0.14762200532093236,0.9213486997825673
0.002781506033838008,0.024260181157690047,0.6063983340589203,0.36655997874955165,0.16602558866046344,0.17625713202236282,0.9419510391182284
0.1590899131020225,0.2535967741556226,0.14241907831586825,0.4448942344264867,0.13127528108561162,0.1513772892077477,0.8672059182236483
0.6148596567595662,0.0828805190998926,0.10783043313860766,0.19442939100193354,0.07315927264336167,0.08383958521648033,0.8726101453681901
0.09211883456094935,0.5842029052360005,0.05761865117017699,0.26605960903287307,0.10459129953984019,0.13062185536779297,0.8007182201274178
0.4218291652976027,0.2756945514162547,0.09100432360771693,0.21147195967842575,0.08368024238193257,0.09773303157692254,0.8562124906160363
0.06438202213411807,0.30557922826449013,0.33867772884370384,0.2913610207576879,0.13175204989928982,0.14515377574646,0.9076722201799355
0.13745988048251076,0.04912094177479131,0.588290897012279,0.2251282807304188,0.1394569542318112,0.1475817375583372,0.9449472308637484
0.18962369900385623,0.2119882140525412,0.09340022132048557,0.5049878656231168,0.1336392552864512,0.15692246415720046,0.8516260307547504
0.07014400922749016,0.01959653412102986,0.5104828791214776,0.3997765775300024,0.15930238494724402,0.16991359768430475,0.9375493610771747
0.06252897473281475,0.6262794227938154,0.196898421066307,0.1142931814070629,0.09748353853158201,0.12081116813470048,0.8069083350215691
0.6574055305036823,0.07420828365609368,0.17495633366810912,0.09342985217211495,0.06327211095063956,0.07220733702998189,0.8762559810835809
0.07359924773276391,0.47203664207541784,0.197798047446098,0.25656606274572025,0.11549746956599327,0.13431903849395616,0.8598741538132006
0.33253072427113317,0.11795350857966891,0.2700186797901545,0.2794970873590434,0.11130957952633133,0.1207391872070682,0.9219010174007131
0.10882795077648022,0.15052021543781677,0.48267532744238983,0.2579765063433133,0.13670957448119792,0.14598860137115593,0.9364400589990765
0.732046141587511,0.2476227469482622,0.0017788341015556887,0.01855227736267105,0.03595179570589614,0.05642005090996002,0.6372166477352371
0.43008332241381,0.32860781918970305,0.11811921102136154,0.12318964737512537,0.07396002491978472,0.08765801722909768,0.8437337194895395
0.30552473237660266,0.10038087870171561,0.31292356874024757,0.2811708201814342,0.11630985550397613,0.12515586131465734,0.9293200836320302
0.1957059487158431,0.2977294979320221,0.14393690981966656,0.36262764353246824,0.11887124900900205,0.13664955268068607,0.8698985593225671
0.40297315846451925,0.23045414489950045,0.15373420076442335,0.212838495871557,0.08981908260123032,0.10139224935856371,0.8858574809164552
0.31677788887817687,0.31367242540928003,0.08706679439929942,0.2824828913132437,0.0978492249787568,0.11470100195470631,0.8530808215380365
0.5942478551148105,0.32251201830790266,0.04892552358555454,0.034314602991732356,0.04866254752002905,0.0662182738364813,0.7348809429885749
0.16783645672278472,0.11138923473930365,0.2912795787873172,0.42949472975059444,0.14074485833442343,0.15486848462418487,0.9088024505177096
0.17892342596418093,0.04192695359735658,0.30067657792264496,0.47847304251581746,0.1473094504626588,0.16228992206793405,0.9076931493071735
0.4770653735228874,0.40130711087656307,0.10750416440887611,0.01412335119167339,0.056583100131483266,0.07465546556374762,0.7579230764178608
0.1926938085337483,0.36887790494309397,0.4307021480777216,0.007726138445436132,0.09582587941743702,0.11076545298949403,0.8651242497651862
0.4903420122667727,0.27741168001476246,0.008542982734774832,0.22370332498368986,0.07524777025332302,0.09253318237233912,0.8131976910784037
0.09770838347781403,0.25818987233791,0.38856174377033864,0.2555400004139374,0.12941972038154825,0.14069533507812648,0.9198579349463363
0.1799939270198864,0.17308316057534875,0.00022500037598447526,0.6466979120287804,0.14508903224282588,0.1779728718958817,0.8152311680833377
0.7407502206459369,0.013752154355871257,0.11953112713738442,0.12596649786080744,0.058900623860598876,0.06955362842187474,0.8468375438782217
0.1168599562113013,0.07853416002181572,0.689049028437675,0.11555685532920806,0.134303315657246,0.14469335722568413,0.9281926843937115
0.38408004018640673,0.19021777850375898,0.06906153894871102,0.3566406423611231,0.10268420461352254,0.12009484195403244,0.8550259356919425
0.26203689162261157,0.6638108461460382,0.040150212248221996,0.034002049983128266,0.06453043889653387,0.09443033200740132,0.6833655831208564
0.028556391586088557,0.07870056729347152,0.3272019971102876,0.5655410440101525,0.1682686759108384,0.18714164695524796,0.8991514109688116
0.13365508065039985,0.24651297394741978,0.6151555896108516,0.004676355791328868,0.1131376193892209,0.1276730013098726,0.8861514825254779
0.7308833956999907,0.1145982776982733,0.003344505943083333,0.15117382065865279,0.05337598737607201,0.06895485428481447,0.7740714983691394
0.6555019130279279,0.11928464076721511,0.16257000553465412,0.06264344067020297,0.05837415207850233,0.06844129451717511,0.8529083573054501
0.0011095333928850665,0.719687672040111,0.2583389294679015,0.02086386509910233,0.09332394015067116,0.12159691299949384,0.7674860968802689
0.5558707145963382,0.15193755026618874,0.0321011420150638,0.2600905931224091,0.07858633273730137,0.09386078520185827,0.8372648126509121
0.287919674475459,0.3402565503796217,0.20188381769597244,0.1699399574489467,0.09384691616026791,0.10670651071141538,0.8794863175132223
0.10104455081377886,0.0621321512938602,0.6586878776871625,0.17813542020519835,0.14080040730095983,0.14994891316656855,0.938989181899263
0.4573171612108857,0.13959179157253984,0.22195547471616123,0.18113557250041318,0.08843820434180233,0.09677657572501934,0.9138389499654376
0.6270485752682202,0.011140026329056566,0.13715619819849798,0.22465520020422514,0.07882524311901809,0.08889341625929438,0.8867388208941335
0.037496970730297896,0.07080919507309033,0.42122595010218356,0.4704678840944282,0.16298405240393546,0.1769065590950062,0.9213002233365821
0.3801687021189315,0.06277937060077625,0.4852606100817099,0.07179131719858234,0.09914528493640591,0.10705937895842686,0.9260775272655547
0.01290003679380501,0.3070663472000885,0.12483949770051447,0.555194118305592,0.15151739335607786,0.17821441646827366,0.8501971746098975
0.4194897587849201,0.09458117592039579,0.4091293345092938,0.07679973078539051,0.09173982382359827,0.09922628904233173,0.9245515952376331
0.005359409619334521,0.47925136077537006,0.1276473931622913,0.38774183644300414,0.13035025970960712,0.15464375491936183,0.8429067166506502
0.11528702962420695,0.3874786412060734,0.0407618378303016,0.4564724913394182,0.12683801941933817,0.15345586332911804,0.8265439760180922
0.12345107817051837,0.40465330900485746,0.23073679116309023,0.24115882166153385,0.11363703620052071,0.12943910212245233,0.8779189158235777
0.1234353823596365,0.292017831381066,0.3785797752400665,0.20596701101923098,0.12089032433372351,0.13216098169831322,0.9147202357325289
0.47878786968899695,0.0713505946184165,0.18724840919628438,0.2626131264963022,0.09518018569577219,0.1048940351937523,0.9073936904034874
0.26407835730185836,0.13745961471529652,0.061930787866535074,0.53653124011631,0.1314996063793502,0.15615277525562737,0.8421214811205302
0.21499461984037882,0.04960659960307251,0.649321166164939,0.08607761439160967,0.12238605217208544,0.13221467445374843,0.9256616383750863
0.4600358247669877,0.01867496955770329,0.30108784803410704,0.2202013576412021,0.09971141309773546,0.10652988293816906,0.9359947682999792
0.021965589070759056,0.1857308392161909,0.7226393627105948,0.06966420900245524,0.1357692167336288,0.14939560228816207,0.9087899151927512
0.22107958025786792,0.6123050861268233,0.06607644519249792,0.100538888422811,0.07730219209747188,0.10272723654763703,0.7524994801317861
0.018999323635773675,0.4289093941054209,0.016612184620469917,0.5354790976383355,0.1399912912808325,0.17199592830849875,0.8139221239571356
0.11310465186800993,0.35800893298570224,0.3110312549263709,0.21785516021991694,0.11754843862929838,0.13091661280687364,0.8978878700650788
0.19211206399593697,0.3108748885207732,0.12926432441309732,0.36774872307019235,0.11854287675237594,0.13716616115992097,0.864228288886555
0.01918351594967997,0.1856569663816862,0.30416948289073564,0.49099003477789827,0.15720308735490163,0.17501946974048863,0.8982034260987971
0.045662352502306394,0.29928391800900295,0.6205521647335077,0.03450156475518285,0.12184625897173906,0.13679915357083894,0.8906945386079689
0.021478530903300604,0.07064469775322225,0.36398138572354694,0.5438953856199302,0.16875098444330966,0.18609851594762822,0.9067830744593337
0.16566691642361092,0.15347737285085886,0.28394265750531683,0.3969130532202136,0.1360307636978726,0.14972051594138733,0.9085646201695297
0.15245707330403271,0.005520134611648341,0.7465658557532546,0.09545693633106446,0.13451181651809713,0.14554308521871528,0.9242061642156281
0.7352649630310651,0.11170096063093556,0.07157108274684855,0.08146299359115082,0.04955262763504424,0.0626731357143633,0.7906518011302868
0.1614949487638156,0.013517050487731308,0.6834310164868403,0.1415569842616127,0.13500214183476608,0.14418732223157435,0.9362968931342226
0.19028538054719046,0.5604003263047572,0.18519299416326554,0.06412129898478691,0.08363693937372403,0.10467040432491095,0.7990505044205597
0.5121547794660779,0.016161423309654983,0.05893958479479819,0.412744212429469,0.10276417542611094,0.12116340780237386,0.8481453046758689
0.0022617636467902264,0.10895826815939069,0.2757015525434919,0.6130784156503272,0.17164323005568238,0.1939955462265014,0.8847792302163404
0.6122114066806137,0.0908939705707371,0.16889889427553423,0.1279957284731149,0.06954078590951698,0.07821053183221559,0.8891486131139251
0.08937533207843394,0.29616897194033864,0.4983961034203574,0.11605959256086987,0.12049066870261996,0.13230599049056604,0.9106970006109545
0.00822755007422298,0.2502871041335834,0.5554027051231458,0.1860826406690476,0.1382115821931167,0.14957934962024558,0.9240017592268615
0.14131505066115896,0.560124506734545,0.09130528361797006,0.20725515898632602,0.09718184082460204,0.1202499368310643,0.8081654210025078
0.18326370544529935,0.47624358669003136,0.12814891923595878,0.2123437886287105,0.0986934207883441,0.11785986728449252,0.8373793646832804
0.0661763206379174,0.07203572109230541,0.7524975629084446,0.10929039536133264,0.14109874039775294,0.15273162069927396,0.9238344997043804
0.8394067287459694,0.12666478211224055,0.010947460018429375,0.022981029123360773,0.031892994150212794,0.052487043263771946,0.6076355642655575
0.017621826718438753,0.4862572138725416,0.38324450617993194,0.1128764532290876,0.114452408078254,0.13141913237821723,0.870896086491167
0.2946996453350109,0.38564099593542317,0.1908177291927781,0.128841629536788,0.08727984790845415,0.10135655607629503,0.8611169448452374
0.18231087546943509,0.10367861560365095,0.29759417731211385,0.41641633161480024,0.1388261135214214,0.15224568426575183,0.9118558216671289
0.08465515947996041,0.09556710178245455,0.4627924368351546,0.3569853019024304,0.14919872622013028,0.1596753700202022,0.934387853312966
0.05590134428873878,0.033444741626304,0.8970352199625068,0.013618694122450519,0.14073818061848217,0.1579005474928539,0.891309009709745
0.1967698985909323,0.2943292968150388,0.0034459892907493317,0.5054548153032795,0.12614631020313968,0.15407682821199867,0.8187234360092837
0.1191862209265798,0.2161183108905549,0.03411652651299518,0.6305789416698702,0.14874527349179376,0.1801512461406409,0.8256688570206777
0.4106718652822146,0.23896500065159915,0.08762340874535751,0.26273972532082857,0.09063244372722558,0.10523015852398075,0.8612782209823573
0.22046479230804442,0.6480168738114512,0.02288762220754367,0.10863071167296073,0.07492976267868617,0.10327086339350461,0.7255653745546103
0.07267861108647963,0.09257274772560177,0.8044062093608135,0.030342431827105085,0.13466308233206475,0.14967370065756033,0.8997110497064645
0.30785769377368327,0.6349222390800613,0.004466520641949685,0.052753546504305845,0.06182239800823158,0.09130279611112346,0.6771139619096477
0.47260810425055966,0.13846218175896077,0.08430765332578749,0.304622060664692,0.09271507493994498,0.10710770295798938,0.8656247158648376
0.05432926425251394,0.31147745260543386,0.30951975527245096,0.32467352786960124,0.13425267583221853,0.14888336278839462,0.9017305447555586
0.6711591993430479,0.020958795640809526,0.1629573336864243,0.14492467132971817,0.0683188340006249,0.07712287115612784,0.8858440171699519
0.6145808407072416,0.049252691979699684,0.29345802388859615,0.042708443424462623,0.06829969752090576,0.07665754457650929,0.8909716310145852
0.01694692650366198,0.18459411345989069,0.18121472420296214,0.6172442358334852,0.16389158226940695,0.18969178043495422,0.863988844923124
0.02883165971968961,0.11421825377049445,0.6306872384560956,0.22626284805372032,0.14842756633748683,0.15814595310393292,0.938547989526743
0.6455880573942016,0.049430330465365144,0.009538128104824623,0.2954434840356087,0.07689130030330503,0.09377097905536427,0.8199903752514609
0.06524554834422484,0.1958636738181672,0.2923279953121674,0.4465627825254405,0.1481771239360694,0.16451824414419164,0.9006728992694567
0.6048628329114956,0.283834953107108,0.02162915413654833,0.08967305984484815,0.053144688465179356,0.06962688747876389,0.7632782447928383
0.1518477871473355,0.5407630113490791,0.0030157696941105726,0.3043734318094749,0.10221741835339383,0.12928928993594474,0.7906100992900229
0.28000158006450104,0.13971168888230134,0.11030496995097631,0.46998176110222123,0.1259219475361418,0.14595958750733734,0.8627178912095222
0.3804218007296602,0.1877537216719411,0.2867875283518727,0.14503694924652602,0.09277671563371519,0.10103587410529703,0.9182551886177145
0.0683945690757927,0.5254172796174741,0.18073971940355005,0.22544843190318314,0.11034774524590818,0.13070203121544235,0.8442695512820054
0.00020046491951424933,0.016593023614139703,0.28726798486786,0.6959385265984862,0.1834434240012563,0.20830086378246562,0.8806656903392939
0.2991873513372873,0.0016269645367641148,0.3230813676471926,0.3761043164787561,0.12978070298714933,0.14018575367969474,0.925776689717562
0.6807668424089144,0.0007740753720580291,0.015440637705350034,0.30301844451367754,0.07658930668276037,0.09356423700172775,0.8185745872255238
0.3693257792889716,0.15643770589759695,0.2192831389666466,0.2549533758467849,0.1022203010129652,0.11224856006945165,0.9106602432113012
0.43461370754906214,0.34224334728956435,0.11853928299035368,0.10460366217101998,0.0713509333440078,0.08545388458876294,0.834964187846767
0.11543636043268253,0.20253929423918846,0.3649661398535223,0.31705820547460684,0.13464303987834655,0.1461259046393654,0.9214180073727637
0.4587906425839642,0.1906619779879738,0.22017281591755616,0.13037456351050575,0.08162298640057203,0.09043303800776042,0.9025792807443628
0.25629258023553886,0.5377302675267924,0.059743705754276004,0.1462334464833926,0.08097521549140617,0.10337239438619633,0.7833350090439529
0.07884447165923197,0.30967405807696047,0.4897234245631442,0.12175804570066318,0.12106419632317614,0.13312335258710734,0.9094136676279959
0.10283802161548887,0.5354926103207751,0.0006258089123219299,0.36104355915141406,0.11184382632189514,0.14056879088813484,0.7956519054852003
0.5662790980108823,0.1772439230553134,0.16977551336916127,0.08670146556464299,0.06653927669239237,0.07627149327574409,0.8724003403451553
0.4455215091446137,0.22656539232060982,0.18401926603961932,0.1438938324951572,0.0811516640503093,0.09118754504943564,0.8899424149023248
0.4901846630187119,0.0008464962061154421,0.1708766278776539,0.33809221289751873,0.10311288475595415,0.11498067960908873,0.896784443321411
0.17752343625734107,0.12885305190424085,0.4546782277100074,0.2389452841284108,0.12856097334062694,0.13695402141409976,0.938716307949109
0.10803465452584603,0.38454476153575073,0.2326085954456981,0.2748119884927052,0.11893251341341522,0.13489604881138434,0.8816604671624607
0.36728086174613833,0.24289089572810185,0.3005574791600048,0.08927076336575514,0.08728575448304166,0.09675564258917026,0.902125727733128
0.0698998467435715,0.4999679334654294,0.03918271309829452,0.3909495066927045,0.12046306058073657,0.1478204975763657,0.8149279873618611
0.030576267229959653,0.5747209480138152,0.08773063081815614,0.3069721539380691,0.11539601711590351,0.14133999366189406,0.8164427783402033
0.19784351254081461,0.41160149086915465,0.3145583623901571,0.07599663419987363,0.09515205581015541,0.1095264748862242,0.8687584979704597
0.11353748018014938,0.05967640231592735,0.7407558750696276,0.0860302424342957,0.13476752751302118,0.14645041373953704,0.9202263351246385
0.19987181721815445,0.1868202879214036,0.2146920145207567,0.3986158803396853,0.12900183474491192,0.14437309102608792,0.8935310162584352
0.036812941151268375,0.06613360189077026,0.6456379513842516,0.25141550557370995,0.15249440477775902,0.16181969276885838,0.9423723538740152
0.6226427869268416,0.13390096250891356,0.06921677592771891,0.17423947463652587,0.0670563344306238,0.07923881738449734,0.8462561235011947
0.08185707196426383,0.35539458557099335,0.39087811358147445,0.1718702288832685,0.11952052524312969,0.13227431019905864,0.903580786497878
0.30892907790899293,0.2456619414544206,0.36791993330741024,0.07748904732917636,0.09406071692193611,0.10382333479126449,0.9059689434079921
0.3674384158657025,0.05602627258419543,0.05279070897619757,0.5237446025739046,0.1239381342594183,0.14752209793090063,0.8401326716318185
0.49980389404852554,0.26075839176041465,0.041671927781410927,0.19776578640964887,0.07405311175334095,0.08920657565678546,0.8301306401251614
0.6638947112029148,0.11852713707868744,0.09084311534665625,0.1267350363717417,0.06054826839591319,0.07183298467131984,0.8429034192712279
0.49054509152004583,0.08538344039190371,0.12826592713178278,0.2958055409562676,0.09418873991885511,0.106410485846998,0.8851452859099254
0.1359226481979027,0.23900652386457524,0.04300316398313555,0.5820676639543865,0.14231291702282595,0.17138828858975375,0.8303538018485935
0.1468383075195398,0.5645181323837372,0.014497423143828294,0.27414613695289486,0.09945687627940562,0.12622138906566585,0.7879558053957387
0.06615195154789606,0.3007975556297199,0.4267104704516363,0.2063400223707476,0.1276534429669333,0.13936246309765304,0.91598153569864
0.7805557528583339,0.016880277103868087,0.13353720627674912,0.06902676376104891,0.05062866814815959,0.06237595973533952,0.811669565694483
0.21219609074274626,0.06092397975616825,0.37513422603825997,0.3517457034628254,0.13512787499609077,0.14504690762282083,0.9316150010414325
0.19212109389359266,0.091657198809084,0.3258747294446131,0.39034697785271033,0.13720903078174176,0.14918847176231917,0.9197026362756597
0.320820554679808,0.30109799705506785,0.06556886275541031,0.3125125855097139,0.09983111740270524,0.11795719731635443,0.8463334130851203
0.20758610250611398,0.7494684206903564,0.00039501749404461897,0.04255045930948505,0.06518385598445094,0.10046052986032934,0.6488504099577844
0.17107382171837598,0.25839834347880264,0.21304549588830485,0.35748233891451653,0.12496265264403274,0.14033667101423775,0.8904490304701239
0.11266453219966573,0.19323402633388023,0.2288642894978916,0.46523715196856247,0.14315674630576117,0.16113131201874845,0.8884477170340682
0.5963378036983151,0.26068436069882384,0.01170054440546202,0.13127729119739914,0.0581852012231831,0.07427008407181065,0.7834271625022625
0.40877187960714334,0.06020558135116079,0.10837385354773961,0.4226486854939561,0.11317564341767629,0.13036838275694612,0.8681218637856134
0.09532987566121881,0.2956034057190324,0.24994563970461559,0.35912107891513323,0.13191489765227563,0.14776625459228956,0.8927268138199054
0.07843143433297635,0.7913465733668574,0.06727679863759417,0.06294519366257204,0.07964344735049309,0.11406742803724544,0.6982137558540182
0.17804033642615869,0.09241873569179729,0.6776868743700695,0.05185405351197457,0.12205396008485432,0.13373339584665836,0.9126662739111483
0.3720573473872915,0.08148968484849654,0.37758305597246344,0.16886991179174854,0.10355686564135981,0.11018888751873784,0.9398122439864887
0.35504901657734683,0.019096567293556153,0.47929797519737866,0.14655644093171857,0.10964372450804638,0.11615400651374608,0.9439512919002992
0.11769968893000772,0.2967938581451825,0.3713128907458836,0.21419356217892627,0.12166520989643072,0.1331739167784475,0.913581374187837
0.23274962200507826,0.5302453056440105,0.18349806164426252,0.053507010706648706,0.07999827522315142,0.09997848748872187,0.8001548856415304
0.4324674606122945,0.294734386891938,0.08192936612919394,0.1908687863665737,0.07974391848737539,0.09413768108995546,0.8470988191346484
0.13885210342866444,0.2596209508673668,0.5891487682417968,0.01237817746217189,0.11179845935799286,0.12590191368326872,0.8879806198914824
0.06867842038267534,0.0972474346504944,0.5818294539017977,0.2522446910650327,0.14590424513146433,0.15498053867809364,0.9414359143151421
0.18800014605131662,0.26279752562423603,0.40530532423224874,0.1438970040921986,0.11173102916799989,0.121807589072852,0.9172747775278155
0.26367179866427753,0.2417366797016189,0.1135153355113806,0.3810761861227229,0.11543754110365056,0.1333934638514829,0.8653912850795745
0.002306582942493505,0.4477788721163965,0.5289294483151633,0.020985096625946578,0.11492708927946144,0.1330889263529851,0.8635360764324302
0.1719199227746617,0.28372910791918327,0.059805891096221024,0.48454507820993403,0.12917933531625603,0.15396709764287952,0.8390061077586998
0.09049483319694496,0.37483113393766654,0.2879095710895314,0.2467644617758571,0.12058740405817668,0.1351387074811387,0.8923232011450682
0.042496172596686414,0.11086309754670125,0.37700988012490433,0.46963084973170804,0.15908799224528009,0.17392384189290086,0.9146991609306997
0.1485426928891248,0.09648149107524868,0.6224731479934681,0.13250266804215827,0.12959606404050178,0.13889611221226847,0.9330431354510927
0.3310438182332355,0.34941253278847184,0.2368641522055625,0.08267949677273016,0.08314527584523815,0.09574526704046943,0.8684008976662466
0.04725434379594577,0.016851448405453082,0.4889075072493982,0.44698670054920286,0.16485815446155094,0.17692434967797827,0.9318002567855181
0.1583525013043808,0.4456766399324258,0.35890183501643913,0.037069023746754165,0.09561349482317412,0.11184055993391459,0.854908942513084
0.0728831352912959,0.3027424353456714,0.17027120156468842,0.45410322779834444,0.13901095897439508,0.16001381817880903,0.8687434657615376
0.07458318663715126,0.3803888017057739,0.25364984455389394,0.291378167103181,0.12444198995586749,0.14052131281405789,0.8855737785522467
0.2101920474546874,0.021547719308553863,0.0740131196709365,0.6942471135658221,0.15566357196449743,0.18651369903680415,0.8345959185216784
0.054879477004531364,0.1632466239293126,0.40873205004062824,0.37314184902552777,0.1484630305263423,0.16070583097873264,0.923818567267727
0.25848079303254196,0.2761018464398757,0.22089682101463132,0.24452053951295094,0.10653537616622702,0.11879476447591861,0.8968019477644846
0.12315379190283446,0.3030447429057214,0.12419896147889824,0.44960250371254584,0.1322265528058011,0.1540840771490852,0.8581454700076784
0.20896708302183467,0.5087351528751552,0.2424600551656434,0.03983770893736683,0.08412735242401745,0.10285672208878291,0.8179081611350708
0.7806354414223782,0.11694632757213391,0.08130578739235883,0.021112443613129146,0.040217308589976596,0.05589705163955361,0.7194889070234648
0.12507187489794683,0.11478047455677069,0.47901130619002075,0.2811363443552617,0.13861503551648835,0.14763616694700335,0.9388961958504836
0.0444205956006754,0.12152788679460125,0.21294888960388592,0.6211026280008375,0.165558223028386,0.18976179812602112,0.8724528575474317
0.03421019116975416,0.2872031726820627,0.152705174473265,0.5258814616749181,0.14887049441711286,0.17306779941478895,0.8601859786771613
0.20369311969306544,0.36045909326856485,0.1899276736721327,0.24592011336623693,0.10697917264672814,0.12199801254621725,0.8768927494306562
0.5198906262604616,0.09306547959543754,0.1771253576839066,0.20991853646019445,0.08546490704151474,0.09448112398756689,0.904571235337562
0.9477284878971477,0.01968886481731587,0.0294372555364111,0.00314539174912528,0.025377456975441786,0.050295841916893604,0.5045637175608723
0.16545227281464334,0.338008606893833,0.30859404648145455,0.1879450738100691,0.11084776967309319,0.12315353942711225,0.9000778230876412
0.24579088584029338,0.1831591603590313,0.22346939783046207,0.3475805559702131,0.12077347981054999,0.13403814175459414,0.9010381539880644
0.4195908227163534,0.20954714656918844,0.15704563236601815,0.21381639834843996,0.08938024123876098,0.10049429473654034,0.8894061247266187
0.03079927017465797,0.38816821836122706,0.5651377921906093,0.015894719273505498,0.11573737337207156,0.13267943338041835,0.8723083180512948
0.1569921979133614,0.5799131156009284,0.12457413070121703,0.13852055578449304,0.09012399281241339,0.11261917603158257,0.8002544148177686
0.4219257793018768,0.4106559850314565,0.03177582003942886,0.13564241562723775,0.06907929066960138,0.08785478447664961,0.78628945573205
0.5006712627960067,0.14644724257996744,0.32029903289063133,0.0325824617333944,0.07482607951679143,0.0838046883940216,0.8928626900321406
0.11656398526524914,0.20690558278839885,0.1421812940696146,0.5343491378767373,0.14501169218628257,0.16820736863835803,0.8621007115214695
0.5569932879784936,0.29717459809265545,0.13054038430915177,0.015291729619699105,0.05458149119636835,0.0692823995034409,0.7878117904051168
0.0828288524426496,0.8478570904918167,0.045283057678069435,0.02403099938746419,0.07260523191248341,0.11171327164549082,0.6499248553286286
0.09554277874553728,0.35482333348076767,0.2172119580458031,0.33242192972789186,0.12581466857101334,0.14278438295617055,0.8811514674516872
0.15632298587813345,0.23235914706880734,0.19083535896116993,0.4204825080918894,0.13211340547493255,0.14970796633248118,0.8824741175197486
0.19678336381474132,0.4744283794117848,0.17782690976827928,0.15096134700519478,0.09401195970140061,0.11147325095527319,0.843358912526211
0.08284721372837253,0.027128617457954328,0.811738510413671,0.07828565840000215,0.14097385573867532,0.15397967113442718,0.9155355034860574
0.32502756126313714,0.31552621228769034,0.010691873620996429,0.3487543528281762,0.09994203769418578,0.12154915246000914,0.8222355785415096
0.3685454208765716,0.19633644396823066,0.2358736907713772,0.19924444438382047,0.09634440198777826,0.1057215588935406,0.9113032667707356
0.5201800615163756,0.16018062084931117,0.12158003029535998,0.19805928733895337,0.07946510670187397,0.09037138217488526,0.8793171553810515
0.2629177833861631,0.21165199876757726,0.22225118545746458,0.30317903238879496,0.11404747987783236,0.12642988691604098,0.9020610763779969
0.0049555388641621834,0.7272406079977392,0.11714018970396618,0.15066366343413246,0.0987097144795464,0.12799501765972526,0.7711996629584924
0.23339216322916895,0.08766012138467277,0.15405911516424145,0.5248886002219167,0.13889063908053004,0.15949577441290408,0.8708107759705829
0.19376961233536225,0.39713699824242127,0.2729627480218493,0.13613064140036732,0.0998455226070276,0.11364945610865893,0.8785393791200061
0.2933515243640066,0.08558277145128457,0.3541663381075941,0.26689936607711456,0.11836264842043208,0.126453513218703,0.9360170817533741
0.1407354101021453,0.056678032563229765,0.17691891153845166,0.6256676457961734,0.15845353637147142,0.1828937081760595,0.86636953207236
0.12301335467341523,0.454613499881138,0.1849899640728341,0.23738318137261263,0.10950834297059561,0.1274543148156837,0.8591968277336047
0.01142772709823734,0.6921206293341846,0.04221550952031959,0.2542361340472584,0.10585655183285729,0.13652698004248878,0.7753526211442859
0.21993577990819801,0.2812170915475147,0.051786143455406435,0.4470609850888809,0.12126403054257714,0.14460317964293928,0.8385986452165698
0.3235614482906391,0.4138045422487305,0.11255122507615875,0.15008278438447165,0.08233678756154207,0.09884712494255016,0.8329709903995298
0.027163754108249956,0.0011841190979264655,0.9556907727152838,0.015961354078539828,0.1471720501420204,0.16539516785527017,0.8898207369081302
0.15881297476104186,0.6313941160778831,0.16959455172237642,0.0401983574386986,0.08085270186676884,0.10566426543692023,0.7651849140524857
0.4687040783971818,0.23976175556365534,0.0036097905988230856,0.2879243754403396,0.0842837481352909,0.10268091555949856,0.8208316772015204
0.28108833486911317,0.4218498740879597,0.24406792842666972,0.05299386261625726,0.08236021967079135,0.0976245881265522,0.8436421730561012
0.2410631189478486,0.2811594991121108,0.36440749766074276,0.11336988427929796,0.10183752882177573,0.11217926821277406,0.907810600338533
0.22196805812597442,0.2914943524278059,0.26346272420486694,0.2230748652413529,0.10897834751146653,0.12076310872579768,0.9024142278326952
0.10605761527144565,0.05438248991625889,0.34473232824607464,0.49482756656622084,0.1566032891497224,0.17186288035602892,0.9112106629733253
0.13626655808109356,0.12605688496104517,0.5148013751628153,0.2228751817950459,0.1333445557423265,0.14190803015490694,0.9396547580624399
0.25376137398838006,0.21293483753091108,0.18979950920575792,0.3435042792749508,0.11715144834278522,0.13141992691225365,0.8914283480084783
0.19783419464155114,0.3688401613106517,0.05583085111728135,0.37749479293051585,0.11364908143827201,0.1361026102917274,0.8350249947056294
0.38234504914128825,0.14106722051768866,0.09776964223332053,0.37881808810770257,0.10795067037560256,0.12457387185328896,0.8665594861074593
0.2683821677386799,0.06182687266283322,0.21729927963511356,0.45249167996337336,0.13278875237911364,0.14837509978754695,0.8949530788471188
0.28913668537713016,0.20197355880174434,0.28392065546957374,0.22496910035155182,0.10750280121441114,0.11706033329924047,0.918353794018359
0.26752481884282686,0.10153541890755174,0.40559674584183136,0.22534301640779006,0.11836609085821788,0.12590418805093245,0.9401283046306199
0.45489073811093034,0.35121765557981355,0.01131355561130252,0.18257805069795358,0.07189569413409165,0.0900895979654486,0.798046564284428
0.23638093519525388,0.16899744567852867,0.44533629203847047,0.14928532708774692,0.11321494912472203,0.12149884591924641,0.9318191318456619
0.123586356497032,0.1260086978658513,0.14566037725271871,0.6047445683843979,0.15409030624533762,0.17925049012954924,0.8596367359105815
0.5449835623064375,0.0773183930452765,0.33875022830711615,0.03894781634116988,0.0749140562735995,0.08315410684266945,0.9009062705145708
0.09142353310754825,0.37674895366714756,0.26283868988938863,0.2689888233359155,0.12142446556944268,0.13672113071230715,0.8881177688981217
0.2676838582916313,0.5093934777108288,0.19645726571528646,0.02646539828225334,0.07577289011933427,0.09532774951232176,0.794867082323601
0.31498643427424505,0.28371156282251875,0.32974660968036906,0.07155539322286711,0.08993260817969,0.10057017031441008,0.8942274622637694
0.43552341878709644,0.0416222116927012,0.19681887958324848,0.32603548993695386,0.10635395311910906,0.11743721867130463,0.9056239097145466
0.06588992299362238,0.23168255653853626,0.06434067441174914,0.6380868460560921,0.1548040477905508,0.18580431174806358,0.8331563801407
0.18931345699119567,0.35538376421385126,0.037040363095160095,0.41826241569979294,0.11787167023902612,0.14218746580920022,0.8289877702525257
0.09649672529273111,0.7478110810650226,0.14054922141612042,0.01514297222612571,0.07838768783804942,0.10995619891523574,0.7128992145179354
0.1095831986551799,0.09282917649633989,0.4233966718059515,0.37419095304252875,0.14703739770724586,0.15798562366688731,0.9307011251686685
0.6605947677463453,0.036984599277321506,0.2054882508132712,0.09693238216306181,0.06601053135894246,0.07422711737920372,0.8893047943882122
0.6342933759326274,0.20044932413958813,0.03548206793364717,0.12977523199413718,0.057994676797298236,0.0721712678719352,0.8035701534329047
0.10401441581287416,0.5386296791358327,0.29932612600587133,0.05802977904542185,0.09628924056573085,0.11562115193911175,0.8327995263050013
0.5198314018091975,0.32330939781369517,0.020127547546945224,0.13673165283016206,0.06339374858121681,0.08027163180093602,0.7897403747618544
0.33877275868608514,0.24217362495812356,0.12959492392109845,0.28945869243469263,0.10105858599589365,0.1153827346834321,0.8758553545568264
0.2884412760396816,0.27713930602317316,0.022981170773263282,0.41143824716388216,0.11090340199118169,0.13365654125924414,0.82976411738854
0.09615649627344679,0.7199950440927246,0.05899853870412013,0.12484992092970858,0.0861425480035194,0.11654451381519516,0.739138593345679
0.2920353151878376,0.07027439729773498,0.06751452336188515,0.5701757641525423,0.13492224544938944,0.16024974087405458,0.8419498509855886
0.04482707323773353,0.24395930330506546,0.47269494278703705,0.23851868067016374,0.13658167024819756,0.14754889982936245,0.925670543163329
0.18283815466794096,0.008172995920708253,0.4068972767552325,0.4020915726561183,0.14568177885231692,0.15637850439124293,0.9315972129253526
0.2815727835888815,0.2713166657085593,0.3954871608307964,0.05162338987176288,0.09427137437034881,0.10521043114465935,0.896026880079316
0.08003819230503428,0.37783836745601856,0.012492827196238645,0.5296306130427084,0.13584949625599949,0.1664244912200529,0.8162830798525562
0.3855031301332204,0.11322844024715302,0.175987554485185,0.3252808751344414,0.10709036161963116,0.119335939041543,0.8973856700650009
0.023816360253010763,0.21593887566542747,0.2808109365465743,0.47943382753498753,0.1536004544906238,0.17185366319485393,0.8937863274783151
0.24466744436156232,0.39078430343951187,0.10198415955219356,0.2625640926467323,0.10005869259017257,0.1180948235492467,0.8472741614152725
0.10976167010670129,0.2933053025488283,0.3814712987481546,0.21546172859631574,0.12303964511203835,0.13449400168319833,0.9148336994378321
0.17830080377278054,0.47172030541264603,0.2136578137519805,0.13632107706259292,0.0958993249296565,0.11274556209711041,0.8505818157796415
0.36209076207213436,0.3933776749390536,0.1367592350545828,0.10777232793422913,0.07684660333220969,0.09206222459163624,0.8347245971198389
0.30273471618210096,0.4886806039709418,0.10032101720849616,0.10826366263846106,0.07696322171057458,0.0963501698393966,0.7987865702661701
0.4156218267740915,0.16302076373437177,0.1692106072382876,0.2521468022532492,0.09553484153328085,0.10646707482401141,0.897318177391448
0.11997663681784419,0.7292281180132045,0.08056602625533198,0.07022921891361919,0.07957624871830483,0.11039604936025203,0.720825148902078
0.4722273350900916,0.2643082795577077,0.006148402639391852,0.2573159827128087,0.0803315832093119,0.09821967789594296,0.8178766712554049
0.6517457684687162,0.14429149111188805,0.1436047646720118,0.0603579757473841,0.056747629597485076,0.06752155879688435,0.8404371967802318
0.10682184978960398,0.1922828951358618,0.6509540528662199,0.04994120220831421,0.12322758802689823,0.13601215282362922,0.9060042464491457
0.26240547176710005,0.13615506415699877,0.24498352889788413,0.356455935178017,0.12281768029661794,0.1352414176604065,0.9081365932218725
0.17052914826119003,0.0317287021478095,0.5363360391320929,0.26140611045890755,0.13836322007716592,0.1461403209481304,0.9467833324813567
0.8133425026679131,0.0730033231834619,0.0495540445913024,0.0641001295573225,0.041630215276360454,0.05733821971919747,0.7260465267362006
0.61938147409511,0.2785707821025857,0.04632541187619584,0.05572233192610844,0.049980862395734266,0.06607071931941283,0.7564752270079939
0.43397857973731424,0.24710978104360917,0.1462478989081519,0.1726637403109247,0.08244718916620666,0.09387151175083297,0.8782982997551978
0.2615924205161381,0.14074844507463347,0.263102405409493,0.33455672899973543,0.12146094617691815,0.13297818410601683,0.9133900195244314
0.36362159125081966,0.33633412512655414,0.05428955666575168,0.24575472695687467,0.08811019947511288,0.1055157725356625,0.8350429263580775
0.10105155267848186,0.6939255978154263,0.09146601425533085,0.11355683525076092,0.0870270920891013,0.11538302915049832,0.7542451669871543
0.30816175376979227,0.4711614068349407,0.120554620145153,0.10012221925011415,0.07725217042563748,0.09554337890550996,0.80855598065082
0.10383358547997379,0.4501279391275965,0.21227007628248076,0.2337683991099488,0.1121798187128931,0.12954874865369853,0.8659274588036744
0.11459236700572986,0.11009888981285618,0.05673975788108816,0.7185689853003258,0.16222353036924292,0.19582713779915176,0.8284016821796474
0.12829637894736307,0.3921302032706012,0.4347205665120166,0.04485285127001899,0.10419369703869565,0.11896234111970741,0.8758544599744332
0.1286433737232165,0.29623147235407604,0.0791920826497456,0.49593307127296177,0.13437449719130384,0.1593480301086552,0.8432768017256156
0.3764231337440054,0.2620077113950566,0.3158423831849707,0.04572677167596743,0.08239071428547316,0.09295466344066185,0.886353747470322
0.06692399398558485,0.747055025031205,0.09871721272184299,0.08730376826136704,0.08590066719244592,0.11685901343066943,0.7350795173656793
0.3048757215394864,0.29021620988365254,0.04183761902436713,0.36307044955249396,0.10530238188679927,0.12575188462583878,0.837382137055959
0.06193739952824249,0.11774095341808143,0.030445519055999008,0.7898761279976771,0.17202266818776585,0.2104639018973797,0.8173499903638703
0.25167079368475653,0.0868581340677169,0.21644402101548935,0.44502705123203734,0.13258549865716618,0.14818817776192805,0.8947103652908913
0.23823242525064797,0.6021415391408399,0.13971136357893923,0.019914672029572807,0.0718541951876272,0.09647069780077817,0.7448292261346906
0.06914705348985763,0.4019637609389166,0.3181395286942561,0.21074965687696962,0.11939126501505366,0.13401805642544867,0.8908595468362759
0.17745897661945598,0.377026839860877,0.16752794494267464,0.27798623857699234,0.11066749777945017,0.12737120640587854,0.8688580480803435
0.20112052081663162,0.014208513571661323,0.16781252342653769,0.6168584421851694,0.15356057331736345,0.17738703292552324,0.8656809394959357
0.11297427856428979,0.5620768611591356,0.12280126012218863,0.20214760015438593,0.10045457490163077,0.12283269250988074,0.8178162739007788
0.42785272301742633,0.1822715833849035,0.15311425818780236,0.23676143540986772,0.09163549110743567,0.10284590139761811,0.8909979869120767
0.37897940573439926,0.29987020618868204,0.28343237739584015,0.037718010681078516,0.07862896129348745,0.09034198209974165,0.8703479762783765
0.10585465491657335,0.2468628825125058,0.13280267070477977,0.514479791866141,0.14221385385315205,0.16550492697532862,0.8592726298374881
0.07135157822653779,0.44612352913160763,0.06212429413127557,0.4204005985105789,0.12605444242555042,0.15218644872277273,0.8282895322380172
0.002226892210155305,0.6846577148266383,0.16712492890568167,0.14599046405752475,0.102237410029425,0.12861936874813062,0.7948834691424416
0.34972071361005475,0.151980212267798,0.07664706597830508,0.42165200814384224,0.11346049065646117,0.13264402203062758,0.8553758316395372
0.09409221798851596,0.03409123886860131,0.27836546967051407,0.5934510734723687,0.16471326622562327,0.18503875184812726,0.8901555192115305
0.018031277973283032,0.33798818555533716,0.15205337892268433,0.49192715754869554,0.14521323689648102,0.16911344034546616,0.8586735424448724
0.11186614409278171,0.03935302749308347,0.7646040279039023,0.08417680051023267,0.13651799909400336,0.1485023133386797,0.9192988043402094
0.4404225231924833,0.35953004176748155,0.14551868704435256,0.05452874799568261,0.06670910604336278,0.08131628204281438,0.8203659140273939
0.2345984595492953,0.237996772223822,0.46635603373770373,0.06104873448917894,0.1035148952051448,0.11414939138414945,0.9068370312793333
0.43404862694270147,0.36936274027523597,0.17996158584538138,0.016627046936681128,0.06485601162226398,0.08012098768714188,0.8094759375098458
0.04213816177526926,0.037965329410380756,0.2671391705991221,0.6527573382152277,0.1741226795271459,0.19753855720006328,0.8814617358513852
0.31425105411960846,0.07850238842882863,0.2753771518576638,0.3318694055938991,0.11946064216983956,0.12981157138213886,0.9202618911234942
0.5659644486068024,0.007374581062816701,0.11601179401337297,0.3106491763170079,0.09136711401194074,0.10407628259460286,0.8778860248865078
0.03070955108343645,0.16140723945683086,0.5294654326279122,0.27841777683182045,0.1470160680441978,0.15721548576121266,0.9351245987783526
0.23876205828436275,0.2312844782421431,0.3841347201190926,0.1458187433544014,0.10774911133138144,0.11696002421991308,0.9212473411324462
0.305263642675857,0.37780102402705,0.22651697067905896,0.09041836261803408,0.0846125626608763,0.09811355321166128,0.8623942349569262
0.5062475274220913,0.007844342173795914,0.16042440094616,0.3254837294579529,0.09983446053412212,0.1116092286702624,0.8945000491766897
0.29943493547240907,0.2518477403541116,0.08096797760017954,0.3677493465732999,0.10931310648892291,0.127876565852544,0.8548329849190129
0.5284522668669146,0.006371235250517645,0.011728167108576907,0.4534483307739909,0.10346392302595925,0.12558525844896323,0.8238540438884879
0.431331169492091,0.08088063632296844,0.42116690431301984,0.06662128987192072,0.09078756155378673,0.09843524971393881,0.9223074235868054
0.1309526138179707,0.208465523942613,0.605733962860436,0.054847899378980325,0.1190413132572038,0.13120360361449063,0.907302162271223
0.09283935570504254,0.3278812243502063,0.3068289476438666,0.27245047230088465,0.12532290942537222,0.1389833716832854,0.9017115350385759
0.3672052950299107,0.3681475630829671,0.24151896961723407,0.02312817226988818,0.07396791521296867,0.08819684116335542,0.8386685309507583
0.16717922322369094,0.5267214236197,0.17774059942817397,0.12835875372843508,0.09254692477776594,0.11192172412917413,0.8268897347484853
0.007441779937442365,0.5625499138711575,0.2648440171736439,0.1651642890177561,0.11228678994932768,0.13246352531656036,0.8476808214260155
0.26148369735324484,0.041956510098414154,0.4977467975468544,0.1988129950014865,0.12259124828627935,0.12953111466286335,0.946423171030013
0.8610458150416213,0.010497183366273087,0.0802926989474716,0.04816430264463405,0.03963248450751909,0.0558446213060889,0.7096920630957497
0.05555629542599601,0.2621592843877067,0.026352097902752426,0.6559323222835449,0.15460155495778125,0.1883674556683835,0.8207445092317521
0.1593857679591715,0.2537241515515774,0.5157128944195329,0.07117718606971815,0.11254077734466741,0.12397034359527825,0.9078040286157103
0.6028625439328281,0.039124041702431396,0.027533963256830166,0.3304794511079103,0.08502191850793335,0.10197220531273077,0.8337754219121389
0.17646238769523379,0.20811767165850398,0.33355084318054523,0.2818690974657171,0.12450393074022516,0.13525535108166123,0.9205102034377565
0.43557128233998227,0.3191894488387966,0.24221201662549466,0.003027252195726504,0.06799193999848491,0.08155158372765808,0.8337292409371757
0.23032127291630006,0.38751892171493857,0.2971402347405528,0.08501957062820836,0.09330769931509629,0.10681291840570538,0.8735619315323594
0.25418716428558596,0.18887884216680687,0.23823053387357046,0.3187034596740368,0.11778053425323114,0.1299757012181219,0.9061734858854491
0.19154555582129912,0.5558473734406791,0.2332765692751017,0.01933050146292001,0.08159781294112278,0.10279511808177168,0.7937907408814219
0.25263581018964104,0.37700801305179665,0.34545933839812204,0.024896838360440408,0.08824154554922498,0.10244045608993703,0.8613935247589468
0.4553097874172154,0.04395646082410606,0.24349904999109995,0.2572347017675787,0.10015494585821245,0.10851103912767789,0.9229931504053394
0.2419034620723649,0.0655513533570753,0.05050468019583066,0.642040504374729,0.14541046688076298,0.1748699807251972,0.8315347567246036
0.438194563453193,0.0729512890621535,0.03676554181954347,0.45208860566511,0.10980303390936813,0.13097097520429077,0.8383768521086101
0.04620220954783112,0.4918755847475074,0.20002256021619025,0.26189964548847117,0.11773864825340491,0.1373680561941672,0.8571035473267782
0.595452408711213,0.050567522856935956,0.23347125981215058,0.12050880861970045,0.07457122546997245,0.08188444191690865,0.9106885718979779
0.047892185613335435,0.30563888406835205,0.011922742539599152,0.6345461877787133,0.1510502145337339,0.18509744929279032,0.816057785295572
0.13937155353799807,0.4794835276080024,0.07492636591426298,0.30621855293973643,0.10883394347840687,0.13164849481416638,0.8267010088648238
0.07049187977602119,0.26302430080923955,0.26178087276795686,0.40470294664678247,0.14002925889671722,0.15659262595411658,0.8942263918464933
0.5379686413419101,0.2930340571449674,0.01428631277430803,0.15471098873881464,0.06435690149089505,0.08087104474611544,0.7957965881723863
0.22840787860420278,0.08078145943988563,0.38766252024546133,0.3031481417104502,0.1290018661117853,0.13780503635586067,0.9361186609947802
0.014888965574391093,0.3418731815817013,0.042524000832235447,0.6007138520116723,0.1507502725493767,0.1828386325161175,0.8244990157432283
0.0815926065525154,0.24346231960441791,0.051437289823715614,0.623507784019351,0.1510913647807871,0.18200488818603547,0.8301500376536577
0.021096382529632272,0.8424011041873242,0.07606712364967722,0.06043538963336621,0.08288715141783017,0.11972069739829737,0.69233769280573
0.1657150007508721,0.14255164593410607,0.5702297419626676,0.12150361135235406,0.12312809879527582,0.13246175941633337,0.9295369421168458
0.08585378089930404,0.32584399622960486,0.29427356438617847,0.2940286584849125,0.1274729217089677,0.14170862353328045,0.8995424451288282
0.5686725444033303,0.04949139058950103,0.09190355712913954,0.2899325078780291,0.08660988337430843,0.0996640969755924,0.8690178911220062
0.3686844462958279,0.07993163311402167,0.4877594777091841,0.0636244428809663,0.09885771347646895,0.1071436177588977,0.9226654423684452
0.24290852004181443,0.43346420776422123,0.3205429585129206,0.003084313681043832,0.08389897145747864,0.10052272673578859,0.8346268966419563
0.2687778178574026,0.06305152352207517,0.14708262668359726,0.5210880319369249,0.13606916339361788,0.15641454534150373,0.8699265346233288
0.06264160810992504,0.8665996076688339,0.008838557911825437,0.0619202263094157,0.07562463364767384,0.11593336333373455,0.6523112197648838
0.029841489794527547,0.396110845137167,0.165806946644362,0.4082407184239436,0.13484377463693528,0.15656642874006446,0.8612559903298703
0.6695551244990278,0.31352947615196736,0.015196448124935898,0.0017189512240688735,0.03796142328417244,0.059133526790435376,0.641961089496738
0.2506634129060992,0.023973778316831125,0.16992091308698273,0.5554418956900871,0.14326794884136498,0.1641878104960259,0.8725857809330658
0.26271895197207423,0.42110639409926753,0.15563993885892613,0.16053471506973213,0.09018476046917556,0.1061716172412312,0.8494243830181837
0.05650367911803097,0.2585295916196651,0.07391699329886518,0.6110497359634387,0.1525246411832547,0.18236212377437994,0.8363833345786188
0.29308253158360537,0.03628167101195038,0.47515578716765833,0.1954800102367859,0.11877073772501456,0.1254568176131817,0.9467061255388911
0.21582259946748478,0.40508059216250913,0.16167753848893973,0.21741926988106636,0.10040757819027957,0.11662096959423898,0.8609736185492978
0.2913888722456848,0.02610194999998302,0.0786663812899819,0.6038427964643502,0.14022343043127986,0.1664159796237911,0.8426079679864666
0.7750587052702135,0.03965648787723688,0.11769897073862151,0.0675858361139282,0.04944914109038972,0.06160750801063532,0.8026479675472883
0.19607886848775732,0.14831149988057063,0.007714037636848204,0.647895593994824,0.14503960680588712,0.17736255198225764,0.8177577802353457
0.5198798519773722,0.2551250984855695,0.1565798858945539,0.06841516364250434,0.06542636954622127,0.07698089244071173,0.849904014773674
0.3390635224115121,0.2686566326745946,0.34268692785343136,0.04959291706046204,0.08690885732555897,0.09757602332167055,0.8906784101976974
0.41518106817336853,0.18992025108931163,0.12730693390417014,0.26759174683314974,0.09421242839197466,0.10695583757540424,0.8808535422440554
0.5878227281436094,0.013874400108400249,0.08226630944504806,0.3160365623029424,0.0882749214478059,0.10239962129783128,0.8620629678996231
0.32335286456898604,0.33799797512887825,0.07088970826977169,0.267759452032364,0.09431226219733976,0.11182603125520209,0.843383791222157
0.009965490355725947,0.5595452493495177,0.2799563708604442,0.1505328894343122,0.11146751077750984,0.1313465902526259,0.8486517279445049
0.09880769882978978,0.11403290625084402,0.35410457975091825,0.43305481516844807,0.14968510741048222,0.1633503118909415,0.916344178824815
0.14899576452445543,0.46065059870414926,0.13482379212547893,0.25552984464591644,0.1065549949477847,0.12596626854383688,0.8459010192137512
0.1554719938511514,0.0990226162159136,0.49455502423281233,0.25095036570012275,0.1344143497870834,0.1427209991279004,0.9417979877412928
0.21096200304312882,0.03872375361830897,0.08112196967717657,0.6691922736613856,0.1529366529979978,0.1823885021810906,0.8385213495867709
0.4153862480618928,0.23918920974005517,0.32610401241748904,0.019320529780562812,0.07783067746177763,0.08864386668903437,0.8780153705930973
0.436880495674106,0.2208857699002874,0.2955440410986082,0.046689693326998565,0.07786915863669318,0.08759158885460934,0.8890026959774171
0.17540590671319475,0.178836174940549,0.06614459005167295,0.5796133282945833,0.14187100454676993,0.16903231693773343,0.8393129025086431
0.05991324876091537,0.3334954628487922,0.25452358678386444,0.3520677016064281,0.13313502571349906,0.14970804010046157,0.8892977666674335
0.24870030261984083,0.09245137209400968,0.07695421150362286,0.5818941137825265,0.13936755658102623,0.16514161509040345,0.8439275376151085
0.38839384470368976,0.3102889611106508,0.2810544888299639,0.02026270535569542,0.07569881856745303,0.08816628451421157,0.8585914557310295
0.10058998026919769,0.6093623814917968,0.23299365291635296,0.05705398532265257,0.0910270113117932,0.1137235692998506,0.8004234467156561
0.28071736589138313,0.17718153760912886,0.48999112462742367,0.052109971872064426,0.10193771801899311,0.11183725022755543,0.9114826930345683
0.07248167601682405,0.6513560784229009,0.15373461395030266,0.12242763160997246,0.09459027742447944,0.11965661722436226,0.790514387074121
0.37694867533457127,0.14178280906203924,0.07497239740537981,0.40629611819800965,0.10996885339144308,0.12844119424009937,0.8561805582862665
0.3492444581135406,0.06540534995637984,0.5160641526176574,0.069286039312422,0.1028300944143504,0.1111717576312214,0.924965986014704
0.02116692986228915,0.4603708324996359,0.11463513138326062,0.4038271062548143,0.13060998783067226,0.1551847739671234,0.8416417699480142
0.6361077611202954,0.30119008992676966,0.027006343380601556,0.0356958055723335,0.044995574138836716,0.06325790537619982,0.7113035733833493
0.5008109027737538,0.002103433177833573,0.3669457807717861,0.13013988327662637,0.0912333021490166,0.09731923973690626,0.937464188948224
0.30377032137959453,0.34837291878552235,0.33291212897703526,0.014944630857847703,0.08338725626070329,0.09698639049503266,0.8597830668311562
0.04505715512175985,0.6895437799713681,0.050614706195271336,0.21478435871160081,0.09971828537204183,0.129405362115234,0.7705885114964852
0.5804361483154064,0.007017131929638032,0.06830604525676505,0.3442406744981907,0.09119396388953568,0.10675906224466107,0.854203493100617
0.03670718822278455,0.2228622659025094,0.4951401806318581,0.24529036524284792,0.13966360252097965,0.15039066910718904,0.9286719937487358
0.35792207771432427,0.06598381089635397,0.2320173633169471,0.34407674807237465,0.11539526242904825,0.12662434643929538,0.9113197080497436
0.10164129465908049,0.5957474570186265,0.031898869753475834,0.2707123785688171,0.10266245406127027,0.12999533174077774,0.7897395443860118
0.05135856866389533,0.37129152978117297,0.23636903667338557,0.34098086488154616,0.13066910693527709,0.14816083857124462,0.881940924439649
0.36918544062911496,0.15054428371978104,0.05728253006400761,0.4229877455870964,0.1111117372999874,0.13100662389542303,0.8481383154235249
0.42846436942744986,0.30489583054546626,0.02264923757889879,0.24399056244818512,0.08210749365320348,0.09982970552500613,0.8224755669807776
0.35444517010008336,0.19107419578986784,0.04339427573254705,0.4110863583775017,0.10919051014267482,0.12966023550736522,0.8421279640238843
0.5367802319307311,0.13445141625218537,0.24127420015676107,0.08749415166032243,0.07383716413184624,0.08190390539907198,0.9015096871398132
0.5215724645081368,0.12866499678500942,0.18400233117240616,0.1657602075344478,0.08019039024786388,0.08886249094940167,0.9024098851057902
0.44016907335067024,0.29827995781295125,0.08442046183962382,0.17713050699675464,0.07777214918921449,0.09198092157084548,0.8455247877606106
0.13714951948584433,0.21555210052057003,0.4043312438588473,0.24296713613473858,0.1270747512319316,0.13710809596665735,0.9268216463514619
0.3125842381425003,0.06257457594836417,0.23358031896106426,0.3912608669480713,0.1239211263130094,0.13676777425999953,0.9060696277577182
0.21827652529615257,0.10970636679459901,0.04956886380937859,0.6224482440998698,0.14396995457292572,0.17292750314138947,0.8325451530703742
0.299205378387635,0.21890353555977088,0.054932343455808996,0.42695874259678507,0.11493895509466504,0.1361150585745041,0.8444249761811028
0.46098111201410924,0.1395784997919603,0.006668495727162259,0.3927718924667681,0.09854477007814737,0.11912257524570587,0.8272552022560452
0.06614925690321391,0.1696739861878747,0.3862377861482674,0.3779389707606441,0.14672362624558444,0.15931069679038995,0.9209904243820695
0.026818995241333944,0.13726826972154962,0.7354388714538201,0.10047386358329623,0.1405557622200674,0.1529889185688902,0.9187316541281113
0.19992965268034352,0.23231212281613814,0.0016145931535019745,0.5661436313500163,0.1337313568937651,0.16345621293141457,0.8181478971978761
0.044214620212182684,0.2130806493198795,0.1631220636383565,0.5795826668295814,0.15618478076830497,0.18111825008542146,0.8623359639055864
0.13122345339093314,0.3695681966647555,0.4517766832388284,0.04743166670548292,0.10574707866127239,0.1199321931064015,0.8817238801549776
0.03565517288852151,0.15894195900846536,0.27454741644912045,0.5308554516538926,0.15919224338650959,0.1786318139942951,0.8911752046116134
0.08740601237297882,0.6691289584874598,0.05372247033731176,0.18974255880224944,0.09459402965262842,0.1230015775046866,0.7690472884302985
0.7753579559363147,0.12491590462589629,0.0819420335670355,0.01778410587075345,0.04009939865174505,0.055878906375944865,0.717612445418354
0.15101200703582696,0.13611204196785828,0.6050560752514884,0.1078198757448264,0.12487046951515517,0.13477396603275477,0.9265177332898795
0.11004533581373725,0.2547565908906048,0.034552592920132574,0.6006454803755255,0.14534585309174208,0.1759159930562397,0.8262230770870023
0.6735550196657797,0.12910020752751958,0.15662924186648455,0.04071553094021615,0.054145607388257876,0.06521533546182089,0.8302588188012376
0.05726011436057973,0.39744253714579136,0.5361545179357857,0.009142830557843222,0.1112179236893535,0.12820060232666278,0.8675304302078363
0.35918896159610314,0.1121267825738543,0.2729303642408967,0.2557538915891459,0.10712298696605554,0.11584437423116896,0.9247146240549431
0.2657078604575493,0.3378294577441511,0.3275936836357568,0.06886899816254274,0.09187507142911364,0.10401729035706894,0.8832673021353115
0.4568803471031958,0.07806938368723179,0.2932065107615723,0.17184375844800007,0.092952192104006,0.09976588326371745,0.9317031941500443
0.08574684923142536,0.321387787908551,0.5045341434002321,0.08833121945979161,0.11755844754022021,0.13034957570565642,0.9018705807349924
0.5480258049377289,0.1885127637959488,0.1022201504247914,0.16124128084153083,0.07173768829649588,0.08316476199029132,0.8625971695183899
0.6072104015382415,0.26767066395001515,0.07792663455256878,0.04719229995917435,0.052008609681986076,0.06680164433619573,0.7785528365176153
0.4027386227997147,0.2619991465080314,0.1353516424372117,0.19991058825504232,0.08667957672814672,0.09907833262996135,0.8748590577505818
0.6838989063493812,0.08727905483121516,0.03784654576414166,0.19097549305526207,0.06365959244084635,0.07730356519083788,0.8235013777655803
0.05425683038791601,0.3767579070727421,0.23174817704731115,0.33723708549203074,0.12966783375835308,0.14725437447553433,0.8805703342952085
0.14179594371177318,0.21405242518379256,0.6059790881916712,0.03817254291276324,0.11635096044840428,0.12903796705581397,0.9016800489275992
0.31017525637853344,0.35210227328736093,0.09322298786932452,0.24449948246478104,0.09373400893104084,0.11039824949573632,0.8490533985745936
0.2776534954928407,0.20647202587469837,0.39470860064188085,0.12116587799058005,0.10344557741548384,0.11215619409846371,0.9223349476772306
0.3369103552394794,0.4485971365981272,0.17567710241172357,0.03881540575066996,0.07225465317855102,0.08952977214321468,0.8070460970566324
0.043055715674895606,0.4641783468834487,0.06264688082119817,0.4301190566204576,0.12877444204261057,0.15582525030850755,0.8264029211418498
0.5876510819519541,0.33974045819536874,0.01875408075157438,0.05385437910110281,0.04911884164567162,0.06778882476151865,0.7245861219525769
0.19663288188929018,0.5437869813931165,0.23264180494618497,0.026938331771408093,0.08228168343151333,0.10279166654458385,0.800470370774904
0.14851725036473443,0.46668291223965264,0.24927520491239538,0.1355246324832177,0.10013435609757323,0.11649898897626561,0.8595298292071328
0.6646447679684051,0.1384944900242431,0.0713455740271276,0.12551516798022408,0.05879237936117907,0.07096190552853948,0.8285062093989842
0.0657899741203936,0.4583814648091212,0.18267444709124556,0.2931541139792396,0.1194344918785811,0.13894270970718117,0.8595952398674732
0.7135797513745958,0.09442473319391334,0.0877648131321021,0.1042307022993887,0.0548921887807589,0.06668208127768013,0.8231924938301596
0.12862751253004637,0.2598705478396919,0.02219948884799852,0.5893024507822632,0.14195390208303177,0.17250465680583035,0.8228989565354967
0.8124154552900853,0.1233396083758993,0.002067160123964627,0.06217777621005076,0.0376277109527195,0.05610610290009839,0.6706527277383494
0.003688804443997816,0.05479823169200173,0.7760664911473975,0.16544647271660307,0.1534089205227503,0.16460725359673897,0.9319693827015498
0.184852960714517,0.22431474561727752,0.06523125795488526,0.5256010357133203,0.13430398724339662,0.1596547070045841,0.8412153312807772
0.24768229022717145,0.2596844786314327,0.18662474380432562,0.30600848733707037,0.11232696834680664,0.12640809387652255,0.8886058234255904
0.18440241786374426,0.5151000949281613,0.28390077878310965,0.016596708424984747,0.08564951350470958,0.10493871209478332,0.816186055603091
0.1371488056606473,0.6961585590274193,0.04860556009699826,0.11808707521493514,0.08238232430266908,0.11200584280900477,0.7355180965259958
0.2174246764892637,0.16250182315200667,0.48239734802116224,0.13767615233756728,0.11561845382111353,0.1241230182984016,0.9314827773778236
0.16998111537198385,0.2503478851963052,0.020704231517626622,0.5589667679140842,0.13582296258164187,0.16478296844254,0.8242536462680818
0.19621016185002035,0.523972109881614,0.22409390522836614,0.05572382303999942,0.0853611013209682,0.10456500925912332,0.8163447976123086
0.14892069041774128,0.5076887595270625,0.024533822527577284,0.3188567275276189,0.10596804585990958,0.13159504764907817,0.8052586153735238
0.5631138095624774,0.07725899778171232,0.08926019384469629,0.270366998811114,0.08413283487489664,0.09687103592029063,0.8685035116598165
0.27560707358136133,0.30972568330691397,0.29004658483322654,0.12462065827849814,0.09562405868379481,0.10666736035275261,0.8964697201427201
0.24052527164105447,0.3591328124456001,0.2241584411152508,0.17618347479809457,0.09881026343091963,0.11207371989098626,0.8816541784017882
0.09162558469346457,0.1606719023112758,0.485870845458108,0.26183166753715176,0.13832650518180514,0.14789673839193127,0.9352911138258865
0.05001296784836118,0.06009751750077711,0.3540740905236218,0.5358154241272399,0.1654812839860129,0.18243615183069156,0.9070641006481353
0.365898039493225,0.5126541548436477,0.004807004973834368,0.11664080068929288,0.06725296251285358,0.09064298882001579,0.7419543793551827
0.17313915230101248,0.577847108911933,0.13324127947339254,0.11577245931366191,0.08705276445359683,0.10927944888153604,0.7966069132354981
0.47980447801404175,0.1092297683618399,0.2534076286143945,0.1575581250097238,0.08676494263971356,0.09414800658313165,0.9215802414584432
0.24145452411147997,0.10295843567026979,0.294084800197621,0.36150224002062914,0.12844934901291746,0.1399104001038607,0.9180829224815649
0.3708419944261267,0.5879440126360479,0.018008269411423326,0.023205723526402128,0.05591530589003981,0.08378427086926889,0.6673723517542588
0.4310316316395296,0.2011438865614974,0.3432990875281397,0.024525394270833334,0.07910064667548303,0.0890736666539243,0.8880362698305752
0.07814911969650647,0.37828967169600003,0.2628570755228206,0.2807041330846729,0.1236126473580078,0.13925925811084805,0.887644017603585
0.3551386689419952,0.21463172835779562,0.07600443461395187,0.3542251680862575,0.10437269317322988,0.12187205171088024,0.8564120461419286
0.15806538598109765,0.3673330039353509,0.35592529552351926,0.11867631456003218,0.10599867523563083,0.11877597009550517,0.8924252536131645
0.16053450002520267,0.37009153212208146,0.33319989914949505,0.13617406870322077,0.10633189586211816,0.11917198700655389,0.8922557937736695
0.0930829851851998,0.10939736748435497,0.5370602476062687,0.26045939972417664,0.14217039251338448,0.15113293780324258,0.9406976042408023
0.3416579597031897,0.024953826562819737,0.13283423963793012,0.5005539740960604,0.12861585781836277,0.14811143580123687,0.8683722301562395
0.14257858127834055,0.08164414823927764,0.1965363222159855,0.5792409482663964,0.15389529998799337,0.17589367617993087,0.8749336720358598
0.25539654599977624,0.16968174652437135,0.13623967341606358,0.4386820340597889,0.12515801100106885,0.14355885217964667,0.8718237092370217
0.2680079533210837,0.07724607415700446,0.3108923456706238,0.34385362685128806,0.12617196147826318,0.1365108611891452,0.9242631712904018
0.40358703221501546,0.1970347010699984,0.2853755668594055,0.11400269985558056,0.08747104471922713,0.09589169053816225,0.9121858654104765
0.33451160544222197,0.11818614913520548,0.27457416813362817,0.2727280772889445,0.11069500322614195,0.11990543647662555,0.923185857779859
0.023508359669281383,0.775714757326067,0.07559899165581589,0.12517789134883572,0.09114562722434985,0.12378020577792197,0.7363505873295859
0.31014703087971346,0.32599550666917443,0.1827724629990999,0.1810849994520124,0.09265549542470396,0.10550720499238386,0.8781911664837713
0.25459070367390346,0.13696562227781756,0.22302968635897935,0.3854139876892997,0.12521665812463215,0.13905698989925697,0.900470075005566
0.290778308918586,0.3116057679526782,0.23095426506312255,0.16666165806561328,0.09560344130765024,0.10730166441464024,0.8909781766125717
0.4903362951307456,0.03637304939366984,0.33253342114737516,0.1407572343282094,0.09038429939791996,0.09661821956371043,0.935478834179098
0.1399236188969567,0.6355964221903029,0.10415320163991565,0.12032675727282476,0.08697855363181264,0.11233184654057378,0.7743000432241303
0.14146658144516253,0.29727613678578774,0.1190210050752178,0.442236276693832,0.12993906730395746,0.15147652056537586,0.8578165567770417
0.05374741779216121,0.07539505901909697,0.3144517340502305,0.5564057891385111,0.16480152042241683,0.18339759258242486,0.8986024194856846
0.06367881619585558,0.6659448373661926,0.011895163362640886,0.2584811830753109,0.10137022605900892,0.13192305208160882,0.768404190620911
0.39466498455946725,0.10939987831168185,0.33032690503383894,0.1656082320950119,0.0982219733470853,0.10519822206191462,0.9336847279536393
0.16993046984351556,0.23933885554624154,0.23171879685840185,0.359011877751841,0.1267125243642357,0.14143138218832008,0.8959293362170089
0.0998141133453161,0.1094861070719241,0.7345707711348077,0.05612900844795202,0.13107172712175258,0.14400279762788604,0.9102026438434321
0.20280253385295297,0.31000576704239075,0.3476027520603093,0.139588947044347,0.1058146565879422,0.11689738222718453,0.9051926961229673
0.17317076849364327,0.03441078342761386,0.15728811705547815,0.6351303310232645,0.15649145397278047,0.1817093045685373,0.8612187160385882
0.5096272626216476,0.14857008569134297,0.017166186071588197,0.3246364656154212,0.08809467228464943,0.1058463961498097,0.8322878764805995
0.04875554710860874,0.006422410072278521,0.4944188443109698,0.4504031985081429,0.16566814599550572,0.17770141676008683,0.932283765746071
0.12693071215256962,0.09272080363529032,0.5178442549975866,0.26250422921455346,0.1392065545900704,0.14775870018606976,0.9421208660794267
0.09738055096928591,0.09452640472556843,0.20991646034413042,0.5981765839610153,0.15968724519399813,0.18245221480612023,0.875227770535354
0.13964845785692245,0.6502860115517554,0.03653773313626644,0.17352779745505564,0.08849920942721241,0.11645047172569965,0.759972957736687
0.033636496414076074,0.34564773476754296,0.5402052611181735,0.08051050770020762,0.12200096206977706,0.1360429301927851,0.8967828162543301
0.15008432963618892,0.6501038680306611,0.1884247879614579,0.011387014371692174,0.07905007842342718,0.10516339687978916,0.751688142156422
0.23021686355574236,0.21944849202368033,0.05228275515351897,0.49805188926705835,0.12741852283921198,0.1518394669899717,0.8391660308424779
0.327629648718614,0.12449041042757214,0.5099550692513961,0.037924871602417705,0.09934515641249528,0.10908482564157378,0.9107147197440578
0.08139400611560303,0.13022609992334544,0.441253966882462,0.3471259270785895,0.14635698756503346,0.15715525053415957,0.9312892001226585
0.29688679897182035,0.020545845205951416,0.2666693491340209,0.41589800668820726,0.1305559488515976,0.14332510316196964,0.9109077612458314
0.3788942409978942,0.4970933986496685,0.10855210913674786,0.015460251215689558,0.06174928933908477,0.08299158837131292,0.7440427463902979
0.544094031102655,0.05535370836741888,0.3140127168012543,0.0865395437286717,0.07916645647369491,0.08613193920181393,0.9191300835361625
0.05005347420567395,0.44911068430981677,0.154512990742327,0.34632285074218216,0.12488033614558615,0.14620016670880917,0.8541736918420462
0.11615000067553215,0.180602364417031,0.21557089441222582,0.48767674049521104,0.1448361477835789,0.16378069373366627,0.884329797864367
0.1998143322336706,0.25741223385710743,0.24913415977291736,0.2936392741363045,0.11811312180786944,0.13091134585562064,0.9022374725116179
0.17214778860756821,0.7037132652798817,0.06814774401238566,0.05599120210016459,0.07412328636363386,0.10435789510757601,0.7102796227082274
0.6803826301220619,0.01769834375777074,0.21209893460766185,0.08982009151250533,0.06462539515913554,0.07296921465643855,0.8856528806485273
0.06263916612208921,0.3945417593022669,0.04673023720842006,0.496088837367224,0.13509800952830828,0.16344042398126454,0.8265887118831434
0.23862908546175293,0.030813810849716794,0.19759779877308237,0.5329593049154479,0.14316107926776717,0.16238605406072557,0.881609446672255
0.3572184284906691,0.15947809034198698,0.3359565795711211,0.14734690159622288,0.09817070214866522,0.10582102391559459,0.9277050865333579
0.305651919702416,0.10703628636443674,0.13244766034007988,0.4548641335930675,0.12444555420918438,0.14274494228318194,0.8718035975124453
0.07292872751935399,0.05442222721667126,0.0734322415737883,0.7992168036901864,0.1761263274296596,0.21276514057132218,0.8277969170923436
0.2949834452444442,0.6300404104100655,0.020484062330415657,0.05449208201507441,0.06397352338617071,0.09252353086130698,0.6914297670077809
0.043744745444825185,0.31361836538187543,0.05528815266528923,0.5873487365080102,0.14859115068702322,0.17898875549780754,0.8301703102731687
0.13523497743645013,0.6885624230860318,0.13726409446370824,0.038938505013809854,0.07928138433706942,0.10739283988938345,0.7382371526698677
0.5738057749168557,0.1886811209343863,0.06601172079987766,0.1715013833488803,0.06888582875350187,0.08165913398844583,0.8435777528971677
0.05960837594779341,0.7728685065349474,0.1465738803144813,0.020949237202777877,0.08146889246412996,0.11397846716079614,0.7147744174274339
0.1888880838234466,0.41868184195779895,0.16500970426673944,0.227420369952015,0.10332102024392878,0.12013147266096136,0.8600662087571711
0.07017209094119446,0.03199388864072335,0.764463155357316,0.13337086506076615,0.14498666033942514,0.15598743762326187,0.929476517779556
0.1822701143688677,0.07241152821696706,0.5884358313500373,0.15688252606412809,0.12835608917789626,0.13664822685228284,0.9393176342979525
0.06034664169305276,0.3972665317152264,0.4932261702420491,0.04916065634967179,0.11283164686016864,0.1282966989912003,0.8794586902653482
0.3185525386429768,0.1336529154127912,0.03221548876728703,0.515579057176945,0.12367488960223698,0.14840950009152476,0.8333353964939317
0.24663523883327892,0.174006951133721,0.007560025915989294,0.5717977841170109,0.13260675206682662,0.16149466632272128,0.8211215582924158
0.3863470430335662,0.3240296789805565,0.0428872067509602,0.2467360712349172,0.08618931364893775,0.10368870151559766,0.8312314879936316
0.43351136107631544,0.4270429981161146,0.02134980969926416,0.11809583110830582,0.06538487476620512,0.0851216584330076,0.7681344086788944
0.39708249146098584,0.2128888853601507,0.08132695097659429,0.30870167220226913,0.09678324889137324,0.112483341257709,0.8604229551612848
0.31832860652607364,0.34542785334896603,0.08430548275069763,0.2519380573742627,0.0935799557524063,0.1104865952763995,0.8469801745478843
0.4036934600462974,0.19320582694378227,0.27379141848403143,0.12930929452588882,0.0885288487647732,0.09691401125965238,0.9134783259314938
0.513466849582501,0.03764550457991884,0.38581342439672506,0.06307422144085523,0.08339138025992414,0.09074644196804338,0.9189493103133526
0.08018617635420361,0.6123290039623596,0.14544763024218899,0.16203718944124784,0.09869133622902716,0.12229268901009537,0.8070092908078921
0.2566572925386088,0.2923522717771024,0.2515644843627941,0.1994259513214948,0.10321766779388741,0.11467875001747124,0.900059233102578
0.0033157588618351755,0.07202961760261485,0.13732611362835404,0.7873285099071959,0.18317300743511206,0.21721716084984047,0.8432713452218321
0.3699936932675901,0.0946560840773232,0.06707014715762098,0.4682800754974657,0.11774233692390072,0.13860616282875862,0.8494740386786829
0.21918843058651952,0.3837484648971369,0.25582682612633373,0.14123627839000988,0.097867440751482,0.11134183368290293,0.8789817583766811
0.12484400978425549,0.22883313138586744,0.5201744194659328,0.1261484393639444,0.12177105018537464,0.13213359977684722,0.9215752116874641
0.7297549007529079,0.07719503216387787,0.18027313882941826,0.012776928253795995,0.04959510674170155,0.06167561323396633,0.8041283116807059
0.03052101551432703,0.3367295525239671,0.29565185645108794,0.337097575510618,0.13594878255675102,0.1517561516567465,0.8958370456325898
0.014213780981332687,0.5273566061734718,0.15176062672075374,0.3066689861244417,0.12129712928477109,0.1441324505965897,0.8415671056913334
0.6015650708920205,0.22683565984387863,0.034770673940468365,0.1368285953236324,0.06049111776270864,0.07496025336619816,0.8069758978427615
0.4389793846105795,0.3227649852691882,0.219236177438409,0.019019452681823406,0.0680624538131808,0.08138182897234894,0.8363347773408526
0.3949918981913741,0.2406580414427165,0.33575221408360595,0.028597846282303444,0.08082830223381922,0.09138818908381685,0.8844502013240177
0.3504140141483475,0.22697193421955045,0.295520647679057,0.1270934039530452,0.09264309362080307,0.10162035302082727,0.9116588445802359
0.0013245028728120763,0.23687416223778757,0.024432557249167142,0.7373687776402332,0.1677463205295231,0.20533939655121905,0.8169222435972296
0.008448552979571155,0.10065964469196878,0.48309626427272656,0.40779553805573365,0.16123869344008496,0.17334795707473044,0.9301447571751585
0.3852269398588556,0.2240020607918934,0.04937611618594394,0.34139488316330696,0.09907007711316264,0.11715763252518077,0.8456135121360483
0.2961482160807688,0.30020103817057536,0.24288354485960095,0.16076720088905483,0.09552300890030677,0.1067475994162693,0.894849246471656
0.5320329087114494,0.3703039213256921,0.01637695219727109,0.08128621776558755,0.05527571904973561,0.07403360459214162,0.7466301195822487
0.12868430179608517,0.6050036429601173,0.2499323459119765,0.01637970933182092,0.08568973479629056,0.1089106681036972,0.7867891758289713
0.12210473237144046,0.4111194011970545,0.2722365530938042,0.194539313337701,0.11096379836283346,0.12580477193005418,0.8820317119968064
0.06050572411707354,0.20703999622532504,0.2350719903142331,0.49738228934336837,0.15044017063392287,0.16997102449826795,0.8850930391106508
0.4513541744953165,0.2240557995753265,0.3001960609549193,0.02439396497443768,0.07461919159830462,0.08501897576611407,0.8776769059601576
0.32176215479317916,0.17978469868725488,0.10777904214291376,0.3906741043766523,0.11332184920073896,0.13068030522710952,0.8671685377823133
0.054064894828272085,0.026861755011356795,0.36387868095364195,0.5551946692067292,0.16858235673175256,0.185793966042825,0.9073618499154854
0.5315553514405581,0.004145087208041027,0.4182048099274181,0.04609475142398267,0.08287093490728328,0.09083919134502483,0.9122817330300028
0.2608640794200085,0.4766651386562617,0.20085748096048522,0.0616133009632447,0.08103512363106022,0.09855322568692489,0.8222472990228182
0.6555389453900228,0.27103284976106895,0.019509283213276947,0.05391892163563129,0.04579325520019309,0.06327688945848332,0.7236963699082989
0.4815208038599414,0.08297815095412246,0.26030643403028797,0.17519461115564824,0.08952377397966024,0.09669067903197177,0.9258780150882825
0.13077958744016477,0.047765320183133994,0.4523213331986917,0.36913375917800956,0.14763411597702833,0.15770171474508887,0.936160499051428
0.437946682031284,0.05839986606294703,0.009871474034043398,0.4937819778717255,0.11308404094448359,0.13713875883656745,0.824595773680943
0.12329610223678125,0.0005351299621344633,0.5945686126363525,0.28160015516473175,0.14800870407048428,0.15619651503256757,0.9475800663006079
0.22158567924603895,0.47290290165040727,0.16469449751352128,0.1408169215900326,0.090402475645484,0.10793732786406668,0.8375459855679808
0.4034446617809512,0.256388263116529,0.2836556780329002,0.056511397069619634,0.07986670277263501,0.09013806756854487,0.8860485356189929
0.7970074108287435,0.16132467684980312,0.01855215868957676,0.023115753631876648,0.034638850125872936,0.05396307858836636,0.6418990730699445
0.12437791912068996,0.7914034806105035,0.06322991571421835,0.0209886845545881,0.07156802629319943,0.10726344725631065,0.667217287191829
0.6869639171252905,0.1533799717287291,0.04442177024569269,0.11523434090028777,0.05418601008042831,0.06781103723860915,0.7990736064066095
0.12616738638273656,0.22013869918268253,0.16820929276122856,0.48548462167335227,0.14026137491929724,0.16084983594378413,0.8720019768519851
0.3303744170155353,0.08959228251507718,0.5148220791983611,0.06521122127102648,0.10314450425032556,0.11180847085276743,0.9225106422048216
0.18761280538143454,0.017950020905078558,0.47991411993401045,0.3145230537794763,0.13990048631698102,0.14818153168505344,0.9441155367075498
0.20481164404982874,0.5049996078474116,0.07544289515875875,0.2147458529440009,0.09371181029292938,0.11518659472193901,0.8135652461916262
0.1286755099987664,0.2669685300244526,0.3476382467495673,0.2567177132272138,0.12475058695956487,0.1362703921184414,0.915463623610447
0.4990684372819238,0.16721008538011542,0.08918636359756735,0.24453511374039352,0.08397105200996037,0.09687388130877661,0.866807965939863
0.13802702791604304,0.7328171902214815,0.12208898685747373,0.007066795005001791,0.07378445090344599,0.10532167027239103,0.7005628633938196
0.21609895135922505,0.24013936685943327,0.14279445282267633,0.4009672289586654,0.12274434842247936,0.1407293787671162,0.8722013093342856
0.19410019600692321,0.02702921581871109,0.23955082507682965,0.539319763097536,0.1495706254084799,0.168093967578355,0.8898036471104136
0.23779617401400793,0.016654077827476754,0.5648191242124931,0.1807306239460221,0.12679070234928191,0.1340627466746962,0.9457564125322605
0.16848474470392588,0.06526675068218399,0.45482242226927455,0.31142608234461566,0.1384469472511457,0.14723608510592698,0.9403058166857802
0.03493033196844165,0.10866921590402989,0.053246328649291644,0.8031541234782369,0.17692322574569205,0.21510300915278038,0.8225046522711799
0.4518816439912173,0.1949710474984831,0.06676384824078628,0.2863834602695134,0.08997687549473879,0.10515794522429302,0.855635542353226
0.3073432900775844,0.17906958330975267,0.36549246680378245,0.14809465980888045,0.10312453861557783,0.11117110860907997,0.9276199536536336
0.09132208218100929,0.19312548740334037,0.257512251102788,0.4580401793128623,0.14558009928984467,0.16279292393929642,0.8942655231386456
0.2614124909014323,0.6050661475254795,0.01745284875122424,0.11606851282186376,0.07341451002186859,0.10001936408854137,0.7340029672342144
0.03325455885187536,0.16146213627922787,0.023293592127307278,0.7819897127415896,0.17185942208399746,0.21070806607903528,0.815628111832862
0.2128344347689266,0.5085996025916757,0.02155584318993634,0.25701011944946117,0.09449406124517852,0.11857478149354886,0.7969153310252529
0.33349917336495377,0.2037866909469699,0.17089829928369818,0.29181583640437814,0.10493296400701733,0.11766256461175104,0.8918126538654216
0.48409763599895395,0.1471270417277338,0.2985102365871654,0.07026508568614671,0.0788103982662246,0.08687299449460528,0.9071909944478619
0.301838525771342,0.5059857785658362,0.09687832787750503,0.09529736778531674,0.07504699775372448,0.09526128944528313,0.7878016158581447
0.4923435080677562,0.16372866203720607,0.20272655300899076,0.14120127688604694,0.07995711483251755,0.08860705281301343,0.9023786740909919
0.2960086135598484,0.44255156887274744,0.18821500931344123,0.07322480825396296,0.07977599514009807,0.0960471856227127,0.8305916995160043
0.30348389028301526,0.1583214479593139,0.037876351603306366,0.5003183101543645,0.12289729393418114,0.14701295437308165,0.8359623439870403
0.4004643425030299,0.0941974106712117,0.21150653455414536,0.2938317122716131,0.10509542823448985,0.11541905621191728,0.9105552556375739
0.1631744840259201,0.4673272796339962,0.24076481546315903,0.1287334208769248,0.09783780574975695,0.11426200179514255,0.8562584604912478
0.3062030845788827,0.6094481839663257,0.02339425546384187,0.06095447599094985,0.0644854680869867,0.09186083946577332,0.7019908424744312
0.3430861124556222,0.4541138159540234,0.1310786264895603,0.07172144510079423,0.07265577235948698,0.09036475651518101,0.8040277555252531
0.7421170607106286,0.0661287046259797,0.02575468560837444,0.16599954905501726,0.05653446319029077,0.07095224592375206,0.7967959640212774
0.45886685241481284,0.06912851026513264,0.44991825457089923,0.022086382749155347,0.08592134750232149,0.09508981411003593,0.9035809808492749
0.46072536708972356,0.15502075102812177,0.20402530148121178,0.18022858040094283,0.08671547121613334,0.09552253052698544,0.9078012353497683
0.22245730366857258,0.43504946579451964,0.2563820216940094,0.08611120884289825,0.09058215370166887,0.1058314473494868,0.855909618268186
0.050659486501291824,0.49111448243305816,0.16906351015704546,0.2891625209086046,0.11858323420561766,0.1393301925697141,0.8510950284252592
0.40364073008728196,0.23184823865286922,0.15463307563531334,0.20987795562453554,0.08947274377765059,0.1009979934505054,0.8858863500243416
0.019285299833180627,0.695234826711448,0.05451809237013998,0.2309617810852314,0.10342221393903225,0.13348682969773748,0.7747746663338817
0.1276538775583316,0.472497199976236,0.39863330124154245,0.001215621223889849,0.09566600098051249,0.11393963650010366,0.8396200296849767
0.051246342605081346,0.22276589339736758,0.11620276798132877,0.6097849960162223,0.15600595379036114,0.18383360322161196,0.8486258826265592
0.5905828077216361,0.207159529485453,0.029475174226349266,0.17278248856656167,0.06529059706567916,0.0798325172176634,0.8178446495387877
0.21940523900563116,0.31588997055496976,0.44625244433563915,0.018452346103759773,0.09712873859005834,0.11042467170799607,0.8795927312956191
0.8619392938372328,0.03730217809915226,0.036130556595307006,0.06462797146830773,0.03819511612664291,0.055743988579826806,0.6851880731847262
0.3354505404364848,0.05742451976604061,0.28174072363251107,0.3253842161649636,0.11806667897022192,0.1278830347261918,0.923239577657916
0.06391936188145947,0.18037299395493175,0.11396921139870746,0.6417384327649014,0.1593475650772608,0.18809581544210258,0.8471616697199161
0.28482554761707024,0.002423559197713491,0.3190430075146106,0.39370788567060566,0.13246418835749407,0.14352280210423876,0.92294873299148
0.08084816295084511,0.49481959567043116,0.3327782275050608,0.09155401387366284,0.10448187185643877,0.12173295775535999,0.8582874661306614
0.1065705954308253,0.09971117467977574,0.06999808691548286,0.7237201429739161,0.16435493576830645,0.19762574428634289,0.8316473967590484
0.23002586614440435,0.054976224099968246,0.6667147878132593,0.048283121942367904,0.11811269557034833,0.129280133174488,0.9136183005855424
0.6992523522065285,0.012832799457895783,0.12989574345197782,0.15801910488359797,0.06597152550069954,0.07588079972813282,0.8694099922123065
0.31123113037851985,0.03096217225656334,0.5144603253829942,0.14334637198192254,0.11423029786936348,0.12118508588993834,0.9426101985281318
0.25699688664744946,0.10905653201657922,0.16941502265707847,0.46453155867889273,0.13109246010844985,0.1488647325506011,0.880614621491291
0.00014663024852756886,0.01536101096458721,0.36551070461277646,0.6189816541741088,0.1797011398992299,0.19957377895736553,0.9004245990532606
0.25279109985911197,0.2779275991575288,0.04519272870315893,0.4240885722802002,0.11610737769972314,0.13861862871091002,0.8376029887142065
0.5936435809221345,0.12867294175415028,0.08378483221592672,0.19389864510778856,0.07222743139517994,0.08399227660901658,0.85992944007695
0.21503198366017992,0.4963345071024643,0.07889858939737263,0.20973491983998327,0.09282582754797866,0.11380389828750764,0.8156647438690441
0.6140698337489161,0.02799584793012031,0.21411999410146995,0.14381432421949364,0.07512196998920596,0.08263533305650902,0.9090780808959147
0.20107390747059295,0.0051716066024314715,0.10496671309553487,0.6887877728314408,0.15788605214220044,0.18721805112404102,0.84332707874196
0.08434636198093337,0.13702863124016082,0.17106957046064913,0.6075554363182566,0.1584504542591786,0.18323555292399055,0.8647364102145982
0.4962221373780674,0.09673794063421576,0.20926111673429829,0.19777880525341862,0.08764102715278492,0.09588652116369817,0.9140077884686578
0.06424240880129657,0.07169799177354298,0.8249263310682262,0.03913326835693445,0.13786931093179475,0.1527991972353779,0.9022908066684109
0.18934971703043427,0.04637250498860069,0.2934632082339545,0.4708145697470106,0.14521546487430603,0.16004023595877823,0.9073684752108799
0.26201619698771206,0.14219837484052494,0.46788671927582876,0.1278987088959342,0.11095695984915215,0.11898743557367499,0.9325098848814966
0.35674479650189744,0.0616609715439207,0.050964963649948465,0.5306292683042333,0.12522176214645134,0.14923686753518142,0.8390806120138598
0.3301922236225312,0.03625112191993105,0.3080637420465758,0.32549291241096207,0.12044956679602457,0.1297528149939209,0.9283002207055607
0.03873936621468049,0.23072664218054445,0.7284161157683119,0.002117875836463328,0.12661164480947115,0.14314982333848097,0.8844694450659228
0.4112440005849316,0.00032389810052907593,0.5478755722240461,0.040556529090493,0.09854019453044119,0.10776427514530519,0.9144050233490959
0.6250563696563385,0.08902889088182651,0.1492905307159322,0.13662420874590278,0.06845157111142501,0.0776004730657455,0.8821024976668731
0.11752605777219949,0.573895736271261,0.13778721193196736,0.1707909940245721,0.0973495032891418,0.11953870874887199,0.8143763999798135
0.041954107507875,0.45490039133325666,0.21075596490191667,0.29238953625695163,0.1227734115301633,0.1417568160337386,0.8660847144093785
0.4029827505914271,0.11263945005475658,0.1464714428139915,0.33790635653982487,0.1054964042457252,0.11886544622952198,0.8875279367732994
0.2198233864625365,0.6263598909630188,0.10809086645065347,0.04572585612379124,0.07360046128901832,0.09935502620704824,0.7407824656564491
0.04601114750206852,0.12892089266066858,0.039045482488824654,0.7860224773484382,0.17300600327929952,0.21104835008515227,0.8197458222700926
0.15560742214685094,0.06193838063683409,0.7152146442640763,0.06723955295223873,0.1281779423175746,0.1398191258327881,0.916741122175693
0.004836902193455736,0.28962927290281465,0.5547330660616434,0.1508007588420861,0.13374089882472986,0.14600926185320318,0.9159754465383994
0.022580173217444387,0.5950656455843782,0.1117594035631552,0.27059477763502204,0.11298906471673306,0.13824564370575654,0.8173065109901051
0.44876097239991897,0.20439905948373643,0.1837588777780951,0.16308109033824958,0.08346320334622412,0.09322375052189809,0.8952997801415291
0.5221178367340389,0.07085202780775923,0.2599217352687675,0.14710840018943455,0.08381193900942596,0.090754052983635,0.9235062926009392
0.032228354319301364,0.33704620467942603,0.5015400211846525,0.12918541981661988,0.1253058885549677,0.1382528606385482,0.9063529533943648
0.4816033679515161,0.2774128827690507,0.011479084704343973,0.22950466457508914,0.0766737647735333,0.09394876117815693,0.8161232123980358
0.06180788935867636,0.7953037337917505,0.11838873368562217,0.024499643163951125,0.07956565783822961,0.11375484160136455,0.6994485396679166
0.11520030126362941,0.025480297071592318,0.4265392306929802,0.432780170971798,0.15462454561859068,0.16649100193148317,0.9287261403005074
0.6528789458776199,0.14580095932300052,0.022551655589633728,0.17876843920974597,0.06240008225055669,0.07682044304133363,0.8122848525747502
0.4180156865737269,0.3633437639918225,0.029497792933688517,0.18914275650076204,0.0760475974511078,0.09392880560636525,0.8096301976819164
0.20500912440399696,0.3733633114510254,0.3871854350491754,0.034442129095802035,0.09520185536618844,0.10924412599112016,0.8714597192523365
0.3041618158490029,0.14026875804252165,0.4586331939052731,0.09693623220320248,0.10408427490638802,0.11224406258670293,0.9273031687176159
0.12236373820438536,0.15257770385853714,0.18195094517231708,0.5431076127647605,0.14904187836298496,0.17072356193736785,0.8730012229809434
0.002396626789307854,0.5699619192798746,0.185346835678401,0.24229461825241647,0.11620621588762083,0.1385620494633159,0.8386583219410756
0.0796594879166226,0.5369845899222333,0.29745101715865935,0.08590490500248474,0.10098074462718463,0.11994360088239699,0.8419018929254495
0.19623683301290765,0.030375979073553584,0.031975257580579834,0.7414119303329589,0.15912972989908566,0.19412128576688928,0.8197438486481938
0.24575045952619945,0.5574524985280425,0.023387507705058673,0.1734095342406994,0.08212671709138565,0.10662645142404073,0.7702283626112385
0.053229936975674234,0.08930133362694027,0.6462066910567109,0.21126203834067458,0.14649910342004085,0.15591902290432666,0.9395845400463678
0.8536267027418086,0.014389824959105022,0.08298331585997727,0.04900015643910924,0.04032735046879196,0.05616887402719981,0.7179661541597472
0.16542012502589484,0.1451256376618718,0.5420400272570687,0.14741421005516478,0.12425604323644218,0.13311085600027234,0.9334779068372001
0.38361324789597423,0.1828722430884627,0.3581409925809271,0.0753735164346361,0.08926917414817816,0.09776348425109392,0.913113672574321
0.3664953359805875,0.24367021754828555,0.12434667772152226,0.2654877687496048,0.09613637735614104,0.10991277528461105,0.8746606307338065
0.3825256288033804,0.0034425823818549674,0.3631189128374177,0.25091287597734685,0.11254190546387949,0.11938509522886094,0.9426796975630578
0.10466895233436811,0.27471017001530973,0.036372796252704113,0.5842480813976181,0.14362862666518827,0.17370770815229472,0.826840836212431
0.26632501051033447,0.14856015670987457,0.09019576339264507,0.494919069387146,0.12823888956622387,0.1501477929119648,0.8540844129584598
0.042358978850533004,0.5096591058630543,0.10945604899947839,0.33852586628693426,0.12064689759473309,0.14466893388745722,0.8339516601994753
0.061491492485431884,0.5547851825963476,0.35354055741392454,0.030182767504295934,0.09913242974440084,0.1196113507161067,0.828787812786164
0.31635758656594076,0.19702104821301694,0.005353088181335534,0.48126827703970687,0.11717524374137171,0.14223869102142372,0.8237930404162886
0.43127063817633204,0.1334787926913856,0.15022475748036782,0.2850258116519146,0.09750780420436173,0.10933893706675599,0.8917939648967791
0.4801713174282473,0.2600881707080029,0.2578617317328249,0.0018787801309247845,0.06686461408423384,0.07902084560587791,0.8461642440239866
0.2348572841359111,0.4942514060413819,0.18238345580375911,0.08850785401894788,0.0843538332799684,0.10248680434227778,0.8230701876336174
0.23541263538187338,0.6527474835956667,0.042027064496497075,0.06981281652596291,0.07066719953900129,0.0990877583540944,0.713177901214285
0.12435538462539407,0.06829219079130777,0.7699158233558832,0.037436601227414955,0.13024225479676488,0.14397016788150171,0.9046475163102127
0.24726650042708354,0.32437049204341106,0.34816494253421565,0.08019806499528984,0.09591561883077077,0.10758653486028377,0.8915206624632969
0.12264488087340483,0.30837700467601564,0.17201585431981548,0.39696226013076413,0.12923411811891433,0.14801231504693133,0.8731308477807211
0.5259402181472362,0.01781746915370085,0.08772762160088696,0.36851469109817586,0.098628108663472,0.114246671215566,0.8632908741592641
0.0933317516986773,0.4089193773930283,0.38443864279878687,0.11331022810950753,0.11081883349320507,0.12506422912313975,0.8860953629202121
0.27429628006349954,0.26679074538808706,0.32612246966701636,0.13279050488139693,0.09963774920476794,0.10952425938289624,0.9097322343576402
0.14103387183396468,0.6443040923722143,0.018799542290353057,0.19586249350346788,0.08991439394698084,0.11836621826379669,0.7596288473675256
0.1084312851085737,0.43947289174977755,0.401190989339821,0.050904833801827615,0.10329134328599457,0.11925579679696462,0.8661326833600396
0.41949994424298853,0.08489592516096031,0.1624983911888063,0.3331057394072448,0.10532862020589691,0.11782224489573798,0.8939620892396271
0.16131246059601587,0.18397044229989876,0.5272332653638234,0.1274838317402621,0.12068593632553917,0.13016582825616,0.9271706556350192
0.40191063713004355,0.4788007885640899,0.052918690627363235,0.0663698836785033,0.06276604827189232,0.08370162847940714,0.749878460098712
0.18188766368086212,0.3236611003494534,0.479614802904049,0.014836433065635495,0.10120353734681344,0.11517717704120553,0.8786770082983287
0.35479107716523056,0.33633048248324054,0.26381700933884034,0.04506143101268848,0.07922379292049521,0.09183004095011718,0.8627219600558624
0.8218947893773336,0.017710483660370115,0.01975099523566351,0.14064373172663255,0.04876902527444862,0.06467544887650938,0.7540577780537354
0.03778080194264791,0.011942242102868997,0.3147914135835884,0.6354855423708946,0.175907393497771,0.19728011652487462,0.8916630656774334
0.5362082773149182,0.34831668797857107,0.06184395303585452,0.05363108167065604,0.055109142994307726,0.07198844109267279,0.7655276619112247
0.2948441955755347,0.014015002515060802,0.45196816485779856,0.23917263705160607,0.12250768622655596,0.12927136591902239,0.9476784387293989
0.2871011445367355,0.2872467709920066,0.11880508266167025,0.3068470018095875,0.10503945962134321,0.12118613796480074,0.8667613423892803
0.030341874813064617,0.1943679538452405,0.5957811549966554,0.1795090163450396,0.13948157078393436,0.15005995013935675,0.9295056452731157
0.06954258222425147,0.19618878555664482,0.5859472911423468,0.14832134107675682,0.13268042852015355,0.1431501879693457,0.9268617135771128
0.3913033039415009,0.17493370479826428,0.30985671991909897,0.12390627134113595,0.09133118767080055,0.09925448001029256,0.9201719424788646
0.3322065952922239,0.11271228036597764,0.07675504190197278,0.47832608243982555,0.12171246430472395,0.14286540343788334,0.8519379876153396
0.41172689445756316,0.024319611346327572,0.3366069491640455,0.2273465450320638,0.10589726206441377,0.11262499655378318,0.9402642868347914
0.3910755239470555,0.09151170909235401,0.13950660736281076,0.3779061595977797,0.11073455313938345,0.12551081045217158,0.8822710389682415
0.379920144200221,0.20634273614179374,0.38968749090347393,0.024049628754511297,0.08530544380035333,0.09554888111199478,0.8927937492053423
0.893177955965329,0.0068936760020323114,0.0635279886495599,0.03640037938307896,0.035155390613498615,0.053736639686450045,0.6542163934817684
0.4282311269430828,0.2877185908400786,0.1633389983646768,0.1207112838521618,0.07734803042280104,0.08903123361123895,0.8687741064056977
0.04769003323397339,0.040449086646066494,0.37423781230009495,0.5376230678198651,0.16744552213889138,0.1839743345027368,0.9101569661413856
0.2774840382576633,0.587659551485503,0.10712581863443855,0.027730591622395283,0.06830084048878332,0.09284813924207012,0.7356188400363305
0.034735109371970344,0.051833834364758344,0.8832555973469507,0.030175458916320543,0.1428465019782792,0.1592225924716051,0.8971497057099711
0.17591108387414256,0.6546271903485771,0.14108940183214233,0.028372323945138157,0.07618000006573222,0.10288952769862299,0.7404057708270709
0.33531370347004535,0.046779995850052915,0.6007477284438492,0.01715857223605277,0.10352474749269253,0.11458827352736276,0.9034497536780817
0.3168067576108307,0.5912705373640694,0.07352911398508098,0.018393591040018902,0.0624331580734674,0.08845447874234735,0.7058224632731648
0.2659334997810315,0.18987896262149448,0.1136244615425726,0.4305630760549014,0.12176648182149143,0.1407716248645034,0.8649930832203937
0.143716349668467,0.3083895156530327,0.47561641919820535,0.07227771548029496,0.11025959906487143,0.12254565301480852,0.8997430455696993
0.06692148861205764,0.28621371496648773,0.037775107375194225,0.6090896890462605,0.14885759373542654,0.18033435579999688,0.8254533257130426
0.02299714495884679,0.6087562053872351,0.014022074910668446,0.35422457474324964,0.11602110346153359,0.14671037299586756,0.7908173164061248
0.10848789501479478,0.18606046938543447,0.6928355352743824,0.012616100325388456,0.12164254111351135,0.13624517329744237,0.8928209210608039
0.0729985881645523,0.2598660929935609,0.40255288491533897,0.26458243392654796,0.13295001779545076,0.14448260064461688,0.92018012689616
0.31064935718755204,0.5035992614426341,0.01582361339528937,0.16992776797452433,0.0778240310489337,0.10051031726370181,0.7742889801526772
0.21244916941714442,0.39857020953428696,0.21190491305978845,0.1770757079887801,0.09934977661246726,0.1140019392422398,0.8714744439685492
0.24181211154445978,0.5546774048542824,0.14444852082765794,0.059061962773599826,0.07714333124955763,0.0986995426798621,0.7815976564326814
0.6708761855524182,0.2913739064930349,0.030647601579410676,0.007102306375136133,0.03983129867749964,0.05938467916148666,0.6707335838118299
0.3013787363429535,0.4683746177002407,0.2191237217381684,0.011122924218637314,0.07390694107032865,0.09206429762867947,0.8027752665687581
0.11075638137825787,0.030808118220332713,0.7699189872886738,0.08851651311273552,0.1375628466188366,0.14946723744685628,0.9203545135953133
0.4206137127878143,0.3096544796992832,0.1369718151328737,0.13275999238002884,0.07718585858064293,0.08996654493829846,0.8579395666864735
0.04596116363970246,0.1275230375608346,0.04834826577258091,0.7781675330268821,0.17273158237331604,0.20999135985008263,0.8225651879040778
0.2599079656753055,0.033781401429854904,0.6806432886700672,0.025667344224772327,0.1147928195590605,0.12682299249910123,0.9051420195740454
0.0657861149823419,0.4827430793424893,0.25018513757006466,0.20128566810510415,0.11289264211015163,0.1304926137283244,0.8651266833016727
0.6660627816679958,0.05945527203845567,0.11063063612616371,0.16385131016738486,0.06684798212845335,0.07723178144099457,0.8655501774166054
0.5119386778114238,0.037865356112484906,0.44215776328223244,0.008038202793858888,0.08082065353520905,0.09048251402863362,0.8932184787619072
0.16955242310829066,0.14764818195126644,0.35849715863285225,0.32430223630759053,0.1323614422552004,0.14294984546573558,0.9259292433927593
0.7229017641612007,0.08861165746647474,0.18212523089441074,0.006361347477913861,0.04925190543562163,0.06157654639857915,0.7998484539359956
0.554516926829459,0.2102002787657914,0.17915771019142698,0.05612508421332268,0.06390303142157316,0.07448882264755602,0.8578875212450391
0.6801494999940386,0.23703261384726168,0.07510249300639904,0.0077153931523006435,0.04300372555060908,0.05952915690602849,0.7223976919158099
0.4959023091141465,0.26855051931843865,0.1490048038140973,0.08654236775331764,0.06837577665735176,0.08009447781289024,0.8536890248174825
0.31291341230600567,0.36254860970394165,0.12619827869576528,0.19833969929428732,0.09023435258861828,0.10543716736492853,0.8558116159959819
0.3166570005159562,0.4252746553895665,0.19500583388590997,0.06306251020856724,0.07796574301218873,0.09367435338084171,0.8323061777134646
0.052444318996717726,0.7665146194606296,0.015344628514638296,0.16569643302801434,0.09014589062497705,0.12407333188842974,0.7265533153090367
0.017018671697391886,0.4644338197418853,0.18504301616222527,0.33350449239849744,0.12730809171991309,0.1481966323037041,0.8590484799885096
0.35891717886966645,0.5037226254485796,0.07556221465386168,0.061797981027892385,0.06613285576245163,0.08732494306359494,0.7573191970396129
0.49338267116031215,0.2343599761545337,0.24166163558479847,0.030595717100355715,0.06864124051181451,0.07940391881794272,0.8644565851868738
0.4951693163278606,0.43736349435844907,0.013996552553354951,0.053470636760335324,0.05331244116671896,0.07480217184465109,0.7127124768173586
0.6024408939796145,0.05675709054763917,0.23327916263694548,0.10752285283580085,0.07251825918062903,0.07998567514098609,0.9066405834895476
0.188425448991584,0.19703662696795396,0.23969323540351506,0.3748446886369469,0.1284839959055051,0.14276199548069612,0.899987391412432
0.14474036911857255,0.012283938231446849,0.5861548958014452,0.25682079684853537,0.1430420767984966,0.1509679937549467,0.9474993555964215
0.23739044176568572,0.42405743826318776,0.12551037779240568,0.2130417421787208,0.09586673461834187,0.1132910617632713,0.8461985714165284
0.22287959803892754,0.1870081304462978,0.5260204168201255,0.06409185469464924,0.10926959455396806,0.11956238076162698,0.9139128366122136
0.4527604921206274,0.3668591349984902,0.02601892789939867,0.1543614449814836,0.06951047747351338,0.08728481211281516,0.7963639468418796
0.7034356886959862,0.12061879888405755,0.025101651248059836,0.1508438611718963,0.05644604961739199,0.07071378087166147,0.7982326630198998
0.2842780185738443,0.4264175208494206,0.2206063167008073,0.06869814387592778,0.08236536311124298,0.09774923573835367,0.842618998390035
0.19678640500620745,0.17880165744026671,0.4481149106321151,0.17629702692141075,0.11892848610004224,0.12753405460153205,0.9325233677516402
0.34838252837721273,0.10198680029224302,0.39183780205970253,0.1577928692708417,0.10444097075112499,0.11132784312655968,0.9381388143161495
0.030579392685428267,0.511246322550741,0.10117467248560866,0.3569996122782222,0.12297495376074617,0.14785217253581276,0.8317426227264884
0.4256494665839284,0.12965299021253687,0.1122604078101661,0.3324371353933687,0.10091518689675481,0.11524431641415321,0.8756630264879716
0.011431834527381193,0.7216118462754489,0.15501098208881942,0.11194533710835051,0.09638218066482207,0.12472419127495833,0.7727625224872742
0.05130212296137583,0.387593876150888,0.4646793949236335,0.09642460596410264,0.11714444422115523,0.13138163916172063,0.8916348202731699
0.14076084638214803,0.7319381456183695,0.0235582385937506,0.10374276940573181,0.07833317679113778,0.11059152673046736,0.7083108363450906
0.06990052820449878,0.8891478748627282,0.021409630983485924,0.01954196594928716,0.07075819964186128,0.11308507987164969,0.6257076505775214
0.19301501555953143,0.04126147899112477,0.14305514815123668,0.622668357298107,0.15274054752287627,0.17783275846331387,0.8588999509580569
0.10359461894310136,0.007659868339262252,0.8529680784272449,0.03577743429039146,0.1377087817847754,0.15277919964294617,0.9013581829634453
0.3832015884834426,0.3853012127957955,0.22639361143971623,0.005103587281045589,0.06961487583754108,0.08509706034253668,0.818064402663547
0.28600421835362194,0.14673222203675193,0.5425307197332473,0.024732839876378757,0.10231751584490792,0.11321842489678592,0.9037178881280528
0.29087171108899806,0.23294196066368272,0.23763557679630223,0.23855075145101698,0.10547885827788649,0.11638321146720522,0.9063064762361246
0.9105860323222432,0.03789720555462182,0.02625915101891999,0.025257611104214976,0.029854919908949385,0.051620889535457376,0.578349582458137
0.3035842126009974,0.046064423555150225,0.311395252428023,0.3389561114158294,0.1237967040482498,0.1335833345532958,0.9267376388097168
0.03396384330304707,0.4935218062189326,0.12980674716266732,0.34270760331535305,0.12323833603885694,0.1464023649253137,0.8417783148634672
0.29334515543546164,0.045935351419911834,0.5808663346841813,0.07985315846044531,0.11218295960281931,0.12099212337354728,0.9271922541310327
0.9151700532159078,0.026601744233272846,0.004186915824696724,0.05404128672612261,0.031601817879576284,0.053208995648276323,0.5939187066877104
0.1846909142429294,0.22745267169024308,0.31760808494916504,0.2702483291176625,0.12130638386908286,0.13226385128564078,0.9171544809103294
0.22108250374888602,0.7192894136851435,0.040153800641376504,0.019474281924593898,0.06468983551406303,0.09769320625318856,0.6621733280654984
0.08019929819528261,0.08208874041411203,0.28991186055991525,0.5478001008306901,0.1603969970430188,0.17908143299939128,0.8956651415870902
0.742249719445673,0.050569193292655135,0.17675949346572095,0.03042159379595076,0.05098308069844761,0.06242588449297175,0.8166977706849724
0.00999118480523459,0.005567682576727793,0.2434612658317165,0.7409798667863211,0.18530472470849735,0.21325951812423632,0.8689165498373974
0.7715885724258996,0.16309398501227354,0.013001458541712101,0.05231598402011486,0.03926176598465693,0.05699173130216362,0.688902847616535
0.5167856103682725,0.08056046187962711,0.28512398292564456,0.11752994482645562,0.08224953094307716,0.08912341045664032,0.9228723465771388
0.09116614607299575,0.2085521492364731,0.07437219335009379,0.6259095113404374,0.15275970463861457,0.18241741826353428,0.8374184115352741
0.2825323760130763,0.2723213190369077,0.4087619026875078,0.03638440226250813,0.09330430570847287,0.10470068178427525,0.8911527997565153
0.401289086172193,0.11716928442624082,0.29279523954084885,0.18874638986071732,0.0978961955365515,0.1053348005087373,0.9293813161817421
0.23449406376091228,0.2623289792345064,0.0769633516704586,0.42621360533412284,0.11984013363902705,0.14109783917472787,0.849340672684743
0.00017870335467903058,0.018127906987695355,0.3215301724831599,0.6601632171744657,0.18153469686359938,0.204036790788185,0.889715507494207
0.23043550609475036,0.12333912285395672,0.5294951196689324,0.1167302513823605,0.11601276694848393,0.12450527714078831,0.9317899579252276
0.014718350667295965,0.387193461972255,0.06139859029755526,0.5366895970628938,0.14394561730861583,0.17348871691566162,0.8297116946146553
0.08835258422349415,0.5131036552004035,0.16015379267141,0.23838996790469247,0.10938537003014813,0.12984376589206537,0.8424383664370642
0.15695436519150197,0.26026333752110087,0.4138880680031992,0.16889422928419778,0.11721957698762654,0.12740555088358219,0.9200507840881819
0.5627212632170874,0.14694981738682386,0.021633333380261657,0.26869558601582716,0.0785250296916241,0.09443494818879972,0.8315250995281154
0.12947728142582562,0.2574584867669305,0.11915232791290914,0.49391190389433465,0.13726686966800494,0.1601936962113122,0.8568805946454698
0.09111186696029876,0.16434792073753063,0.5256440289648022,0.21889618333736832,0.13595243280302713,0.14531107373982063,0.9355958173322004
0.7234101099475033,0.12928379219218422,0.04243347675806899,0.10487262110224346,0.050857613386562,0.06480749174503796,0.7847489852969963
0.36613842585185674,0.5304272344627833,0.09710836004395731,0.006325979641402495,0.06028412486430606,0.08350196978432475,0.7219485363041434
0.2976935446314104,0.4477487081074315,0.143859470010509,0.11069827725064897,0.08101485641185456,0.09793464933856372,0.8272338437827371
0.10864673679944979,0.5846883963770222,0.06235959797518956,0.2443052688483383,0.10131611594832665,0.12676427664784037,0.7992481685498004
0.08475551406764305,0.08662585713466643,0.38027644915986397,0.4483421796378264,0.1544688235823244,0.16805951184540263,0.9191316926138624
0.05095959671412885,0.442576372426167,0.41698117129697304,0.08948285956273111,0.11244328561120645,0.12815056304521355,0.877431069667128
0.6284999319371588,0.16664879339683558,0.10360015231256833,0.10125112235343721,0.060025661494094364,0.07134302834361392,0.8413668845817561
0.08843729453327345,0.010345667823166987,0.2888804358146238,0.6123366018289358,0.1682923283762679,0.1890239885172296,0.8903225971286073
0.501852153730515,0.10761382085575528,0.29460582839230137,0.0959281970214284,0.08094652419764406,0.08819530415182229,0.91780991035872
0.12449693404576775,0.35657142999435804,0.36558991905284816,0.15334171690702592,0.11295677001985283,0.12552142378942027,0.8999003246597457
0.3459456240696355,0.4131116278957737,0.20322626660807422,0.037716481426516624,0.07386396271061134,0.0895387327386555,0.8249386656633227
0.07212280473520874,0.5869072741693953,0.23305867370216912,0.10791124739322691,0.09906701582053261,0.12032613269608668,0.8233208663886072
0.16842917147044492,0.5791812299176299,0.11386466670119415,0.13852493191073106,0.08869595591096834,0.11138477427479046,0.7963023356509396
0.696992935901374,0.2254946003020926,0.06679795087940367,0.010714512917129644,0.04188707595451044,0.0586029242381307,0.7147608502317041
0.6589503122157956,0.00040450917830988465,0.14173169551318393,0.19891348309271045,0.07424977283231729,0.08391320971951494,0.8848400994372844
0.15109000319117766,0.09144003219796448,0.3587385256638499,0.39873143894700785,0.14297966895666012,0.15499037737879057,0.9225067476752009
0.1685214024187634,0.23238085956336316,0.23498094020783694,0.3641167978100365,0.12770758881099353,0.14240867783529879,0.896768306203168
0.23468450104182526,0.07004605400701833,0.5775790946077274,0.11769035034342909,0.1197718480611727,0.12816609991388012,0.9345048974857795
0.17671620639693686,0.441854122410055,0.17044114124379597,0.21098852994921216,0.10222798987305443,0.11941257948301245,0.856090625591061
0.24756673527750808,0.3705347209133656,0.230799765651278,0.15109877815784833,0.09572848564874713,0.10902511806569931,0.8780406510641012
0.1968454680870246,0.07644611953805298,0.2019433354765799,0.5247650768983427,0.14453265343055974,0.16379591351650039,0.8823947455563346
0.2619738114127259,0.2283554822840058,0.4165955346717802,0.09307517163148805,0.10232872451519957,0.11182975228225582,0.9150402502629545
0.045445077247007123,0.6379431229553547,0.16755207733376198,0.14905972246387617,0.10050967624465451,0.12479277497043291,0.8054126231944776
0.3339854534127474,0.3914493319216892,0.11372626604517995,0.16083894862038342,0.08330789193362687,0.09915907006863994,0.8401439412043642
0.47049118552766156,0.0709332337281058,0.275222921964069,0.1833526587801637,0.09232912012216374,0.09931447109981874,0.9296643188016963
0.5922438763239444,0.050627278670449104,0.32314476759512595,0.033984077410480484,0.07065731765477531,0.0791278638274177,0.8929511582529623
0.4261153350976754,0.10073817718414815,0.014984543498842965,0.4581619442193335,0.10945404947353703,0.1320077552240704,0.8291486306069621
0.017911783815776933,0.6295878386922348,0.07214299985034979,0.2803573776416385,0.11132230989065214,0.13911944082268193,0.800192332806604
0.03852467792717687,0.09139385373100914,0.34503870492050803,0.525042763421306,0.16393242174205158,0.18101031958162137,0.9056523524236473
0.17021435504473825,0.10553075212773524,0.13526853882483464,0.5889863540026917,0.14887899137409977,0.17328435338720602,0.8591600364600018
0.011903034549549375,0.48171116496781485,0.4932358161359433,0.01314998434669255,0.11057321152846804,0.12965501838691706,0.8528263148171787
0.35472499524406065,0.3306936290960031,0.23239071499809258,0.08219066066184388,0.08153979332368409,0.09363526836164639,0.8708235128750197
0.17508613750425175,0.4133276519926255,0.07403190620267211,0.3375543043004506,0.11105030518005976,0.13278831268157756,0.8362957773727805
0.11228075639440091,0.4008961918252149,0.1728042397966677,0.31401881198371656,0.11903274692189653,0.13745040987440635,0.8660050343295539
0.36634194127740133,0.06853781457518596,0.13647979655214937,0.4286404475952633,0.11832454484768612,0.13497405615942096,0.8766465809394531
0.5727707589505734,0.08522553135645222,0.2949687715589877,0.04703493813398674,0.07107350573460862,0.07927305788680007,0.8965657138658609
0.0847617806202559,0.4564883086820161,0.1640252343057648,0.2947246763919633,0.11719813764440364,0.13698341839672906,0.8555644107593838
0.1023394525868469,0.3629245201220504,0.4253697447548969,0.10936628253620576,0.11313022368075615,0.12617398718641842,0.8966208186288788
0.15942146007476848,0.09024898638728766,0.4833745457484384,0.26695500778950537,0.13540304166877234,0.14376242377138224,0.9418528021209257
0.03748252436665093,0.6408929013170842,0.2186491497621441,0.10297542455412087,0.09900461095467472,0.12277777493466861,0.806372415588702
0.2772019231506759,0.06799587348157736,0.10637732747388644,0.5484248758938605,0.13594532390657899,0.1588619802411208,0.8557448654501291
0.05492345951986304,0.5757739349514317,0.039780101096705045,0.32952250443200004,0.11327416068790325,0.14118753087421151,0.8022957833919684
0.531224940961097,0.2982314905595893,0.06028111161199012,0.11026245686732357,0.06259536127365642,0.0773757190962016,0.8089793801571177
0.10016034891572301,0.20477851114402118,0.5404528348652698,0.15460830507498602,0.12832728900318363,0.13835059676350484,0.927551394827339
0.33187855556054646,0.4283666749021992,0.16906032718911532,0.07069444234813885,0.07612117590235995,0.09220933330171119,0.825525716071383
0.27451974153166897,0.48552565816522025,0.2014515087856004,0.03850309151751039,0.07739553552354093,0.09566918168349638,0.8089912985729262
0.2646516595735024,0.3021634282372864,0.1434697692054193,0.289715142983792,0.10590796714565139,0.12132517395046898,0.872926563360118
0.5765664968561179,0.11149973075816673,0.12275383763679033,0.18917993474892503,0.07558537368549759,0.08585812220587356,0.8803520475821306
0.17075844876440052,0.449669530763875,0.13099755114798886,0.2485744693237356,0.10425656266570471,0.12319856042704846,0.8462482216051528
0.48310096531678237,0.0836762997674954,0.23014318556116212,0.20307954935456018,0.09065674799514668,0.09852781141042732,0.9201132827106759
0.23353843379785422,0.19957038691477552,0.0774948361761121,0.4893963431112582,0.12814418980865983,0.15099308655258806,0.8486758747330435
0.03656444168308138,0.7105325878542543,0.13665871774119487,0.11624425272146939,0.09421622818893254,0.12234812939677965,0.7700667648410522
0.09722580365139456,0.5988714179342984,0.10434249166251638,0.19956028675179063,0.09942894642816437,0.12366377453275224,0.8040264564448557
0.029282018141110398,0.44012258360977285,0.5212049312959295,0.009390466953187222,0.11145305430053318,0.1295689968251421,0.8601830455702529
0.07944182159266547,0.0406247591790605,0.8258358733918274,0.05409754583644669,0.139127459750451,0.15326349912560525,0.9077664319567098
0.22523326480206526,0.25916773935270565,0.4395079151820596,0.07609108066316951,0.10379081046067354,0.11439367197635025,0.9073125170956244
0.05336286140526597,0.035952999270383486,0.3978678897378055,0.512816249586545,0.165827400555012,0.18104387481329856,0.9159514550051553
0.17677409832476573,0.35017803593845326,0.2740533621283044,0.19899450360847643,0.10895484952312799,0.12191109306564257,0.8937238341753007
0.4233530939144575,0.04634354070020158,0.0734709643372048,0.4568324010481361,0.11409823458751121,0.13384893532152786,0.8524403598237662
0.5736374910496186,0.1440866544730816,0.0791275852807177,0.203148269196582,0.07405760726553214,0.08624146362153239,0.8587239148738399
0.8436961677903482,0.07743873492877185,0.07772335176987893,0.0011417455110011713,0.03418148666850307,0.052654402033604435,0.6491667429190097
0.07890891047170533,0.01684671451569613,0.39469199496495727,0.5095523800476413,0.1638717234798047,0.17872715364779398,0.9168820749125568
0.02945157393116149,0.8219087123444824,0.14461810614608972,0.004021607578266476,0.08061967878030375,0.1162044181809304,0.693774643359763
0.4976908218294063,0.08762183692237091,0.33074232956120053,0.08394501168702231,0.08248769679273864,0.08961940857628015,0.9204222400388716
0.09809454614288986,0.3060037358940594,0.06107557063923644,0.5348261473238143,0.13950871749609028,0.16704765928955995,0.835143204576523
0.38087508819531285,0.0541797761792601,0.3002050979719258,0.26474003765350124,0.10938885832294358,0.11735181605219625,0.9321445717916214
0.8054042194804787,0.02751111985084215,0.049335696493492454,0.11774896417518678,0.04898401008822975,0.0633188850689597,0.7736082218580121
0.09400103936693957,0.22271100255254941,0.03730511373735641,0.6459828443431546,0.15226212689525162,0.18443895477747888,0.8255421262766978
0.12181355799293389,0.06477188786331192,0.28742874112378836,0.5259858130199659,0.15528177708285196,0.17279037600489294,0.8986714461368774
0.09629316114635582,0.49724667471217576,0.10413079775337399,0.3023293663880943,0.11281862339340439,0.13541281645541187,0.8331458302586359
0.4696294532819765,0.11523545218951574,0.28661637820805685,0.12851871632045078,0.08615527071420431,0.09329147955216446,0.9235063172733808
0.3701773998391661,0.13371712635584715,0.040966685306517585,0.45513878849846917,0.1139365073373641,0.135612107256191,0.8401647142177465
0.23537444598306975,0.27661528822396964,0.20971374456367736,0.2782965212292833,0.11118692502574754,0.12448782612379229,0.8931550054957328
0.08011677142816341,0.5029091315804703,0.08667236064006034,0.33030173635130583,0.11586717600546642,0.13992816226379487,0.828047579064404
0.2570614542362159,0.10554214700730116,0.2635553075135082,0.3738410912429747,0.12683069375085657,0.13913332744358614,0.9115766587432628
0.27616139550585617,0.0495375898670093,0.11290869127229095,0.5613923233548437,0.13820562756262017,0.16134998794261918,0.8565580284503658
0.1555825322800192,0.12016381649240429,0.5901364765672096,0.1341171746603669,0.12686702421722348,0.13602243993476762,0.9326918725915018
0.4775002359548219,0.16097169721112778,0.28299040933737685,0.0785376574966735,0.0789741164238166,0.08714337248736148,0.9062549930032869
0.4656398406928477,0.08667590795183831,0.10020077020307859,0.3474834811522353,0.09990692213139449,0.11470093605045716,0.8710209835379656
0.030100630781247497,0.09961730333471158,0.250615696043378,0.6196663698406628,0.16910085222369403,0.19209960639596188,0.8802769323490331
0.03869235822930167,0.2527263564130054,0.10034687160819658,0.6082344137494964,0.1551636056046252,0.18394346749319923,0.8435396359501699
0.4724322586768105,0.18485930535190584,0.3345893585306328,0.008119077440650898,0.07420101581589472,0.0845315866447178,0.8777904066530542
0.42278143174553684,0.07716509497502705,0.3142712279261927,0.1857822453532435,0.09815431854274023,0.10495591820404121,0.9351956537783965
0.1180550877939605,0.72408587845776,0.006186603004563715,0.15167243074371575,0.08430958984735012,0.11653576835548406,0.7234653449074084
0.16072687102342656,0.11199459535632529,0.3637580918475973,0.36352044177265086,0.13832196122708107,0.1494538887148468,0.9255159729633727
0.15048701131336908,0.20559956923089617,0.0608750140788899,0.583038405376845,0.1431406432596326,0.17107409001405832,0.8367172565282666
0.020246084006228623,0.8239292917097193,0.022491413396736864,0.13333321088731523,0.0881203262867785,0.12468518965591772,0.7067425291644989
0.3333392711910924,0.11060141424164913,0.2934848631941267,0.2625744513731318,0.11094650417448265,0.11962700798143817,0.9274369228702734
0.4516944481024095,0.17535609372830313,0.2301739984352269,0.14277545973406036,0.08439000723512552,0.09285752256253482,0.9088117462782096
0.7047498455404881,0.04037043061929906,0.10007913363260718,0.1548005902076057,0.06289291514057291,0.07380140154556374,0.8521913381515375
0.23622130351091616,0.012920308698728372,0.4348225272662278,0.31603586052412774,0.134059398873889,0.14225373217543918,0.9423963563118032
0.007466155288935913,0.34102629640721915,0.12427950212913728,0.5272280461747076,0.1481086984085962,0.17432643827549263,0.8496054865443654
0.04511115798280068,0.5675372595057211,0.3251669726115488,0.06218460989992947,0.10184179919677472,0.12226245297241646,0.8329769010912219
0.44764971055989955,0.13301961916520819,0.09498193033985357,0.32434873993503865,0.09738140509074833,0.11200656866744382,0.8694258403708559
0.2114597038515122,0.3732570682402868,0.22121414658269473,0.1940690813255061,0.10235312710635575,0.11634089905144519,0.8797690918745252
0.22377304340819434,0.00675689500272503,0.12579257240503142,0.6436774891840492,0.1525528272159192,0.17892546816160246,0.8526054383612738
0.03320291612314541,0.40950796353225805,0.0633400083609192,0.4939491119836773,0.13762043942059432,0.16576444956026254,0.8302168515967795
0.03095582283135713,0.08843511194600895,0.1616584013652945,0.7189506638573395,0.17484846726910985,0.2048035888352231,0.8537373210280317
0.07727889700106566,0.3753487280324903,0.12189855068341812,0.42547382428302605,0.13119953636141357,0.15395080656657806,0.8522172717859364
0.5069927116644156,0.04151832769735716,0.3766030832082602,0.07488587742996715,0.08451377513933578,0.09156479077486795,0.9229942472880363
0.0829527472371119,0.20735011580983992,0.05216958654398669,0.6575275504090615,0.15550451111484134,0.18748837383801933,0.8294088210994327
0.22471319150728863,0.28630797593008867,0.300450701336742,0.18852813122588055,0.10730905359093938,0.11818782397709497,0.9079535436047632
0.09189192566430074,0.20807960152721555,0.4125327136591486,0.28749575914933506,0.1357824694989304,0.1466037959018691,0.9261865878958411
0.03525097391860342,0.3815671056423513,0.21232556040620548,0.3708563600328397,0.13343482294083542,0.15256620557761574,0.8746027499055319
0.0948830911393377,0.4940366642217391,0.05118335346946534,0.35989689116945783,0.11613710957261987,0.14183511737157878,0.8188177351619104
0.11016270495780245,0.0008871142742282789,0.4801465374931415,0.4088036432748277,0.1560480613772888,0.1666731190132006,0.9362521221249224
0.06752900965473257,0.10632570733268686,0.41497380400122585,0.41117147901135465,0.15327374610883754,0.1656807617192472,0.9251149289654169
0.7523085117915098,0.043142738332744186,0.1291796767433891,0.0753690731323568,0.05251692805710201,0.06377135750529775,0.8235190548160938
0.40501162516525413,0.014370277988013401,0.07413842825519751,0.5064796685915349,0.12152284991905264,0.14324875537583598,0.8483344207788616
0.039608194145615186,0.3250576736545987,0.028443072314645372,0.6068910598851409,0.1491908738629592,0.1816854199262014,0.8211494016611728
0.13423164599090154,0.1532993714910656,0.002591781001389425,0.7098772015166432,0.1557797963777297,0.1915482405761693,0.8132666523542604
0.0877538065111469,0.6234020722825719,0.018622312824867596,0.27022180838141346,0.10223092979001581,0.13106368365451548,0.7800095872438398
0.09135524975224867,0.4367335938456321,0.16844933961879802,0.3034618167833212,0.11835822086372316,0.13766702688139903,0.8597426961627455
0.08195072704662086,0.611974813497096,0.30384569991746563,0.0022287595388175217,0.09049985838111249,0.11411706778706023,0.7930440216881764
0.14836019375928258,0.0017214518436318967,0.07709914796839958,0.7728192064286861,0.16921641898523704,0.20387260316987188,0.8300105867792427
0.12625153976986953,0.4135737532983901,0.45287996651064516,0.007294740421095207,0.10086613658710052,0.11739785370259005,0.8591821179510643
0.520967686375496,0.0920969432611971,0.29572148457395575,0.0912138857893512,0.07946713959975732,0.08664659201192142,0.9171409717859844
0.08050718361373521,0.27014150491318706,0.4976179911579907,0.15173332031508685,0.12550941175291377,0.1365786193514319,0.9189535840156956
0.012985634835599006,0.3757575632336714,0.1858371067613293,0.42541969516940037,0.13952224717114844,0.16096756614923727,0.8667724219784357
0.6147063283252262,0.30876559273974347,0.05537908273114569,0.021148996203884572,0.04644437970873533,0.06404597560732667,0.7251724916096404
0.16031523304451445,0.05913514920848201,0.35319773691426587,0.42735188083273756,0.14579580180917143,0.15839802527086794,0.9204395165902723
0.4267395036139914,0.28252668375544493,0.10140022384762118,0.18933358878294249,0.08138840926889265,0.09491638732103506,0.8574747898233124
0.19040708661210962,0.5043640056857391,0.23778988691147604,0.06743902079067511,0.08826990932510037,0.10641132754476088,0.8295160991011085
0.09264492176385598,0.6056199540808017,0.04603093707952161,0.2557041870758206,0.10229177319802561,0.12926667562319022,0.7913236161205545
0.052236197544220736,0.060029922076639285,0.7007587196845334,0.18697516069460643,0.14775565858785047,0.15755233671905852,0.9378195313683153
0.31136896818129667,0.18804739778377524,0.22346336323872504,0.27712027079620316,0.10833425585353959,0.119457969458479,0.9068817789607099
0.10531315208607293,0.08984088165300871,0.6409709421844471,0.16387502407647145,0.13731577090039343,0.1466296081364437,0.9364805147171679
0.15032981684452174,0.7673445118834645,0.007701155053609918,0.07462451621840363,0.07280078867045517,0.10782386120765804,0.6751825417404418
0.11207571190677279,0.31593534998178413,0.24056959224267885,0.3314193458687642,0.12672629674701502,0.14228849977463237,0.890629228277296
0.058650154678050126,0.14205104089903203,0.47012476523043534,0.3291740391924825,0.14747009857955506,0.15806567292243207,0.932967265143795
0.4135772974375386,0.05397346625634415,0.5216349628717536,0.010814273434363735,0.09245778770433065,0.1027265340679966,0.9000380334367275
0.27578330816408364,0.4453434588783545,0.2264902824207377,0.052382950536824034,0.08113984075524196,0.0973820242310919,0.833211687638506
0.17034108444031248,0.18730551453539887,0.11109164599877402,0.5312617550255145,0.13943430561120318,0.16299101123182197,0.8554723635212367
0.12988132760662918,0.58816851704611,0.24104667850650457,0.040903476840756334,0.08810711988948723,0.11009830808503335,0.8002586181564076
0.42275684994264345,0.13439064885177354,0.020102871360271238,0.4227496298453118,0.10542783909158006,0.1265761341683699,0.832920358835903
0.30736992315857053,0.06633411870321188,0.11226586841927554,0.514030089718942,0.13043668497907598,0.1515430027106888,0.8607239044094503
0.12597316247604765,0.2571403079926901,0.48150646069756664,0.13538006883369566,0.1198212676803834,0.13038521535319444,0.9189789452416453
0.422633111482454,0.2575590435506677,0.17196277018622816,0.14784507478065015,0.08184522576226008,0.09276519314492787,0.8822837854106828
0.4338112131030253,0.31836976360759484,0.15077345537952952,0.09704556790985053,0.07298723960349168,0.08576565737180238,0.8510077557860366
0.2878135806052731,0.5898611283772737,0.01634202506386964,0.10598326595358357,0.07069450754881179,0.0967776595633974,0.7304837487054646
0.42487604197159146,0.2368399202659672,0.21803719723618836,0.12024684052625301,0.08183126294872839,0.09154824967648298,0.8938593936848287
0.16285594668937156,0.46223997345422757,0.01874081602120923,0.35616326383519165,0.10965769224580307,0.1352122978368633,0.8110038361903112
0.0027178017422709584,0.09229636636281999,0.8277552714272902,0.07723056046761873,0.1461245044878601,0.16030680481829737,0.9115302663133206
0.677509517784629,0.29629085555323603,0.02284369193784439,0.0033559347242906683,0.0383882909799539,0.05874970118644762,0.6534210422300719
0.1353849360649253,0.210870228766399,0.41894596860936056,0.23479886655931514,0.12727028333821355,0.13710032500909416,0.9283003766021083
0.3097358403868711,0.6171567891838579,0.012325119304276266,0.06078225112499475,0.06340091017124787,0.09156158987840689,0.6924400314088452
0.6491036951977162,0.2921870257338563,0.04120021380339597,0.01750906526503166,0.043117010828839994,0.06140841065631967,0.7021352672706361
0.3305970491481399,0.40837778225272287,0.1276749798567448,0.13335018874239254,0.08101967046764363,0.09692430449220302,0.835906647895123
0.020488599699527,0.15567169867706812,0.18572844193014051,0.6381112596932644,0.16678830912955928,0.19301074718265251,0.8641400106685351
0.130498461956028,0.2955439971258843,0.4468380787895827,0.12711946212850506,0.11574765328207089,0.12697833029152558,0.9115543811005348
0.40572655557981974,0.09139116359125969,0.09010998938102724,0.4127722914478934,0.11058286925971735,0.1282492267937406,0.862249793034343
0.056715545176179126,0.4480788461878653,0.20390936923221725,0.2912962394037383,0.1213454834022544,0.14015483434512976,0.8657959175595932
0.16653791666581166,0.33120065823461353,0.23901152309654541,0.26324990200302945,0.11501651327482688,0.1290236254096453,0.8914376177979316
0.24571665325007025,0.18501364065782985,0.5514566142290891,0.01781309186301085,0.10414639841801503,0.11600472246033981,0.8977772301780303
0.23527833715006943,0.14423681409128244,0.04316643445617137,0.5773184143024767,0.1367407917583122,0.16412393888763024,0.8331556790867278
0.37226253438740337,0.3793578514337887,0.07873219366878435,0.1696474205100235,0.07973961344043563,0.09621551528107843,0.8287604468727205
0.301509659334349,0.20048348039257236,0.2510295753203863,0.2469772849526925,0.10711393010276349,0.11738044307309536,0.9125364268395316
0.36326805390526323,0.2649536994219564,0.2651445872262081,0.10663365944657237,0.0869105400108879,0.09690316846368252,0.8968802711901038
0.2854096551216405,0.4726673258337173,0.11680799372084219,0.1251150253238001,0.08133911003367937,0.09971386524714,0.8157251735461367
0.579235932075654,0.2186374548669148,0.17024393673056426,0.03188267632686679,0.058802466257155114,0.07045971774790762,0.8345543827969893
0.571133877675921,0.038924049279190694,0.09132479874972979,0.29861727429515844,0.08756953567455293,0.10086159558595138,0.8682148558707726
0.1543292452079597,0.2137628484962494,0.17783409042620407,0.45407381586958695,0.13553986103674467,0.15441954018757936,0.8777377582662089
0.08864292873531905,0.10838728408162938,0.43009782544014064,0.37287196174291093,0.1484490346250237,0.15961335155833936,0.9300539909455191
0.024949915121226206,0.12197688782761426,0.8384980683086256,0.014575128742533961,0.13772711644515817,0.15446513235440118,0.8916388724489634
0.08637077557207243,0.35320370371346316,0.3309622950581256,0.2294632256563389,0.1219886641613705,0.1353818281976196,0.9010711835217735
0.12154896267486927,0.24851565460246383,0.2785575508372596,0.35137783188540744,0.13188627407834028,0.14600427844340882,0.9033041735791278
0.22214977284344406,0.05727200315334099,0.28727222601930275,0.4333059979839121,0.1382040691772806,0.1517494600076253,0.9107384577865117
0.5101644877107248,0.1011749456287528,0.06271543283258706,0.3259451338279354,0.09188187763870233,0.10739154767172651,0.8555782985786368
0.026358735555589458,0.2579882561738324,0.5228548410476005,0.19279816722297752,0.13557421224501565,0.14680147628373727,0.923520768844166
0.2713361623045249,0.130762882620076,0.5161871579844648,0.08171379709093435,0.10835095814535241,0.11723690478147364,0.9242052095056212
0.04984950832348424,0.4598650798667883,0.14518010451963187,0.34510530729009553,0.12398562289310876,0.14579272862893017,0.8504239138611324
0.5170291225367086,0.09829280368510326,0.09376983620107807,0.2909082375771101,0.08946820165427513,0.10273874286460707,0.8708321628207933
0.0375863636753304,0.021968196579785763,0.8664058120236506,0.0740396277212332,0.14705829838188586,0.16134784771386837,0.9114363808724405
0.49973886564640513,0.01954485559465191,0.3226109826228784,0.15810529613606447,0.0913756238251984,0.09755478941264356,0.9366595364036088
0.13358956180633033,0.4903321265303986,0.09734604493000643,0.27873226673326473,0.10734340017940842,0.12919053327658686,0.8308921517460925
0.1097885184387667,0.4249714637221196,0.05276998334369903,0.41247003449541464,0.12235327722996149,0.14782099166783488,0.8277124639029529
0.5515748244277359,0.019350816832775234,0.013927245840964345,0.4151471128985247,0.09750456312269858,0.11802094404271544,0.8261632197028406
0.050235063862460724,0.24834376891712567,0.6048778844661342,0.09654328275427954,0.12842910432222404,0.14073298167704734,0.9125728936585873
0.16672004232011592,0.05676469484063244,0.6077634129827069,0.16875184985654487,0.13222281140396158,0.1405437655401651,0.9407945695476224
0.27465127926456495,0.2505416219596123,0.03476364275110527,0.44004345602471734,0.11625417674007343,0.1392659930770191,0.8347635641084374
0.11312505932506198,0.12199399683870131,0.7220383387325684,0.04284260510366815,0.1276763527958292,0.14089863118544924,0.9061575099887449
0.3649148054693415,0.43883913582163975,0.04151099609850839,0.15473506261051026,0.07519069755377993,0.0945917340122411,0.7948971264661404
0.49104761634677946,0.2762802622459453,0.1539153671051094,0.07875675430216575,0.06799922661035132,0.07987936276312542,0.85127402445606
0.2942780888002616,0.13831782465735418,0.20532392170341168,0.3620801648389726,0.1187824307253263,0.13209006914042987,0.8992533011625898
0.23042738819220174,0.46932541316288007,0.16768029356814523,0.132566905076773,0.08912675173582202,0.10644708523344545,0.8372869162209674
0.6931496941759414,0.061257273079720335,0.12973589834798335,0.115857134396355,0.060782814630567755,0.07078792549109124,0.8586607703063337
0.18631143809373119,0.205259876068516,0.5724563906948734,0.03597229514287934,0.11115733771947763,0.12316424892752133,0.9025130156470208
0.4920739738367044,0.28687923720179936,0.1199625909013208,0.10108419806017535,0.06813425432809324,0.08082185252486807,0.843017726018208
0.10627179959799218,0.11707503402847338,0.6446593308745677,0.13199383549896673,0.1334183551049315,0.14341503943538186,0.9302954252928645
0.25421117840736623,0.31459481483571666,0.269771321085173,0.16142268567174406,0.09985609590377226,0.1113132599296708,0.8970727833041874
0.44120988897556856,0.39480631320969434,0.14775347889579538,0.0162303189189416,0.06186972532234761,0.07856765575366126,0.7874706802546348
0.2510992461670744,0.1738422060404258,0.31539963871466914,0.2596589090778305,0.11643266696893778,0.12599857079811808,0.9240792671806785
0.18984685060939416,0.26144621073920865,0.2813971327755095,0.26730980587588765,0.11776970285543643,0.12966747823605163,0.9082439518183887
0.21500955966705537,0.2564864267923009,0.09057405511603961,0.437929958424604,0.12342634102112893,0.14465707746517564,0.8532340289457476
0.46609901347512184,0.050050300221693496,0.3315751587293031,0.15227552757388163,0.09301688060919278,0.09932725879446008,0.9364688177056663
0.3575900653045512,0.07747678201641973,0.34788545154867656,0.21704770113035243,0.10816753400561238,0.11524081542191046,0.9386217340583547
0.5624515288613471,0.17769865878518853,0.08279685780365008,0.17705295454981432,0.07151805627270051,0.08359165657823472,0.8555645288087532
0.15678152825378716,0.02259336896344078,0.5978063665754848,0.22281873620728715,0.13895186862029674,0.1468258375159204,0.9463720484838379
0.07541377442055883,0.2331456508449148,0.39829614943576663,0.2931444252987597,0.13620177852267215,0.14772655055862352,0.9219857771512922
0.16178358905365914,0.028452231600362483,0.6074448318304757,0.2023193475155027,0.13680792227077046,0.14477767526492968,0.9449517822442216
0.024590285662221878,0.13304820930590347,0.0371801933005882,0.8051813117312865,0.17641847170600322,0.21560518183652191,0.8182478278271105
0.34569620165595466,0.20454172503234594,0.03497650581639062,0.4147855674953088,0.10943543415690367,0.13057742659866425,0.8380884583769485
0.06808765964776033,0.6422637695713657,0.2884833228855779,0.0011652478952961164,0.08982576507484671,0.11486882117869911,0.7819856089156394
0.08650815930594977,0.04263717020465739,0.32434977558866407,0.5465048949007287,0.16266821041889037,0.18022352658739943,0.90259142909405
0.25076675135876125,0.4652594406668256,0.23943874333338294,0.044535064641030325,0.08240632030206652,0.0994083214498126,0.8289680290363847
0.2685551797655527,0.19063863660456673,0.1342130417933403,0.40659314183654044,0.12016639279393987,0.1376355546637338,0.8730766776617135
0.6664745516713738,0.07257845550285218,0.10870095335788992,0.15224603946788426,0.06516433381588747,0.07560453368834769,0.8619103992427735
0.4954971917226667,0.4706837689515905,0.03366058085016365,0.00015845847557916973,0.047938586483705053,0.07178313958222843,0.6678251573099675
0.4031146401695895,0.06497775581016033,0.17028110607673091,0.36162649794351936,0.11047820121031653,0.12358538388709615,0.8939422910337524
0.05653339777768688,0.6111985370254215,0.3089944774886554,0.023273587708236208,0.09491845471227879,0.11792321276559913,0.8049174754164149
0.009334880633944437,0.20778030902041145,0.24043035290239662,0.5424544574432475,0.1592867636681167,0.18075418597455742,0.8812341623476292
0.07184664873326614,0.33816543165203666,0.31852023186661665,0.2714676877480805,0.1271800855199165,0.14106581185379938,0.9015656157122319
0.6061555334501039,0.17982838735245146,0.00040727639931228445,0.21360880279813255,0.06749394980319703,0.0836056315965976,0.8072895152429391
0.07571285118247492,0.2766856522510918,0.3312928528839533,0.31630864368248,0.13383790935031495,0.14718595959712144,0.9093116606818824
0.07853341145074896,0.45661000867688906,0.2803013913836509,0.18455518848871108,0.11248961524168707,0.12873366809219683,0.8738165928832538
0.5233057209467807,0.19155154308994637,0.1858484766637159,0.09929425929955714,0.07161084579470067,0.08106357634680725,0.8833911483048098
0.304883826649565,0.13646624899859164,0.3889640227015588,0.1696859016502847,0.10793209769818347,0.11538729822350434,0.9353897643839428
0.26450706903526927,0.6116566839762662,0.020202111900697855,0.10363413508776656,0.07186325306170202,0.09875157247655779,0.7277175568901582
0.30038463981607727,0.04718681762977305,0.2348565156174304,0.4175720269367194,0.1280536527603641,0.14171566653465517,0.9035956002016886
0.12708445090721912,0.09380397937343586,0.5652913773100428,0.2138201924093023,0.13666571265265176,0.14511133737303136,0.9417990015578948
0.022520218327426664,0.20975828831064056,0.19165456496253164,0.5760669283994012,0.15909505497255336,0.18313491665308812,0.8687314133215055
0.638435367386042,0.12713448151381365,0.1392124017271512,0.09521774937299293,0.061593531187359066,0.0715889910687032,0.8603771371529514
0.04317418400351642,0.42984113434897925,0.054272112248358415,0.47271256939914585,0.13363569380158183,0.16168689835835626,0.8265091059227144
0.05812196779437153,0.8655472803424314,0.049943875830332295,0.026386876032864902,0.07451970556098046,0.11431185528068964,0.6518983125415938
0.39230791685771166,0.13155833702424471,0.1403969870269224,0.3357367590911213,0.10526214180111398,0.11895099363081921,0.8849202397401533
0.47216324638281465,0.1498987619216677,0.2994903137501489,0.07844767794536862,0.0805492609137691,0.0884986578619312,0.9101749434374006
0.4209332660981687,0.25681626045328665,0.05988279877564967,0.2623676746728949,0.08785175830461987,0.10367305105520037,0.8473924265800135
0.07626847918949425,0.43168561483262646,0.16907768572160842,0.3229682202562709,0.12169865953156919,0.14143319653264838,0.8604674327888525
0.26469300691012354,0.07109686769765634,0.6163746700677483,0.04783545532447178,0.112293932452095,0.12273660647645263,0.9149180157073914
0.224447000015901,0.01712550661028237,0.6586496954652371,0.0997777979085797,0.12444073936453928,0.13384619722485616,0.929729360599494
0.6087152497758808,0.18935892955375788,0.1708694321140344,0.031056388556326902,0.05727112259265121,0.06861731832942743,0.8346453051064477
0.3079854287303182,0.574151360584063,0.05506465521294502,0.06279855547267371,0.06716971319196728,0.09184037324207042,0.7313745667705763
0.1774854143453873,0.1389008460775741,0.5130802348532328,0.17053350472380568,0.124341503685084,0.13274810119182326,0.9366725592964107
0.5145589123374252,0.31355873701168924,0.0869286611203301,0.08495368953055533,0.06227032691172733,0.07672579678277333,0.8115957021342843
0.36068819552766,0.4370587365972458,0.1987008924589523,0.0035521754161420335,0.06832344442443167,0.08589652064941924,0.7954157387036562
0.24349862240792958,0.3752352904420555,0.033706637655218016,0.34755944949479683,0.10570432832634455,0.1279298782691908,0.8262677160054892
0.1488191827062701,0.12142064086487174,0.26318859851724946,0.4665715779116086,0.14426843387457555,0.1604525136656384,0.8991347694010684
0.09632964698002555,0.10924268761877566,0.17591010777286373,0.6185175576283349,0.15966360876451136,0.18445224095238447,0.8656094821083135
0.16939126890378176,0.10578622687204459,0.43579561564735103,0.28902688857682274,0.13396758132158595,0.14284175854773887,0.937874069065125
0.14813647026777807,0.4717894783314845,0.3181874977567757,0.061886553643961624,0.09609342828086816,0.11276698088093892,0.8521415358483796
0.5441882529603738,0.22006568084553693,0.018285121352971972,0.21746094484111717,0.07252331988956429,0.08829775203067756,0.8213495612478026
0.48552690791074254,0.29639565382152494,0.15375569414958978,0.06432174411814268,0.06638593687178859,0.07896539344739407,0.8406965883860784
0.3599774691188767,0.22987954393458124,0.3274121882246305,0.08273079872191152,0.0889491054358751,0.09819207735323596,0.9058684553122325
0.048671742310760074,0.14567855936490032,0.5441344930381287,0.26151520528621097,0.14509414901471973,0.15481606747446722,0.9372034271484718
0.11451297757742392,0.15307386319249405,0.5978896327718234,0.13452352645825874,0.12959358018244832,0.13944062395243628,0.9293818150631137
0.7074739940211422,0.05295679777660652,0.23249630950686176,0.007072898695389595,0.05414548188989248,0.0653224150808337,0.8288958977234654
0.03138617168465101,0.06298788778025784,0.19089737908021281,0.7147285614548783,0.17661719473131865,0.20523027116673137,0.8605806235466739
0.3571871645696004,0.0005891536559359627,0.04808471483735212,0.5941389669371113,0.13322548466033263,0.15999580770533384,0.8326810969053362
0.5669876262199158,0.13685789819098398,0.1877704875616273,0.10838398802747291,0.07076217613750588,0.07944019363754211,0.8907603682383882
0.3316654234082417,0.46406823908596934,0.1229995164405108,0.08126682106527824,0.07382137688331496,0.09195248284252315,0.8028209201239369
0.07364661893310179,0.3588944110443949,0.04570194707403878,0.5217570229484646,0.13780223780256842,0.16644058302101267,0.8279365242620621
0.09759990281513115,0.011465534827252426,0.552949879598808,0.3379846827588084,0.15329400398579318,0.16234001908060777,0.9442773559714631
0.4569053066220282,0.1312378162928696,0.08378520547282292,0.32807167161227935,0.09650686841632075,0.11160695859436985,0.8647029686300327
0.33591205703075905,0.1915071050050112,0.25695835764354524,0.21562248032068465,0.10179198820163468,0.11115823884821746,0.9157394832480923
0.0006719861073869201,0.2532121212042981,0.7362873627658895,0.009828529922425546,0.13014709860581714,0.14704549411436446,0.8850804942353104
0.24808335225971018,0.2846677364262415,0.02134554948495871,0.44590336182908963,0.11727091338359284,0.14168809665557827,0.8276694807232833
0.514783523731235,0.43725020381656526,0.03145520792323705,0.016511064528962772,0.04892367883606239,0.07099981226928487,0.6890677210596964
0.26201610883553,0.6582934859164012,0.005491047679926653,0.07419935756814193,0.06698439485647607,0.09694647064367343,0.6909420674289123
0.09963262012725618,0.20605623260725178,0.6663568451970996,0.0279543020683926,0.12196097587829621,0.13590295333024985,0.897412255507987
0.7580449912978822,0.09930712824058742,0.007880850414981834,0.1347670300465486,0.050247932374355764,0.0658658853532991,0.762882516568783
0.020480394400879513,0.5885049592214296,0.1607157602725604,0.2302988861051303,0.1117720962954278,0.13500873368289576,0.8278878947043127
0.10461578374348565,0.08794488194975501,0.6115636674801816,0.19587566682657773,0.13915814089869535,0.14800261213651233,0.9402411139226438
0.3169348068919376,0.3691555914380966,0.0643007686233074,0.24960883304665815,0.09174646944133326,0.10982851345214527,0.8353611148648501
0.3896638356367379,0.418214540271499,0.148624367845085,0.04349725624667809,0.06806140095783807,0.0846768186484332,0.8037784371708612
0.1292258924413025,0.5204163006048708,0.2576686978966751,0.09268910905715141,0.09620178538709856,0.11461426262246417,0.8393526528542461
0.4465677679387553,0.09375645837701191,0.39538292468951247,0.06429284899472038,0.08766031594753688,0.09533520971858292,0.919495705797456
0.061403561147678906,0.11585570538989619,0.5471908444476066,0.2755498890148183,0.14652657507035097,0.1559362410262092,0.9396569656038029
0.03933756554728208,0.482200579117196,0.06512070660247962,0.4133411487330423,0.12697712758612978,0.15386003581634616,0.8252768622626283
0.020083436649515285,0.5506880927288758,0.017369641092097446,0.4118588295295115,0.12392704729372854,0.1544215198362702,0.8025244630743547
0.07862486074073813,0.4153705462649164,0.09520764836067792,0.41079694463366745,0.12708897163419408,0.15103826096278541,0.8414356125664593
0.43543453060502096,0.042196970271997904,0.15749210231890193,0.3648763968040792,0.10826157323979141,0.1216247547109529,0.8901277827616612
0.45629429761237467,0.04448471254951887,0.319639812749346,0.1795811770887604,0.0961020231608678,0.10252759210312448,0.9373283931627526
0.5699452041536901,0.23223989066792136,0.08621630960013689,0.11159859557825172,0.06290786198549918,0.07549852574819829,0.833232985175216
0.1303583477888732,0.2802199648421721,0.16394452691204148,0.42547716045691336,0.13190967562291842,0.15131155184677805,0.8717753139991157
0.007107164820684812,0.08631091494221102,0.6319643805489197,0.2746175396881844,0.1559020723623433,0.16565677019617214,0.9411150065145104
0.2601747414778953,0.10526361673860626,0.36204446818274155,0.2725171736007569,0.12138205294882297,0.1298718872329823,0.9346291605901662
0.7659875417216218,0.038202643035649055,0.14654047677455043,0.04926933846817888,0.04982887505674621,0.06159592814558626,0.8089637831087177
0.3506340235146229,0.05943123578439248,0.20836810693519725,0.38156663376578753,0.11874140976863704,0.13167364892645209,0.9017856703808785
0.3114680642458049,0.41104974229516983,0.02111367592940023,0.25636851752962503,0.08944359814091303,0.11032583397328433,0.8107221574465688
0.1272227518870273,0.127090832340568,0.3111952344998609,0.43449118127254394,0.14501833473106823,0.1593653200166237,0.9099742322604509
0.10169149659927074,0.40933481652336273,0.4472135318165988,0.041760155060767704,0.10612132787326416,0.12161590692345797,0.8725941413244098
0.39907671455801885,0.21015048546831067,0.3139859962596097,0.0767868037140607,0.08514732845569573,0.09406603314106976,0.9051867673424822
0.05167877165472182,0.008385004286291301,0.30165818408262574,0.6382780399763611,0.17452486134080092,0.19622086626013216,0.8894306944371114
0.33544981479699665,0.22923892956663905,0.40001344651705356,0.03529780911931063,0.08981730016702483,0.1002316588681406,0.8960971132402752
0.05398527387206442,0.1795725894066758,0.15107660338461418,0.6153655333366456,0.15938438391092985,0.18576229140200476,0.8580018189267974
0.286915931609224,0.15303099937248754,0.1839588831282182,0.3760941858900701,0.11926315823550536,0.1337444632072994,0.8917240787056095
0.04065112830378726,0.10810094696199078,0.0934391581111437,0.7578087666230783,0.17395771589470232,0.20830444216239566,0.8351128477571478
0.266771354965048,0.21142379409380055,0.11824636048965916,0.4035584904514923,0.11858374484961433,0.1367224663327896,0.8673318148092453
0.015662482767544953,0.44037021858576475,0.49324712248871,0.05072017615798018,0.11527026856125698,0.13210825859979056,0.8725440012835028
0.004540272218789595,0.06853400000654031,0.5801995379892877,0.34672618978538233,0.16126335410030324,0.17153698739713283,0.9401083495010633
0.24736631188836414,0.31090419462853397,0.3702659246403253,0.07146356884277658,0.09654322232636878,0.10802855794907555,0.893682412866041
0.13550295151349126,0.26824288336434887,0.06516261886402648,0.5310915462581335,0.13747976294700492,0.16392223245557766,0.8386889373548609
0.4101864694597339,0.36493410802521026,0.18433810602876646,0.040541316486289156,0.0695080961525322,0.08386258669185397,0.828833200768465
0.20291704829450674,0.22945540906482342,0.41061208755759226,0.15701545508307743,0.11311512375068211,0.1224647557409395,0.9236545083220883
0.29489349415142335,0.34043509850215903,0.2460550037894468,0.11861640355697071,0.09035985805799075,0.102479184577247,0.881738651910126
0.19889589061025792,0.05041400939524475,0.04731449937295512,0.7033756006215423,0.155279193500124,0.1878478854274168,0.8266219933581466
0.09630023283479333,0.27688523503504453,0.2752446305300515,0.3515699016001108,0.13290864600867888,0.14775657898928465,0.8995108503311886
0.8269796305933721,0.06540516265008152,0.008838878377817291,0.0987763283787291,0.04219905142979156,0.05932363856781593,0.7113361966419446
0.4776046870328051,0.15021780331080217,0.02502796472779473,0.34714954492859795,0.09325144366730105,0.11144766731855249,0.8367285373569919
0.44034681685760063,0.01198646688728251,0.25166412010894573,0.2960025961461711,0.10659612626483786,0.11556726861115861,0.9223729828165677
0.33653271223265774,0.3588191171001135,0.2294294877993906,0.07521868286783802,0.08130615218513729,0.09432598215273273,0.8619698446763722
0.11233874187556352,0.15820140003231725,0.23040633293789378,0.4990535251542254,0.14769252781130263,0.16645513062186937,0.8872813187525644
0.2648143288875785,0.007309824426120195,0.24233000969342755,0.48554583699287374,0.13926664314016887,0.15517212129354715,0.8974978364619437
0.28410380157649257,0.007989213259636035,0.6181267768112206,0.0897802083526507,0.1169163791519176,0.12578036448289678,0.9295280676962542
0.019343251403609676,0.34827228210355893,0.5357690762641419,0.09661539022868945,0.1244543642606805,0.13833614879921147,0.8996517926873927
0.13098832632946064,0.2135962264996624,0.48005829015061746,0.17535715702025936,0.12465167730821007,0.1342662989585155,0.9283914003373545
0.06589729480508834,0.27680692172668514,0.18705358777754977,0.47024219569067677,0.14280090772173756,0.1635429891273464,0.8731704641312532
0.3010866539603159,0.09390320314190657,0.41421467713567395,0.1907954657621036,0.11288625202191159,0.119931868933383,0.9412531717038033
0.14169061645715225,0.26400364936714815,0.371010886181951,0.22329484799374866,0.12162467031088581,0.13241345876341795,0.9185219648116859
0.054207803865988086,0.015586236030638755,0.8699265533765762,0.060279406726797005,0.1447200569513103,0.1594265537628506,0.9077537808825973
0.2095854856189021,0.026724113608234405,0.6585754331626594,0.10511496761020411,0.12587170616139418,0.13526664645842543,0.9305450342489358
0.48769413876350404,0.13998563289421992,0.363895950099576,0.008424278242700124,0.0758221252413419,0.08564854755225497,0.8852704150654991
0.10817004158624148,0.49109208421885897,0.17329142952451992,0.22744644467037956,0.10802285008979887,0.12723648133195842,0.8489927492412226
0.6189216482356501,0.13416693551925915,0.02763346085295206,0.2192779553921387,0.0697707286574317,0.08430334241496784,0.8276152126210844
0.15937344356375738,0.13093632892324808,0.25411610936076773,0.45557411815222676,0.14158525193046304,0.15760939763430057,0.8983300111265053
0.40256139649301725,0.050362258205867726,0.31866146473267326,0.22841488056844172,0.10505878182786042,0.11212998602926712,0.9369374379520475
0.24270307888305404,0.10475771865764864,0.4893701822097223,0.16316902024957508,0.11822643326506985,0.12580668788909827,0.9397468071752226
0.00039734375840096197,0.35589966072247564,0.09567906382110491,0.5480239316980186,0.14887756903851077,0.17717436937945316,0.840288409435005
0.4734229832373319,0.03225147910847199,0.39058675434192053,0.10373878331227573,0.09106183301608291,0.09756275166010275,0.9333667969240117
0.21499394773977965,0.39667069131666627,0.17863131801234822,0.20970404293120576,0.10080233363505561,0.11633008144051922,0.8665199266330514
0.18804797533525963,0.12675030657224087,0.45459999978306237,0.2306017183094372,0.12694382459610887,0.1351741496407754,0.9391131731433963
0.3255903720802195,0.09094136286058695,0.2877549287163185,0.2957133363428749,0.11518360941786823,0.12448907711144915,0.925250729545933
0.6247866489471112,0.11809828776585941,0.022940908159098414,0.23417415512793088,0.07103858037200332,0.08597233088799648,0.826295851679901
0.007710080212684004,0.7655451711903403,0.02104372483113446,0.20570102376584123,0.09803912706541591,0.1319655589048844,0.7429144988964785
0.35503645949332774,0.09060651804545944,0.31166363871371183,0.2426933837475011,0.10873140800960572,0.11657028949035593,0.9327540360839651
0.06601379098748382,0.5129607594094411,0.2434493283155322,0.17757612128754285,0.10926015248324895,0.1277358731136635,0.8553599691296254
0.1649602390849128,0.31947696582308965,0.29768598252594936,0.2178768125660481,0.11389085228141656,0.12616339812409103,0.9027249897739477
0.25493098342404574,0.27355095045079264,0.2952458714603296,0.17627219466483182,0.10378850585205221,0.1141946985048395,0.9088732420240482
0.33420441332418593,0.04088986379305784,0.537815610633811,0.08709011224894532,0.10763674277685847,0.11565474388578953,0.9306729595385302
0.10737247769159175,0.6557821754566272,0.19601824027955816,0.04082710657222311,0.08562035919217409,0.11112445227279326,0.7704907195581888
0.013332041390667857,0.12528998221983764,0.17768937036119897,0.6836886060282956,0.17242806634304098,0.2006594730074826,0.8593068832419943
0.16101302731072067,0.10561717707654983,0.11997460162387237,0.613395193988857,0.15128869198292516,0.1773510613474044,0.853046442651804
0.48307726417639496,0.2955402744203062,0.14318944675837958,0.07819301464491933,0.06746638443569014,0.08002987781799878,0.8430149623509346
0.07665102723643952,0.46363021118332104,0.038072268240568544,0.4216464933396709,0.12402727423158073,0.1514500275640453,0.8189320017068468
0.210149090560274,0.04541980505038377,0.6996539880371797,0.0447771163521625,0.1212858896407418,0.13310192968388712,0.9112256293262762
0.08106527380135044,0.7522462958550068,0.07685683638202538,0.08983159396161756,0.0837733904355048,0.11552559001703824,0.7251500764735287
0.2791045926416169,0.32898984257081104,0.240994501083382,0.15091106370419008,0.09494276873613443,0.10690043696804712,0.8881420079182009
0.16888037642614423,0.09640496917272293,0.02085543831460153,0.7138592160865314,0.15602611433511,0.19061517186434573,0.8185398507845347
0.5596268071909329,0.3192601741600648,0.03510786295882,0.08600515569018223,0.05600795891688265,0.07259393548720981,0.7715239371028533
0.1927868708021642,0.051564034669544824,0.23236619583512386,0.5232828986931672,0.14697672895681346,0.16520443207889918,0.8896657741398825
0.30545033272114364,0.347625147852989,0.3320098720124246,0.014914647413442735,0.08322717728868434,0.09680463010555351,0.8597437663667055
0.3819605356644747,0.14629051978221214,0.4587572927809339,0.012991651772379207,0.08929147136966027,0.09956411384151928,0.8968238447016117
0.02327522275189904,0.621147421491184,0.152430903328962,0.20314645242795493,0.10743974994435615,0.1317319014071079,0.815594011752107
0.8031260085956313,0.05983410377968326,0.13406169128495543,0.0029781963397300156,0.04095580039717977,0.056100171898233214,0.7300476809852628
0.8755068562648642,0.11283204549635094,0.009574076046007388,0.0020870221927772764,0.027261896155498413,0.05050297524983773,0.5398077246069974
0.09690851864891421,0.08588428041740503,0.7900774789535296,0.027129721980151046,0.13188763624125627,0.1466084153845288,0.8995911721393179
0.563763850096448,0.25146008550762167,0.04014101165369653,0.14463505274223376,0.06382564528396371,0.07841534134838385,0.8139433456063017
0.4123870988940788,0.04117312009408179,0.1210252893046649,0.4254144917071746,0.11436655212160196,0.13112482833748018,0.8721960102571352
0.08095206021804413,0.676790065353972,0.1571718575041361,0.0850860169238479,0.08958732778952892,0.1159806152555255,0.7724336311904574
0.44234107882124835,0.16941788596145924,0.16852263799778236,0.21971839721951011,0.08992814873729649,0.1002336556061535,0.897185163939842
0.10582278014234721,0.18317793920734438,0.3661297389865143,0.34486954166379397,0.13883228052809699,0.15071631158199214,0.9211496690095813
0.035139154767782815,0.506554276496118,0.22125225758260078,0.23705431115349848,0.11676028331817373,0.13613456475725777,0.8576828634694619
0.24601878779051567,0.5276964059848833,0.11782774335965347,0.1084570628649476,0.0812246982516897,0.10172083686447883,0.7985059969562004
0.6284027347344739,0.097548969748301,0.15033394428712415,0.12371435123010081,0.06668944446615933,0.07590454453006197,0.8785962010449453
0.029101628541552474,0.24542368856753466,0.7070567854925244,0.01841789739838842,0.1275037880741148,0.14334626243502874,0.8894810782520787
0.23375712882871694,0.2197793970251016,0.11470154286304869,0.4317619312831327,0.12361731805441531,0.14318219509354474,0.8633567740294303
0.48082427527909094,0.011224143775096443,0.42381576545720256,0.08413581548861016,0.09080170348614099,0.09769525870306096,0.9294381804354238
0.7411298963730085,0.15301815567551036,0.09467953400028771,0.011172413951193571,0.04197028171502777,0.05723287902249629,0.7333246628835619
0.0010128136370901372,0.30439956649771344,0.5508546604698179,0.14373295939537864,0.13270301687713015,0.14531978200667053,0.9131793004688017
0.2782454786982151,0.007115832896509577,0.5054772035680214,0.209161484837254,0.12371689537937398,0.13041208490461598,0.9486612798948895
0.6292222439622772,0.226280792599112,0.14293651681993216,0.0015604466186786552,0.05017666720790894,0.0641265511244618,0.7824632126328166
0.3141286986387378,0.16826127588345294,0.16175806415367391,0.3558519613241351,0.11349496517249458,0.12794635790071437,0.8870511598350147
0.09245508826811359,0.8350721641444013,0.04438860373304898,0.028084143854436108,0.07257927258631494,0.11091892604030795,0.6543452517737111
0.4282855456337694,0.49065344833247276,0.026936382313670147,0.05412462372008752,0.057776834387016515,0.080451344920807,0.7181587137404559
0.09387406725794763,0.4303608441364334,0.3938588145652345,0.08190627404038436,0.10746281742757134,0.12266510555266896,0.8760667260945683
0.5898975232083575,0.014680088921443847,0.10686748747044214,0.2885549003997565,0.08656665988918584,0.09899503079263527,0.8744545983375355
0.21544926373505507,0.183270896085812,0.04985009713343305,0.5514297430456998,0.13490141117986287,0.16133178799326728,0.8361737811118327
0.06434473645483259,0.4307022098935802,0.36928003874788673,0.13567301490370057,0.1139626582145704,0.1288870344061232,0.8842057600260544
0.1074220825771258,0.092041888624583,0.7156990884995162,0.08483694029877493,0.13291362518994573,0.14453490064351937,0.9195953683032146
0.46261942789894905,0.310047689404434,0.21889059799138488,0.008442284705232093,0.06547777345604351,0.07886947574284434,0.8302042436485217
0.08117179870695902,0.3788581151198807,0.21301807746467782,0.3269520087084825,0.12548661739392902,0.14304072588508196,0.8772789470793388
0.15527742079953374,0.0060867385524615665,0.6120847511593506,0.2265510894886541,0.1406545506862964,0.14852899946497114,0.9469837620462
0.19483937376077115,0.3914843128285277,0.262023396260642,0.15165291715005905,0.10093478224232048,0.11469520360088337,0.8800261830787064
0.14760850975576667,0.049824218081661285,0.7608772477214523,0.04169002444111978,0.12890945750727342,0.14211281992425567,0.9070923902289781
0.19057915685613683,0.4021902746256553,0.2993709128736889,0.10785965564451905,0.09844247042087576,0.1123136644627846,0.8764959356614609
0.50940285836191,0.19919975918203386,0.15792206943931703,0.13347531301673896,0.07451541332922591,0.08451130310970631,0.8817212678935447
0.06844444681806147,0.30537184165576986,0.3812461312973101,0.24493758022885853,0.12891935359263335,0.14122316076297697,0.912876846093299
0.17023629647835675,0.15687673197367513,0.007798147381661511,0.6650888241663065,0.14857358410823493,0.18187278624496125,0.8169093748205066
0.46471203336621214,0.19361495195165937,0.29038748265356845,0.051285532028560184,0.0766625161076877,0.08582136575195339,0.8932800758410534
0.2042273610097937,0.0022116927977184194,0.16669688296561136,0.6268640632268765,0.15461671080625317,0.17886025308739625,0.8644553954125459
0.16210879378130946,0.16867925769954356,0.21193573225506038,0.45727621626408665,0.13829532700567063,0.1557770177805439,0.8877774717737812
0.03718982818086289,0.28907484147002466,0.5191189101242639,0.15461642022484848,0.12977015603012826,0.1415818126913935,0.9165736302090498
0.18943137224169732,0.5545880696559721,0.22567771292585967,0.030302845176470937,0.08252201829492513,0.10346447717355206,0.7975879311360371
0.3739896585072179,0.07491593960620536,0.24209260804266705,0.3090017938439099,0.11083815891776078,0.12088744401663792,0.9168707289609495
0.10905863146144891,0.06532663657987635,0.5799927828164874,0.24562194914218746,0.1428773444407309,0.15133821509185638,0.9440929665650539
0.17150771145615512,0.09700309163940991,0.5285869536232567,0.2029022432811783,0.13008886234360595,0.1381076356381807,0.9419382334834648
0.47042389043601124,0.07948335183483853,0.24561491646652772,0.2044778412626225,0.09271011815966258,0.10035205100897676,0.9238487627060997
0.15634270679095058,0.22680981393378544,0.568506408910909,0.04834107036435491,0.11394771652069131,0.12601136835979754,0.904265369100182
0.015715120141576184,0.5922230716893586,0.1686921448065721,0.2233696633624931,0.11174767181457107,0.13488824164982116,0.828446352682656
0.6181486046080644,0.12707507258377154,0.04189571339674667,0.21288060941141743,0.07011870606482079,0.08385563567556086,0.8361835850378796
0.0012837972037478224,0.15670048477996154,0.27611392190519557,0.565901796111095,0.1655921573866706,0.1865493546735377,0.8876586985597335
0.7450088086825086,0.00706790514069018,0.19200972529506094,0.055913560881740355,0.0553791005041057,0.06561323358451321,0.8440233391755427
0.49071336850008196,0.2944071354091535,0.14856877954765055,0.06631071654311393,0.06597022708941276,0.07857981492178902,0.8395314643470889
0.28469526428059666,0.1304188997527608,0.3696884409120896,0.2151973950545529,0.11331597341602921,0.12111819874051878,0.9355817259039254
0.08535400761944693,0.41623766607158436,0.21480848790682108,0.28359983840214775,0.11978495764385257,0.13719205802769857,0.8731187458363546
0.24091785958804693,0.2975932289653959,0.2885357087830056,0.1729532026635516,0.10352088006949982,0.11454718150750764,0.9037400895168675
0.12046387504966143,0.7046635213208422,0.13166804624927975,0.043204557380216564,0.08012684240688746,0.10902862340006822,0.7349156570827374
0.1284762364602956,0.25034710100557744,0.4221870900580612,0.19898957247606586,0.12321979980351869,0.133488717309016,0.9230727681521911
0.2479916657688728,0.38433064845393233,0.29769937928786977,0.0699783064893251,0.09051354689819821,0.1040645762065422,0.8697824965774272
0.44184562472599814,0.42289386078815233,0.0737038989787945,0.061556615507054914,0.061806390697920786,0.08019644237234216,0.7706874378661507
0.38579767616861976,0.18914011057570757,0.11845152355083487,0.3066106897048379,0.10004562773726473,0.11419154662755496,0.8761211376142554
0.015287989985501762,0.04435421205029085,0.5755146009644241,0.36484319699978335,0.1627063841878507,0.17299045317213685,0.9405512339224128
0.032373880817041074,0.045429347159759034,0.6642337563092413,0.25796301571395847,0.15505519850670185,0.16437513805803133,0.9433007955981814
0.10213811041041919,0.39690525307874497,0.2715204163528338,0.22943622015800202,0.11644143640824602,0.13142287132129307,0.886005877345188
0.2812727531073735,0.13853572612288623,0.1397184137166929,0.4404731070530475,0.12437533935886294,0.14227967390412666,0.8741609812985071
0.01837328295969715,0.46851113258852395,0.066664952396902,0.44645063205487684,0.13245311421090128,0.16018352390991866,0.8268835082276506
0.012543546573503964,0.7120739499710365,0.2521052823542392,0.023277221101220366,0.09256728400282258,0.12047247874849777,0.7683687176061931
0.1340958664009303,0.6152813672455546,0.06356141367217213,0.18706135268134289,0.09269809562230183,0.11847338250195201,0.7824381617598747
0.6042075197038483,0.1681579723605484,0.04060824442639112,0.1870262635092122,0.06735169782511646,0.08110985957904712,0.8303762104220833
0.6288971114974594,0.0802902292567081,0.2407076330031835,0.05010502624264888,0.06432540847692605,0.07304908923041117,0.88057782998541
0.14440639955080942,0.3018351707058534,0.02435883507260694,0.5293995946707303,0.13355033413546302,0.16197545723998458,0.8245096906106795
0.0826336410763453,0.27066247821759015,0.389866387752657,0.25683749295340746,0.13044650305033825,0.14207048358629562,0.9181815937939227
0.15376340510326503,0.03488085981471852,0.7454491273358363,0.06590660774618005,0.13051561893870706,0.14252187032830754,0.9157585333258441
0.07378984420070703,0.5557479061037566,0.33228420142335735,0.038178048272179056,0.09785639017921652,0.11818802320601027,0.82797213731755
0.010285611316814132,0.06569044292493675,0.6569200246297171,0.2671039211285321,0.15676283115124584,0.16639522281057434,0.9421113689646361
0.4706254731440365,0.008814313762937872,0.2827469714511954,0.23781324164183038,0.10000420547233177,0.10723208081128126,0.9325959611688419
0.7194745586830297,0.00557752181409796,0.004130633506075321,0.270817285996797,0.06956296992591815,0.08649778620676075,0.8042167664226422
0.15048272711185617,0.525676113470861,0.10529303851216687,0.2185481209051158,0.09931056244304559,0.12090547823001394,0.821390096601863
0.11845026527463544,0.2629032412001995,0.3870127504103251,0.2316337431148399,0.1251508933740234,0.13608461814183817,0.919654955004402
0.028004072069065234,0.5603147258774549,0.20053883194198088,0.21114237011149892,0.11209141106640008,0.1333044562470147,0.8408676965659228
0.16931195152460923,0.35717648758037895,0.06578013514350069,0.40773142575151095,0.11980189858294601,0.1428360387406904,0.8387371957327844
0.20416410537818136,0.3908297361254408,0.2968956329310164,0.10811052556536152,0.09759781368906925,0.11109583261366932,0.8785011227960385
0.034039642120818524,0.17677909748649961,0.47264593625726925,0.31653532413541263,0.14725928493214427,0.15825802257743166,0.9305012316838094
0.07614182192057875,0.7188739280925919,0.05231727275560896,0.1526669772312206,0.09022499776447848,0.1207287760073866,0.7473363082796284
0.14173706577707135,0.43315285060079395,0.13175331951585934,0.2933567641062754,0.111589791606231,0.13116054547793746,0.8507877975012047
0.15950214604671964,0.06935189180291476,0.5276773537417454,0.24346860840862022,0.13589000009012428,0.14387786207904146,0.9444816466307449
0.49419362365635416,0.2297929361985594,0.12758875355612048,0.14842468658896601,0.07479262835823752,0.08608248162976365,0.8688484223760741
0.45713327749464366,0.21041048106202523,0.18929393079281442,0.14316231065051666,0.08089795097326014,0.09053407488493005,0.8935635679282353
0.06373346632705693,0.36180548709627464,0.2450513029378742,0.3294097436387943,0.12924069759172035,0.14598107156894005,0.8853250370249954
0.10723707369147593,0.40753668241769836,0.27985260956139846,0.20537363432942723,0.11372492754316363,0.1285757224193,0.8844976750143683
0.23021762276823213,0.30384228028528015,0.46451348594112485,0.0014266110053629485,0.09583565716757557,0.10955374695182246,0.8747821031600171
0.16798499026554556,0.31940973041287485,0.38511236386240155,0.1274929154591781,0.10898381860540801,0.12044424593174215,0.9048486937862605
0.0963531405671317,0.7462183359020079,0.0361872847835377,0.1212412387473228,0.0838386867914784,0.11620819220314324,0.7214524656309963
0.1850215313541085,0.30468922117534813,0.2552910978427712,0.25499814962777206,0.11432197071132663,0.12723542133903928,0.8985074243334906
0.09241525515006319,0.2795228208603748,0.3196397796299345,0.3084221443596275,0.13104529837964318,0.14429288451439373,0.908189609076468
0.22830391357269195,0.3340169315226297,0.09976867833873687,0.3379104765659416,0.11049466054203677,0.12933939242169112,0.8543001360466113
0.17597683957510282,0.11255735742914964,0.6528722445313575,0.05859355846439,0.12104810018412415,0.1323431979050509,0.914652978772431
0.009531319853986125,0.5965101120618035,0.3667439336556878,0.027214634428522698,0.10240085117546369,0.1246858081909091,0.8212711026316287
0.3126163684679784,0.10039036118909912,0.4936523284378981,0.09334094190502436,0.10599569029928609,0.11400032800191999,0.9297840818273866
0.2107227132465622,0.08032808741938005,0.5768042442439013,0.1321449550901565,0.12278704803890433,0.13116326062396352,0.9361390335585417
0.4875688633165257,0.17411456638385348,0.3130673767571213,0.02524919354249943,0.07394934213526834,0.08351911952652742,0.8854181240713449
0.20253793364972578,0.515715743903519,0.17708143427602696,0.10466488817072815,0.08764605352179053,0.10660813345660905,0.8221328962434528
0.008970202087091532,0.12962767294762714,0.5347951821732428,0.3266069427920385,0.15479400703246987,0.16539234974480624,0.9359199943123779
0.4864477790320372,0.17502468534513232,0.06471094002127596,0.2738165956015547,0.08645064367830234,0.10105411026857616,0.855488643149086
0.1389284070541174,0.06289112974241076,0.49705604255647995,0.30112442064699174,0.14196423773592146,0.1506336840954097,0.9424468278024913
0.024574573981301192,0.616505248106945,0.1608769240686756,0.1980432538430784,0.1073870482260292,0.13127605670021858,0.8180246339304492
0.5652640703704592,0.06819234278891434,0.2937291581204321,0.07281442872019454,0.07470100486473691,0.08212579638585497,0.9095924563552009
0.3789080368806392,0.06747015109513299,0.4152521419460632,0.13836967007816456,0.10226282662181448,0.10883239715133843,0.9396358924228367
0.12966896054887259,0.19097423040961475,0.5146341825208117,0.16472262652070088,0.12610122802191243,0.13553098365422245,0.9304236169615062
0.41881658248325565,0.0067973228928508425,0.3683600851294284,0.20602600949446515,0.10531135892047196,0.1115343690998044,0.9442054477955231
0.23342169848038297,0.06933324851562149,0.1413769887453817,0.5558680642586139,0.1419019225292312,0.16410345169899185,0.8647101633761854
0.27716649795123105,0.4798562934528196,0.202584974099939,0.04039223449601036,0.07759946351491492,0.09560250520361507,0.811688599055463
0.00022608564102894252,0.36152210694807524,0.4383396629902792,0.1999121444206166,0.13104444753185104,0.14451346137141882,0.9067975141433322
0.1915057480702839,0.370217683868332,0.13664171607898817,0.3016348519823961,0.11056858064051636,0.1283506266297955,0.8614572717235868
0.5531803581740917,0.3132260295426728,0.08734730150628224,0.046246310776953244,0.055340786612801916,0.07064912672085506,0.7833187638887793
0.12191558182758899,0.3017320445225894,0.167967528544885,0.40838484510493656,0.1304316530558531,0.14957440289664684,0.8720185441487538
0.49878607202558606,0.11627528365722987,0.26720414687037003,0.11773449744681412,0.08174251281643614,0.08906824150094778,0.9177515064734529
0.0002758709382816021,0.7821426951002889,0.12642076873731004,0.09116066522411946,0.09195075443120626,0.12396256911246929,0.7417622520212597
0.046805360198991376,0.1535820854306284,0.16602896840172252,0.6335835859686576,0.16330791563811373,0.1897658925594526,0.8605756990126678
0.6416324837441033,0.02285785032410577,0.306591975194134,0.028917690737656765,0.06620503362422092,0.07515531388315708,0.8809095485536654
0.05585472473107708,0.7116642447137229,0.13648941753958682,0.09599161301561332,0.09060532685864284,0.11892323405059224,0.7618807845412073
0.4840357103747064,0.26868202746681347,0.06444018833933715,0.18284207381914291,0.07472289914490023,0.08898902238921735,0.8396867067274836
0.266477781068729,0.26965088036460844,0.12710233251271905,0.33676900605394366,0.11062426833459377,0.12718273794322724,0.8698056837239582
0.1258503978319998,0.5562123552941807,0.06996917670235811,0.24796807017146158,0.10154086336687868,0.1257489409692135,0.8074888152874261
0.5818255951514917,0.25488927210528084,0.11375963141152899,0.04952550133169853,0.05644780592846855,0.06962983541516878,0.8106841785837607
0.37780083842636436,0.2018392406920291,0.23459861190324857,0.1857613089783581,0.09402681719812823,0.10332045148142924,0.9100503903143373
0.1131279971709091,0.4986938293454221,0.01242552515855635,0.37575264832511246,0.11418548643640368,0.1417984997428115,0.8052658289298461
0.1760456621408948,0.5726275997505896,0.033277892763615646,0.2180488453449,0.09220629820888152,0.11753761002633417,0.7844833512287922
0.1523760805088923,0.5701195735720264,0.09366099427075132,0.18384335164833,0.0937737112304984,0.11687053673416861,0.8023725555722757
0.37731978774582065,0.1242208451380287,0.4782989810951577,0.02016038602099317,0.09201877928305072,0.10196852874578172,0.9024233301675189
0.1324476731476359,0.011362056954267888,0.6135204722427132,0.24266979765538296,0.14400632781723505,0.15207978033953456,0.9469130445594105
0.410657889238089,0.042120701753513345,0.39814171087688877,0.14907969813150893,0.10069880316534281,0.10694059092553194,0.9416331282054015
0.4399672114020915,0.14507083386234812,0.20000230412189968,0.2149596506136607,0.0919465783394233,0.10121450284818671,0.9084328406704272
0.6993365206515431,0.24717347268251916,0.0023244100828622473,0.05116559658307554,0.041870654329851646,0.06033717614975704,0.6939445463262743
0.47630323170917016,0.18863919451549352,0.28106119312205086,0.053996380653285284,0.07568926334923262,0.08474934269502259,0.8930955797687612
0.021168101719013968,0.06680035535330751,0.7248376920716902,0.18719385085598833,0.151263810891063,0.16157881260204318,0.9361611739505397
0.14199752920901482,0.261552769201592,0.2974205812874888,0.29902912030190415,0.1255675556817959,0.13821701308587717,0.9084811838885427
0.05356826094244784,0.6423569278623327,0.03268778506646753,0.271387026128752,0.10521692315493278,0.13441375241243095,0.7827839135990228
0.21385961561376002,0.33607689511628186,0.3814641426042574,0.06859934666570075,0.09874206569419369,0.11103164797539519,0.8893146007890931
0.08241336071804178,0.26905076286950325,0.4270745564522302,0.2214613199602248,0.12883526807510556,0.13990554453773013,0.9208732112854963
0.4631837443227314,0.11369898689128558,0.0888370097731056,0.33428025901287745,0.09740420723738595,0.11236226095045755,0.8668765332190417
0.014203270058589356,0.5641792851865243,0.09817296628077998,0.3234444784741064,0.11919145600116678,0.1449692392712931,0.8221844620300022
0.0037029768515854347,0.08801769139885916,0.6405572218705897,0.2677221098789656,0.15586330319133343,0.16566417547383527,0.9408389155080196
0.26069340460979074,0.15471097872103232,0.3990533402407432,0.18554227642843382,0.11301009292446632,0.12094503811102969,0.9343921395164723
0.3316416174257152,0.1595728495920942,0.1565826478575948,0.3522028851245959,0.1117309060235193,0.12602407242708638,0.886583839672086
0.13403749917190355,0.6789375364126611,0.05971350223491204,0.12731146218052336,0.08462569530366583,0.11307984001324728,0.7483711976754827
0.148915732978154,0.43151420151844777,0.3110265250863832,0.10854354041701504,0.10154699561221492,0.11640909562048854,0.8723287048228058
0.11733930777623822,0.16543439433704746,0.26576996771041844,0.45145633017629583,0.14408395495094,0.16037009493358684,0.8984465277682144
0.07690177899250164,0.04727737037328742,0.36421588219512846,0.5116049684390825,0.16180082752306593,0.177442164779448,0.9118510683420511
0.38115133497534404,0.37995915886775516,0.0389261201920147,0.19996338596488616,0.08005176304202918,0.09822359262856659,0.8149952664096258
0.17194498590017723,0.5040990018890814,0.08233620432231284,0.2416198078884286,0.09940022207627189,0.1211988206093472,0.820141826269602
0.44219422915797063,0.38636593169864464,0.12243014794972304,0.04900969119366172,0.06405596023325534,0.08013194364895719,0.7993810871962912
0.19694427748691948,0.3614730925781332,0.39249837310046737,0.0490842568344799,0.09793360936217381,0.1113496096015092,0.8795146180813053
0.056662517609698496,0.22735339035345906,0.3536169346255656,0.36236715741127684,0.14256395935302632,0.1560277304143054,0.9137091142354741
0.016083208535682476,0.49197763407702255,0.2972333583394566,0.19470579904783844,0.1182862621165914,0.13588528009406667,0.8704862074443065
0.3378951079183164,0.14111068661068257,0.45678281278364163,0.06421139268735962,0.09799535067613228,0.10668345280342512,0.9185618584795758
0.012170226726819278,0.4851898601147134,0.05388668282768008,0.4487532303307872,0.13204034323287578,0.16074068855719406,0.8214494066068017
0.14536766901034417,0.24414610665026612,0.16883184543702706,0.44165437890236264,0.13365323344175212,0.15282101745359794,0.8745736395998943
0.32009423015599836,0.38739859971341034,0.11007119424230799,0.18243597588828328,0.08651766089706155,0.10258643993010735,0.8433635181804384
0.04286060431424563,0.03911696534518792,0.698911572997065,0.21911085734350141,0.1522543070787081,0.16174480037789565,0.9413242757911583
0.3829101738296899,0.1459111673778987,0.2086218367522682,0.26255682204014325,0.10167662511391559,0.11189224100959809,0.9087013022216062
0.34724466995403036,0.28572058962307334,0.28372051681927846,0.08331422360361791,0.0861662569163111,0.0967511451821677,0.8905967650726317
0.5620187901629644,0.07667744086488727,0.1087018931577084,0.25260187581444005,0.08343345580034567,0.09506287327644539,0.8776660427433004
0.17589678675743142,0.15321975911914432,0.5572244664548147,0.11365898766860957,0.12055878637543285,0.12996176211840998,0.9276481359616381
0.44047026249549315,0.18744141916568982,0.17186441611030984,0.20022390222850714,0.08775474745375605,0.0979266313975039,0.8961275007770039
0.05975368623058557,0.23392883081543278,0.4191633012609319,0.2871541816930496,0.1378754234094417,0.14930557928358965,0.9234445495674505
0.09158057523966856,0.4551261210696843,0.025973707387339076,0.427319596303308,0.12305041534843375,0.1508259478061985,0.8158438063094123
0.04400429263764629,0.17433762800952415,0.009161297633667501,0.7724967817191621,0.1689572708023022,0.20802608084428342,0.8121927313949353
0.1168427042996971,0.42994551307775514,0.07415290877433131,0.3790588738482164,0.11936775108722979,0.1430858806091336,0.8342385047292373
0.08225605473951099,0.1836764342064862,0.525326856118186,0.208740654935817,0.13504963089413555,0.14470627120374785,0.9332672991344262
0.025152075296763547,0.39557955073919693,0.2333283031744605,0.345940070789579,0.13238086969176394,0.15080307313054017,0.87783933671677
0.5155029413257732,0.06869131008089935,0.09045228696134142,0.3253534616319861,0.09375698590277685,0.1080065358540699,0.8680677068418717
0.02000650773359225,0.13141655602793756,0.14998806768219475,0.6985888685562754,0.1718152729402118,0.2016492139258427,0.8520502986111195
0.5688158096148959,0.0317261435466812,0.13740292805180332,0.26205511878661963,0.08661860920566003,0.09739073884885108,0.8893926694620397
0.14448435115362535,0.2626779728646954,0.09000414801353922,0.5028335279681401,0.13534447291926008,0.15960013209438953,0.8480223114052039
0.5217678550461764,0.20677069600488457,0.15804879951519854,0.1134126494337404,0.07129915563529331,0.08144460741045095,0.8754312642944143
0.024023104438520147,0.262049582552389,0.6719618998763851,0.04196541313270577,0.12801130047543655,0.14285263664396283,0.8961073696839358
0.09354098005575842,0.3782337383588749,0.2983375374612977,0.2298877441240689,0.11907536073024486,0.13333639030755678,0.8930447303664281
0.005445971348656521,0.38394783736324173,0.12100580727742401,0.48960038401067785,0.14305621593614923,0.16877447314419003,0.8476176122554459
0.19417717898136735,0.0024875868308108034,0.540725153328526,0.2626100808592959,0.13768846382892216,0.14516404540281594,0.9485025265509116
0.2594307257146349,0.0961767968149302,0.4408884925970376,0.20350398487339735,0.11875506115557292,0.1260757707402653,0.941934048535193
0.04706734515349387,0.2031918990323311,0.38321812749491957,0.36652262831925536,0.14595202462342205,0.15889246582267555,0.9185584972059337
0.6331926596305077,0.19611722729986056,0.15763026442940095,0.013059848640230598,0.05264856849605666,0.06524571360225279,0.8069276215907435
0.08128138115124635,0.11655715990116841,0.24748780313686902,0.5546736558107161,0.1578425304487803,0.17810297577221756,0.8862430836116456
0.42529648542824167,0.20070077666353392,0.3486578125682207,0.025344925340003713,0.07992264102824606,0.08987052472414395,0.8893087168853999
0.08226998377812333,0.011595524036932555,0.19725066189744264,0.7088838302875013,0.17382145170026442,0.20138838340006254,0.8631155817709912
0.13354725078725238,0.343884881355329,0.2854595469452742,0.2371083209121443,0.11698348293483808,0.130398835963188,0.8971206074865798
0.44564837375127464,0.20943741759220982,0.24179052058996015,0.10312368806655531,0.08046690240828527,0.08945080524777188,0.8995659925631537
0.2037195796526089,0.0320053355629177,0.18751605257915271,0.5767590322053208,0.1497939794103935,0.17132451529289125,0.8743289257483682
0.09605792229501803,0.43147760350237024,0.44865330400128034,0.02381117020133143,0.10418482033152461,0.12081577664835277,0.8623444985563902
0.24594337194546612,0.15740338869667117,0.1390560196744972,0.45759721968336553,0.128314951535524,0.14726130164675527,0.8713419622170728
0.07666310643192634,0.7658707130345435,0.14155193579738637,0.01591424473614386,0.0795598513578933,0.1119796517711858,0.7104848970280988
0.021320180335654047,0.38532754208412545,0.3245985421542532,0.26875373542596737,0.1298398599609333,0.14507043153205845,0.8950125714090854
0.01131259099110038,0.12522407169819158,0.685437233878855,0.17802610343185318,0.1474127426068943,0.1580243356411954,0.9328483616700949
0.12941480548066234,0.6738622008369488,0.03209012263922757,0.1646328710431615,0.0874987427727161,0.11658511162817088,0.7505138653705544
0.36739218905194626,0.2384704556852186,0.2314348779042151,0.16270247735861987,0.09129650283636047,0.1011158382671795,0.9028902336261774
0.30326965864012234,0.05137428276101411,0.41312305177307806,0.23223300682578554,0.11807665209719226,0.12504561776027975,0.9442686134235633
0.02584092552537087,0.4902863876919703,0.24454534732548916,0.23932733945716975,0.11938413563920267,0.13798421866284524,0.8652013744478231
0.31158627079851187,0.08131689629683446,0.014477350060442151,0.5926194828442115,0.1326194072346573,0.16122711777062274,0.8225626623390642
0.41045664657654013,0.1891585650723544,0.195551200129782,0.2048335882213235,0.09174963015032761,0.10161942703407885,0.9028749012682258
0.9145651313709684,0.01672741843275032,0.009585386399241103,0.059122063797040054,0.032724442637006065,0.05375840940155384,0.608731601275022
0.2153082917765866,0.3427309936330757,0.17534466981809246,0.26661604477224526,0.10792224481700996,0.12317630532161661,0.8761607562040614
0.22720666950826857,0.2441724902802861,0.17462075475081856,0.3540000854606269,0.11862933801453356,0.13421801363932417,0.8838555630343248
0.09879545552619473,0.06251619951079503,0.5143963916588408,0.32429195330416954,0.14836989248593957,0.1576289413710565,0.9412604766321353
0.04775687065462679,0.2507418426687665,0.5975481867402761,0.10395309993633071,0.12892991439821375,0.1410873289475638,0.9138305711785893
0.0439961402759516,0.3882962378479077,0.207583026703041,0.3601245951730997,0.13122303249494865,0.15024515213611594,0.8733927892466439
0.31253247499494224,0.036346445483345806,0.3297157730198418,0.32140530650187005,0.12253332793708334,0.1315281601206268,0.9316128791333039
0.2741295506953529,0.18112549325375937,0.328942773272116,0.2158021827787718,0.11066322808824199,0.11944163305513812,0.9265046471455749
0.03217922368152253,0.017384309791716814,0.5498887966887301,0.40054766983803053,0.16445333962996625,0.1751564118511237,0.9388942025699026
0.046130923339207486,0.06795395420951908,0.6025288800994385,0.2833862423518349,0.15273597574673325,0.1619807608285099,0.9429266473716335
0.25439871239952977,0.08015074868180486,0.05379152573158524,0.6116590131870803,0.14109905815287077,0.16905481757235702,0.8346349437363952
0.1245700520985815,0.7527886028448653,0.12161098222595955,0.0010303628305937784,0.07363432314112488,0.1063852478930674,0.6921478738775704
0.006476294874455879,0.3477838882094769,0.5940494859630182,0.051690330953049105,0.12391988715721505,0.13931450073476753,0.8894974069722911
0.15110344109339446,0.1773716313563545,0.1744260823447514,0.49709884520549963,0.14102176440962536,0.16118755519425668,0.874892383842361
0.18388186174670781,0.3306009107368391,0.30312967144448477,0.18238755607196847,0.10876666291757932,0.1207944743580944,0.9004274698455269
0.12569807884033685,0.32518637007964957,0.003417673668103103,0.5456978774119104,0.13492923401497978,0.16537429695349617,0.8159020869665274
0.22773035610815623,0.19108582427843027,0.4172097446467352,0.16397407496667818,0.11330689151199916,0.121886205757141,0.9296120984991839
0.14691190431359522,0.1331481717625184,0.6603598867243065,0.05958003719957982,0.12322860055821012,0.13494106053814187,0.9132031426667115
0.022954966517868304,0.6925893646898257,0.1462591769644054,0.1381964918279006,0.0985185297688861,0.12559859470537552,0.784391975085288
0.1745674161807913,0.3996185121400671,0.3108838131321356,0.1149302585470061,0.10108326785264209,0.11484687771714101,0.8801568650529826
0.2466129360836739,0.12575523600859265,0.41956869601690894,0.2080631318908247,0.11828305602297624,0.12602699815642465,0.9385533080472437
0.21273915446030311,0.22254065933343758,0.03083801948860141,0.5338821667176578,0.13123476550936847,0.15814146932020676,0.8298567483500657
0.7917404712184688,0.05260254179940916,0.01359804787006948,0.14205893911205258,0.04996848235324895,0.06562814911206977,0.7613879566818254
0.24064311914273975,0.4576314880102511,0.10464650326569594,0.1970788895813132,0.09195981994968941,0.11070700307330275,0.8306594650457639
0.2909419715209268,0.04248369596623207,0.08425586213125469,0.5823184703815865,0.13789477154406027,0.16296272955785643,0.8461736736871708
0.018658051634911986,0.48991243507903054,0.17449299495739576,0.31693651832866176,0.1242282843975721,0.14564289865524824,0.8529649268491508
0.0668259779331515,0.14180563649709718,0.58248432179674,0.20888406377301136,0.1404123751375731,0.14988048686180397,0.9368289233477013
0.39867403270321916,0.13114894242825836,0.4428839119612318,0.027293112907290758,0.08904511599968538,0.0984772133367435,0.9042205093191965
0.4925300722440157,0.02796073297968562,0.32399609091579484,0.15551310386050382,0.0915098871629283,0.09771814258194612,0.9364677299938279
0.017539177905886674,0.009937747549910341,0.8174226504588574,0.1551004240853457,0.15467990827250921,0.1662242603756662,0.9305495354464698
0.05415943862669522,0.7600821806471254,0.04055895666043738,0.145199424065742,0.08941266973004669,0.1222222406287535,0.7315580967103612
0.07611615508604978,0.3546496367669699,0.4451804882205588,0.12405371992642147,0.117935614893777,0.13084815024244492,0.901316638219626
0.3385739971952863,0.05192998183807937,0.5959900062313355,0.013506014735298737,0.10250628255433135,0.11367645975716811,0.9017371122684668
0.36185995049684444,0.154190959585571,0.16840731772232478,0.31554177219525986,0.10640001827832755,0.11906973478361485,0.8935941486028172
0.09648962970633924,0.3396936017491078,0.2472210774216469,0.31659569112290614,0.1261106445543926,0.14178763129398367,0.8894333264719948
0.13757951654693537,0.029171538704980918,0.5998726587866252,0.2333762859614586,0.14144975405057286,0.1495079109280649,0.9461021371546742
0.09480854059628983,0.25844784650962965,0.04632668470122974,0.6004169281928509,0.1470199084113545,0.17723771721026602,0.8295068946128289
0.014901020049083544,0.11773766713966613,0.4317208867543704,0.43564042605687986,0.16042587532528985,0.17383465550993388,0.9228647467024906
0.2646099894320865,0.05534426855916365,0.49258096587623024,0.18746477613251955,0.12054639869572163,0.12754435508811526,0.9451331547557786
0.5200260246822176,0.19774062316030822,0.029188638057896864,0.2530447140995773,0.07922960264346592,0.09497142468965866,0.8342467526665749
0.7601896493577183,0.031689200761358435,0.07904371348834041,0.12907743639258293,0.055094081342217105,0.06737260276439282,0.8177520101885533
0.18444238030744706,0.2643677973079235,0.12150018851717183,0.42968963386745757,0.12635754846877087,0.146561417888579,0.8621474211230148
0.054847032365894534,0.48177201229934186,0.14537132328835642,0.3180096320464071,0.12022860641080671,0.14189950737282514,0.8472799422405284
0.035781716224477886,0.23066311790293748,0.3023606761390287,0.4311944897335559,0.14845505194526068,0.16483232939841347,0.9006428076765963
0.5929986744177074,0.2924536121417223,0.06955117014512452,0.044996543295445876,0.05176371051913257,0.06740293377329204,0.7679741462476755
0.058734121227412305,0.42812719077265027,0.027995533865051634,0.4851431541348858,0.13237154668536869,0.1617310831043536,0.8184669523294956
0.3104103582157277,0.10417182503430965,0.4979309818448788,0.08748683490508385,0.10568724917446481,0.11388051146817398,0.9280538681458336
0.3222160260915302,0.14172034276626702,0.18423749831424288,0.35182613282795994,0.11436559582819772,0.12776323293122263,0.8951369905437732
0.4730260512239602,0.00917604232143317,0.2180105897789449,0.2997873166756618,0.10276189578895362,0.11241670941181413,0.9141158492062581
0.06589749772985258,0.34000294474386833,0.1798901243867787,0.4142094331395004,0.13494356137258473,0.15507104155241616,0.8702047785432069
0.0015980892133913133,0.7752760738827065,0.08474234157316045,0.13838349533074185,0.09468933725817973,0.1270237982608665,0.7454456452618268
0.27512162186867395,0.1540495181813348,0.2751169672415269,0.29571189270846426,0.11669582233798881,0.1271183738487754,0.9180090871585124
0.0016433949047277316,0.2622033290405621,0.02318259535033708,0.7129706807043731,0.1644586263743591,0.20126660192491186,0.8171183137265615
0.31012947608210917,0.2609209010706747,0.2020755832900147,0.22687403955720145,0.10015319800153191,0.11187695258653443,0.8952084918836661
0.30210828597922035,0.031489989645308136,0.11801364455619044,0.5483880798192811,0.13562612764204077,0.15783660555895923,0.8592818323844286
0.3342048785714999,0.13764814915429274,0.247314989007713,0.28083198326649444,0.10958311301668633,0.11961220301322395,0.9161532875083921
0.2161623470982144,0.06025844813382213,0.28749452646978946,0.43608467829817393,0.13888245294143506,0.15257220073975894,0.9102736426954058
0.06357616259167297,0.11202893937172805,0.2474392806007496,0.5769556174358494,0.16162056458513677,0.18284534759006255,0.883919480125294
0.04599315017102847,0.08646596268042402,0.3201807643012944,0.5473601228472531,0.16447161960569504,0.18275276140445246,0.8999679038594706
0.17758694485050514,0.11123226871221246,0.20077872722704052,0.510402059210242,0.14353521863296945,0.16264563016660866,0.8825027668184927
0.020826563430539437,0.007611653917591276,0.958005526237372,0.013556256414497328,0.14736142726134746,0.1657892987791065,0.8888476418353644
0.2772875298251147,0.5706804966482883,0.1475322819436172,0.004499691582979703,0.068523165970021,0.0921264655012217,0.7437945827750476
0.5288304174912571,0.059101345068026175,0.07815388897201858,0.3339143484686981,0.09321965554412939,0.1081516877230465,0.8619343581844523
0.16519027769881725,0.7075550085937509,0.014270980808216689,0.1129837328992152,0.07757004985661446,0.10890904915063614,0.7122461398898493
0.5930522654589252,0.023257375697944893,0.354145386926618,0.02954497191651191,0.07251986403032973,0.08110748774399319,0.8941204572780093
0.2819278701288352,0.4898755082823689,0.12154633629453819,0.10665028529425773,0.07949185048537481,0.09843398793956237,0.8075650712656499
0.1881536891378229,0.08697547513349649,0.4390289462394992,0.2858418894891814,0.13287407687586236,0.1413784818422822,0.9398465391932338
0.017075904798320437,0.2932815779128678,0.4531031145999952,0.23653940268881668,0.13614457627762977,0.14823556381645783,0.9184339626231741
0.3419601547785298,0.5575901622467417,0.023602464959541176,0.07684721801518729,0.06478032779981116,0.08964661474148342,0.7226187847318061
0.038521500242069275,0.07266319041928253,0.7770444026709307,0.11177090666771762,0.14476769506837428,0.15687353445446034,0.9228305817919827
0.28500168328621195,0.11976944174145869,0.5649372941179135,0.030291580854415998,0.10488280487619657,0.1155813173853253,0.9074373544864348
0.14978640100931223,0.27616511788380527,0.15431357691030254,0.41973490419657994,0.129421303647914,0.14869926136488545,0.8703560626998256
0.05227389042467345,0.2854044368904479,0.05465145817353667,0.6076702145113418,0.1507555500191237,0.18157825767958927,0.8302511101584918
0.4791963941875227,0.3785962594924819,0.1253561523287489,0.01685119399124655,0.05825932769578583,0.07502823690993456,0.7764986902960486
0.28026422737129897,0.16544552360000392,0.017207067381608543,0.5370831816470885,0.12718416763608523,0.1539093741410216,0.826357512957924
0.7758382038323867,0.18938027273221747,0.022729209250917454,0.012052314184478486,0.034593227392436275,0.054182979922370415,0.6384519168565301
0.5112135659804274,0.3158427225553501,0.020293215723711466,0.15265049574051107,0.065907343405142,0.08263269052870602,0.7975940633597819
0.22592115335426705,0.011518982676899285,0.5146009312557032,0.2479589327131304,0.13210667808544985,0.13929583593432512,0.9483892838529301
0.2107251003202812,0.39590014390590283,0.19334429530321778,0.20003046047059816,0.10093524846942112,0.11606262307532483,0.8696619617489946
0.255986336869958,0.11749373842835399,0.036003875653470976,0.5905160490482171,0.13684807958504802,0.16483027617435317,0.8302363058610281
0.38002166975831075,0.010069379853526489,0.3868301447070452,0.22307880568111746,0.11094557282719333,0.11736176957553657,0.9453297545567969
0.005502485502090156,0.23509276492582687,0.33624097494491795,0.42316377462716515,0.1516354444220204,0.16751001142489164,0.9052321299017456
0.192027738841304,0.05099392549384364,0.10665056811301618,0.6503277675518361,0.1534732682887148,0.18119544446548205,0.8470040112843545
0.7900093003935988,0.12737286045396118,0.039682217786718973,0.04293562136572103,0.039255743180801314,0.05602382746088492,0.7006972739984455
0.14373436400656356,0.13816169725182578,0.07781151907434074,0.6402924196672699,0.15227621788236417,0.18147307277359576,0.8391119164678644
0.09940090488356804,0.10302215435464876,0.6346834198228565,0.16289352093892687,0.1369807860637106,0.14640712349327278,0.9356155820519533
0.3682754948417643,0.12054784225598408,0.4568587941188039,0.054317868783447576,0.09519625172926428,0.10383724822089418,0.9167832676647227
0.0032406961348594217,0.5775999317135955,0.10223196781061566,0.3169274043409295,0.11921708518242712,0.14521718606345985,0.8209571360949612
0.15756848470827406,0.032322377208526834,0.06061528659748724,0.7494938514857118,0.1644049993855278,0.19870060403388962,0.8274006019502966
0.5950235345137579,0.13235658816252188,0.0653309598719307,0.2072889174517895,0.0724228593327992,0.08510677294968702,0.8509646979049924
0.3499189301113059,0.5521651202986537,0.044752502120819874,0.053163447469220616,0.06299550183509899,0.08734409429633448,0.7212336717508636
0.15615095737453413,0.042844197836022405,0.6452206028873075,0.15578424190213594,0.13406205180953557,0.14282568779869098,0.9386410377276984
0.4332830355198154,0.15824238285349215,0.08986757562419305,0.3186070060024994,0.0969441650542696,0.11185655154731103,0.8666829409028038
0.1692645103447731,0.06122549734337515,0.19964338214155,0.5698666101703018,0.1515909043762246,0.17281456456227398,0.877188243711939
0.532646451800324,0.018733179161347327,0.11124788134385492,0.337372487694474,0.09612593131777383,0.10983766622354417,0.87516363577988
0.3890970191355937,0.06431601181251649,0.37210831416124995,0.17447865489063985,0.10299603931190349,0.10945799694519753,0.9409640427046243
0.4035324158942854,0.1554686335282607,0.4105881501963499,0.030410800381103838,0.08662383527053721,0.09600796953609274,0.9022567156570507
0.6764226477265803,0.0116438106914886,0.2912790563568758,0.020654485225055395,0.06216627520147826,0.07183976506826317,0.8653463042704409
0.5783747330049321,0.027056159369751448,0.23096844745534173,0.16360066016997468,0.08082682496827745,0.08802334213011143,0.9182430820316222
0.06497574400498292,0.5304716374529486,0.16519809481749975,0.23935452372456875,0.11108314846934478,0.13213753568325065,0.8406630855870073
0.07043250177594781,0.589895960899565,0.22155277200827161,0.11811876531621562,0.09955803616297237,0.12102816113792296,0.8226022375859833
0.25307033805355833,0.3205255128502768,0.056914955555678604,0.36948919354048626,0.10993327470203959,0.1308248441297476,0.8403088529042048
0.13572005824093192,0.6096189360609484,0.1316296165037543,0.12303138919436539,0.08973844700352125,0.11335320489660734,0.7916710170248316
0.2731872045373054,0.12377378745731818,0.0104786530784711,0.5925603549269053,0.13421177815991012,0.16338621886787394,0.8214387914102081
0.4682897160885304,0.12519571670652446,0.26880685932961196,0.13770770787533307,0.08599206496573573,0.09336184433580408,0.9210621917069172
0.727617039396184,0.08615846041735895,0.11561289707111377,0.07061160311534313,0.0520476882008745,0.06362093969632958,0.8180905288306711
0.5294317181711587,0.10672219009567568,0.345910629750344,0.01793546198282163,0.07353287452923639,0.08270738674131763,0.889072638206111
0.16019964697830022,0.4504977437324134,0.22315939873133459,0.16614321055795175,0.10144138692212548,0.11764036033471965,0.8623008857971569
0.16357085433899676,0.07819554635724998,0.632225678311168,0.1260079209925851,0.12878054127697966,0.13803923344542032,0.9329270966134314
0.31211575250372325,0.04976166092036603,0.5355156467792755,0.10260693979663531,0.11057436629071848,0.11837264764374968,0.9341209180646137
0.11427942909565468,0.40193733065988113,0.06291246641250352,0.4208707738319606,0.12403222645637242,0.14888323233438233,0.8330839175885427
0.10274716184083776,0.13729851292470807,0.7164729374744809,0.043481387759973386,0.12783305731471314,0.14114859204958433,0.9056629999526064
0.1707511217964588,0.15795992381574894,0.3783959696116056,0.29289298477618664,0.12981020950000977,0.13969468372144855,0.9292423021541145
0.12344531022102365,0.1455478961194354,0.18432705833926127,0.5466797353202796,0.14964226474772607,0.17132127291827018,0.8734599165575532
0.5644218558261564,0.13446728513576234,0.08147326624845243,0.2196375927896288,0.07684965557122012,0.08913604611173186,0.862161369317293
0.2773357730288021,0.340382351761087,0.18405724443274846,0.1982246307773625,0.0966269929042369,0.11014264878420157,0.8772895328997816
0.1986761099672628,0.17992057503457828,0.41606170792278874,0.2053416070753702,0.12004554005525808,0.1287591270252299,0.9323264519472517
0.12134599750776137,0.3351905035027965,0.5403279688573612,0.003135530132080986,0.10756655655037135,0.12302169371909646,0.8743706357675839
0.34106773691793696,0.1381241767783775,0.49288795769819804,0.027920128605487614,0.09600726648867239,0.10602271885090657,0.9055348469574873
0.4383228610904375,0.10749035542105687,0.42256776539552793,0.031619018092977645,0.08599975052920744,0.09488709568020447,0.9063376838832773
0.14676281879162323,0.012583502660941749,0.17785348509544505,0.6628001934519899,0.16305416301681314,0.1888467907150186,0.8634203546666138
0.06115466121238776,0.07140193695840244,0.2834346893872936,0.5840087124419161,0.16553817470781318,0.1858268330292064,0.890819544246312
0.36131378615144766,0.47614997061797826,0.01707024936571189,0.1454659938648621,0.07221050984411663,0.0937345012291547,0.7703727965392603
0.10071838690374535,0.009708380413773553,0.46025606321855833,0.42931716946392273,0.15759579774260735,0.16902485681571555,0.9323823768384014
0.014159729077044813,0.6386031934560619,0.08392784237479232,0.2633092350921011,0.1102364414981043,0.13772762702084443,0.8003945459789308
0.2782793243619543,0.40276138467617545,0.02917667994698386,0.2897826110148863,0.09609190760959621,0.11735732385773241,0.8187977064480831
0.30601821782024613,0.0563201992701972,0.11832512544152934,0.5193364574680273,0.1316788386151536,0.15274181759497882,0.8621007703621981
0.2247899840204398,0.24767494337069806,0.1395726568963003,0.38796241571256185,0.12036142739331508,0.13806291522952524,0.8717868023662836
0.017949567150130345,0.0716650091196682,0.24628066289969805,0.6641047608305034,0.17513859358243478,0.1999893045873639,0.8757397999047831
0.18019500936763694,0.16906653031893135,0.0649271696266867,0.585811290686745,0.14233989089102994,0.16969992472850137,0.8387740366930388
0.2645432485541307,0.3858014311852491,0.08948654184074506,0.2601687784198751,0.09775370211413684,0.11589007630680248,0.8435036478477055
0.07759850397858326,0.49518438182177943,0.149213068332402,0.27800404586723526,0.11419764623040358,0.13512692632119205,0.8451139187385919
0.5671474994415949,0.001193022782274106,0.1995176685571044,0.23214180921902652,0.08778247371096205,0.09626842736227702,0.9118511241553718
0.41473906000327204,0.1091328394334136,0.19034408168903266,0.2857840188742817,0.10164249598861563,0.11230844648603593,0.9050298456514893
0.23675773476292755,0.5834976083349893,0.14466015885615013,0.0350844980459329,0.07429591071631692,0.09757592310613787,0.7614164268320761
0.41658425204617605,0.06797352073483419,0.4466647143360723,0.06877751288291738,0.09384504121935623,0.10151823683064282,0.924415594174598
0.005443127423601753,0.17484096496018195,0.6956376420170342,0.12407826559918218,0.1415090295180763,0.1535438465565058,0.9216196721110504
0.06429654927397098,0.05871274941939775,0.5461301845021874,0.33086051680444395,0.15348745448105416,0.16301307258114342,0.9415653116080757
0.17010160975578398,0.019710793884617973,0.26998784510041196,0.540199751259186,0.15331991478393792,0.17120252000121877,0.8955470677817502
0.024535164990618905,0.09420828323924346,0.26318116870786007,0.6180753830622776,0.17017753504519395,0.1927724526911548,0.882789696709619
0.5903826555775225,0.2364196804585583,0.12271220701542682,0.05048545694849229,0.05686095318566201,0.06944126666147905,0.8188351958332626
0.13875831643177933,0.0017337154606687664,0.2667258857116358,0.592782082395916,0.16146182574681098,0.18161657120755326,0.8890258453469577
0.10928455131555248,0.30630831021605687,0.5078987888922332,0.07650834957615732,0.11511376099050147,0.12767946188348978,0.9015840080493542
0.19383552026290893,0.1449390950127451,0.10654187608053113,0.5546835086438148,0.14094043019699296,0.16508525778171412,0.8537432844751834
0.0835503437728686,0.05548225800252931,0.5849414458452956,0.2760259523793063,0.14850117228829005,0.15726125506913852,0.9442959883729964
0.14198829885347597,0.5700299087735179,0.2434183089318144,0.04456348344119177,0.08816730261922628,0.10929558642335378,0.8066867611443375
0.6827968151103458,0.11847712741058965,0.06138116391055865,0.13734489356850574,0.05862548852123314,0.07111684502207007,0.8243544620552218
0.07883052821397127,0.7536920817391186,0.07749711112654639,0.08998027892036382,0.08395567873907245,0.11575938344588109,0.7252602444822345
0.2398309079280344,0.5605127536445994,0.022810279451695076,0.17684605897567104,0.08282326462657112,0.10749299661303967,0.7704991695851938
0.46280340988064167,0.014541676867310564,0.15634826569914315,0.3663066475529045,0.10698755494377694,0.12026731896733836,0.8895812749665778
0.25596357411360293,0.41840131121536506,0.07152377114744021,0.2541113435235919,0.09595819764418202,0.11542123018410214,0.8313738944830541
0.599950443672654,0.2195986776049363,0.16806322327800857,0.01238765544440127,0.05505793088638016,0.06761651428899226,0.8142675123870353
0.49521246262101504,0.003735698749379305,0.0016739009664955688,0.4993779376631101,0.11029242084247322,0.13481499484534465,0.8181020291474036
0.015699210450407088,0.13776615475663923,0.8266487054282461,0.0198859293647076,0.13793210672915132,0.1544299012618257,0.8931696880081309
0.022589628114661878,0.12904686549890348,0.6634318985768111,0.18493160780962356,0.14598617949566284,0.1562979407163556,0.9340249706846349
0.2302498337956989,0.2235060377113573,0.391419402203003,0.1548247262899407,0.10992827490414757,0.11902987005984672,0.9235352004406711
0.35120264297599424,0.04550033635718743,0.3635179445571894,0.23977907610962892,0.1126925833100272,0.11972381877137613,0.9412712062352795
0.1616137950438422,0.15327775228140939,0.30533525438395526,0.379773198290793,0.13571664637632738,0.14855467772316022,0.913580430158132
0.00491454768929169,0.15066532311843758,0.31010649773037663,0.534313631461894,0.16402356452401176,0.1829527718883435,0.8965350064448093
0.15747965526185076,0.5763029907193662,0.22073662974899472,0.04548072426978819,0.0856974417718995,0.10728217107901944,0.798804134088398
0.47402092559400066,0.3129608538171966,0.16946219457170705,0.04355602601709571,0.06551821266825898,0.07864280500796023,0.833111340085431
0.047696254602380694,0.09687485272606723,0.264283680878611,0.591145211792941,0.16560675927325216,0.18694557090347744,0.8858554844220258
0.7715488915249527,0.07136235768768168,0.027422669408310663,0.12966608137905494,0.050472959555694356,0.06521451672357709,0.7739528266326445
0.3369418354233097,0.03347084217521202,0.3173081682663411,0.31227915413513724,0.11913385172770966,0.12794311248489523,0.9311470497622482
0.46866327191255003,0.10935856846650309,0.14854939327737127,0.27342876634357566,0.09399652749122704,0.10525244565766971,0.8930578943215041
0.6103284981144963,0.040254058525445086,0.08923521609462887,0.2601822272654297,0.08044608192635136,0.09285409892928423,0.8663708210406246
0.26191884395566556,0.24036322249536785,0.15407084464805373,0.3436470889009129,0.1139038469311797,0.1294535924121545,0.8798816997564076
0.09130796030378366,0.21883185963549723,0.15879050764561778,0.5310696724151013,0.1471769000104234,0.17003238832091877,0.8655815604533064
0.27636426952303844,0.12163749469128403,0.3599865371285106,0.24201169865716704,0.11644223031956065,0.12455780527368782,0.9348449104711262
0.10383472882131356,0.028979470545783488,0.27732766692846605,0.589858133704437,0.16367603429478841,0.18379201580962293,0.8905502971594195
0.09918903861721157,0.2644915934267097,0.5474576710701637,0.08886169688591491,0.12038918234992145,0.1322739871537777,0.9101500978416918
0.4583408849293476,0.15662591288222336,0.06821833370988727,0.31681486847854173,0.09372635535253403,0.1092854687445212,0.8576287079084592
0.08706336562906669,0.3630493492140761,0.36897433939926483,0.18091294575759237,0.11868346181897486,0.13168481063099644,0.9012691839725266
0.5536229971121222,0.2431442495881244,0.02658795025878494,0.1766448030409686,0.06740971056042261,0.0826154949937335,0.8159451270676975
0.28491567271561813,0.22451446909608003,0.37157004931230436,0.11899980887599754,0.10094979546308312,0.109943031313349,0.9182009469555718
0.266195559358432,0.25322891253156365,0.0454921086763296,0.4350834194336749,0.11689043525256251,0.13936385982710928,0.8387428089145448
0.15857481090555195,0.5749305218743366,0.2410759151906578,0.025418752029453894,0.08466177043380405,0.10643167376436041,0.7954565350653519
0.033750569572711636,0.5728673852311391,0.12220746695190526,0.27117457824424407,0.11334176404926859,0.13752052082326496,0.8241807358694504
0.19161913455450802,0.09977038656892036,0.591590196532635,0.11702028234393667,0.12295889569959717,0.13197099921259103,0.9317114853508358
0.2131690074007704,0.031542090800924336,0.053652739528015976,0.7016361622702894,0.15484646988734038,0.18692717055462835,0.8283786109204891
0.19691165883330775,0.3632221397302812,0.2997584346028542,0.14010776683355686,0.10234910151492534,0.11500082152551065,0.8899858292944561
0.3499150195078013,0.5129127643455139,0.08462135284775182,0.052550863298933125,0.0661055694812914,0.08757101262618258,0.7548795828532728
0.03373902863078819,0.474556863216439,0.11561755539867755,0.3760865527540953,0.1264537048583872,0.15043501304614215,0.8405869238672563
0.17797967083204966,0.3911793303886709,0.029000521279231705,0.40184047750004764,0.11566032023574224,0.1405117170480867,0.8231364804698836
0.02782390197749116,0.20707304009960298,0.64616758127514,0.11893547664776598,0.13576382336734621,0.1476111351007756,0.9197397152637496
0.3015107595503868,0.4684577146037801,0.05504046279703033,0.17499106304880283,0.08207653724258746,0.10223100374413882,0.8028536768357136
0.011825780860494043,0.42616269374311894,0.044156976095699976,0.517854549300687,0.1402623604537206,0.1705029279352752,0.8226390136066505
0.17670046915700552,0.05461592741136285,0.06966310041500888,0.6990205030166228,0.1576106899675114,0.18914423970571773,0.8332830553694462
0.1375187518603677,0.3661954147399179,0.1903875897893623,0.30589824361035206,0.11812184125947636,0.1349597152035948,0.8752377780383022
0.10788205906917628,0.2912614440394315,0.34719055564977985,0.2536659412416124,0.1253577138599332,0.137449102575139,0.91203006430256
0.09908317095250745,0.4024723664768437,0.35636586790260805,0.14207859466804076,0.11202532819142857,0.12597656940960997,0.8892552695825583
0.06819300412729609,0.16585249031882254,0.6872670487276632,0.07868745682621814,0.13180108307925661,0.14416454136978948,0.9142406435517318
0.11871290502333715,0.2910896473270394,0.29246287236825647,0.29773457528136704,0.1261668793248714,0.1395680310294959,0.903981222592498
0.02085622743350656,0.06477151936814998,0.722084400630192,0.19228785256815156,0.15172136151259974,0.1619486213694105,0.9368487377642937
0.6808345651109713,0.02553316120175937,0.2160386701888279,0.07759360349844152,0.06332853381435508,0.07185809681556875,0.881299903849309
0.04647061013104509,0.23990698725634976,0.4787277505087176,0.2348946521038875,0.1365109943076505,0.14736570130128274,0.9263417002885885
0.45013939064987635,0.17885974153533515,0.35744585118817346,0.013555016626614982,0.07785085072402,0.08790250449337307,0.8856499729184524
0.3634387594906225,0.33845100836843534,0.14143649839944214,0.15667373374149998,0.08351056728381924,0.09713380282572738,0.8597477382168361
0.4219289273809832,0.02271025374494303,0.5127812804606224,0.04257953841345111,0.09546139606154927,0.1042640121617572,0.9155737831520298
0.043435184471744735,0.14169769978379496,0.0479278575398606,0.7669392582045996,0.17136457294619956,0.2082263804687781,0.8229724425906463
0.17922612726528234,0.2079463057832082,0.005443212636860165,0.6073843543146493,0.14043411670858913,0.17163888185524437,0.818195243354169
0.21038880829730588,0.07804182511231643,0.12183415200382575,0.589735214586552,0.14589286964169254,0.170406641973848,0.8561454409980244
0.7394397649671091,0.17112652235203207,0.05472800895127029,0.034705703729588554,0.04191799395259268,0.05783420850673877,0.7247958437558361
0.0016084128773528775,0.1099102082708147,0.6214053972056341,0.2670759816461984,0.1543518887465889,0.164296666602668,0.9394706048411233
0.10732360949779254,0.3835822712243658,0.22531413612695714,0.28377998315088454,0.11955034822488195,0.13580570127984803,0.8803043399373235
0.17191528601571904,0.029852825389645593,0.23117199599408583,0.5670598926005496,0.15361578141681237,0.17362209504539872,0.8847709237504875
0.010766704576868905,0.5138969613812696,0.43415125401915233,0.04118508002270916,0.10954782549564095,0.1286045102785764,0.8518194677491805
0.19035736460497457,0.08505848800539167,0.39020388793417476,0.3343802594554589,0.13516787653369491,0.14487371863134435,0.9330048114361751
0.800217001704252,0.17853093462241518,0.010984440745465389,0.010267622927867336,0.03220269615504738,0.05301348176055634,0.6074435235266358
0.031108065976320882,0.15483448073460368,0.6394284462180142,0.17462900707106144,0.1423006433178631,0.15271305681041691,0.9318171365957258
0.014057787677627796,0.465554230677618,0.5002688335673621,0.020119148077392058,0.11193410655156853,0.130357727877208,0.8586687446486194
0.1595513808714431,0.09134039238910048,0.19640890576736045,0.552699320972096,0.14958605514418916,0.17046256681515903,0.877530228125643
0.06957111838334748,0.5403199569971568,0.18997614411697716,0.20013278050251862,0.10773679707551823,0.1281185974279014,0.8409145841309025
0.3285695867938608,0.36413088751668743,0.1183258295703421,0.18897369611910986,0.08760416752141863,0.10287267407420089,0.8515785976189434
0.3506809403048166,0.061733277918844746,0.5098497639233998,0.07773601785293888,0.1033596164195132,0.11140594509354057,0.9277746922099053
0.15779974125249632,0.26641797794773436,0.5577510423279397,0.01803123847182961,0.10907415732494821,0.12263789565056149,0.8894001054595625
0.44938486811568085,0.24799479367462574,0.14545017122609705,0.15717016698359643,0.07959889200017126,0.09089638995422077,0.8757101579090281
0.13459127878324206,0.2568444175659554,0.23160843545586215,0.37695586819494037,0.1308033737626491,0.146576875492047,0.8923875155856099
0.19822215199379753,0.2087786314155886,0.2632790891629798,0.3297201274276339,0.12401483609894091,0.13667544946651655,0.9073673185857911
0.11126798495117352,0.6462191361874116,0.0012464973822944173,0.24126638147912044,0.09590095013531054,0.12566330420262983,0.7631579540569137
0.19263808588810985,0.023031141366195804,0.4287574098814379,0.3555733628642564,0.14089322566846285,0.1502593797792303,0.9376667591432313
0.7302612306341568,0.04886206273499644,0.057662702876272905,0.16321400375457376,0.05931777518648858,0.07212336468533677,0.8224488062264285
0.05453483626424121,0.26015917871155136,0.5317331147302468,0.15357287029396072,0.12977638050342258,0.14099110626570538,0.9204579206496327
0.243406888236159,0.06033317316162171,0.07274347973216129,0.6235164588700579,0.14470627361987248,0.17236037717312808,0.8395564920035055
0.002014092923387998,0.49787688394199897,0.26521655346882234,0.23489246966579055,0.12165264068788915,0.14028668250192114,0.86717169811342
0.13831324679346987,0.48284349950364114,0.20102449997578672,0.17781875372710226,0.10228273564291275,0.120024380836957,0.8521829892366221
0.07665626309346353,0.06629682432772223,0.010354038183154259,0.8466928743956601,0.177065583571415,0.21881602483878207,0.809198429145545
0.17134241414517526,0.3533681971559314,0.4321608023424202,0.043128586356473084,0.10161245970647635,0.1152121880269636,0.881959291344207
0.7868819065974988,0.11554440873923824,0.04720517786198384,0.05036850680127905,0.040980224783250044,0.05693387046194491,0.7197863846379736
0.2910301629954979,0.3796023629358157,0.2590150474324767,0.07035242663620977,0.08531551110753051,0.09883508989049808,0.8632107402548401
0.013688049770723559,0.43830004506225684,0.5067646067176678,0.04124729844935164,0.11521891484729295,0.1323269208108611,0.8707140931056566
0.1513074923753271,0.20441624277600634,0.3078262346318578,0.33645003021680864,0.13079922807996738,0.14318288588832817,0.9135116062821984
0.18467829313216574,0.16683995577271754,0.39890050015422757,0.2495812509408892,0.12512368797804552,0.13422340396990037,0.9322046996074137
0.07607053610350109,0.0031814330034236537,0.7923367718841365,0.1284112590089387,0.1462768786167179,0.157592797165833,0.9281952046500737
0.09250828903751544,0.6821707208553066,0.18079116334699802,0.04452982676018001,0.08562675609470748,0.11250657199169765,0.7610822601636662
0.2686827071170441,0.0139417138983083,0.5941071780912717,0.12326840089337594,0.1201193310075884,0.1280983579789335,0.9377117154565142
0.3671557867999348,0.29637277097183207,0.1795594174106337,0.15691202481759944,0.08640552727914189,0.09821581265040334,0.8797516911731936
0.3465367965363309,0.12444596638937565,0.4478445303148539,0.08117270675943955,0.09905317447709891,0.1071030087802506,0.9248402599065354
0.045081141177693254,0.21042581422995554,0.39601699596022033,0.34847604863213083,0.14472918894010997,0.1572441819770313,0.9204104541130215
0.027530033390223432,0.07601797892969579,0.6315108074768633,0.2649411802032174,0.15358671635505614,0.16303936064381502,0.9420223174855937
0.3709914721675328,0.14541720872409397,0.45245267130584255,0.03113864780253069,0.09169466431041975,0.10126459280794403,0.9054958082369978
0.13861923390279626,0.5468083137578933,0.11977118510436104,0.19480126723494934,0.09797489785375249,0.11969890768764421,0.8185112107239876
0.131141859618868,0.09666484395205872,0.5924626560447596,0.17973064038431383,0.13420490275259817,0.1428898298522107,0.9392194174449278
0.32492765587317807,0.4157889265689897,0.12694820456708222,0.13233521299075007,0.08111305126050519,0.09727648813129448,0.8338402508016796
0.47256047787661254,0.2934647776040019,0.22235199627982416,0.01162274823956138,0.06567109307969829,0.07851114928232948,0.836455633117052
0.26444903195886466,0.09072364786699276,0.5803291393423612,0.06449818083178148,0.11158864305757726,0.12120968462893417,0.920624811451244
0.2287578770012767,0.1931218466588534,0.23396894110701308,0.34415133523285674,0.12201929501876858,0.13520440927187788,0.9024801459943824
0.11600265683529871,0.2793864962155765,0.33821361001893246,0.26639723693019224,0.12588859676067465,0.13796782579553737,0.9124489426051865
0.08554386392407613,0.10895120353656403,0.5889265759853616,0.21657835655399818,0.14099211923464489,0.1499967318806596,0.93996794108035
0.5291735064721946,0.05475873625518198,0.16685275376647646,0.24921500350614698,0.08928749543350749,0.09903993720415509,0.9015302104791879
0.41396556036672844,0.16744386834675468,0.19992300822377124,0.21866756306274565,0.09372234583772222,0.10340902731486382,0.9063265390975276
0.20844066527579544,0.3030810151910832,0.14327141921519532,0.3452069003179262,0.11591657731475628,0.13320611115714429,0.8702046498302815
0.48565119802042367,0.4751666412052816,0.02999362226533773,0.009188538508956911,0.04931143988637023,0.0730125554628969,0.675383015616116
0.2238683257898845,0.10615612537662605,0.05826791219408113,0.6117076366394084,0.14299000944915538,0.17105086030921896,0.8359502500640086
0.06628899761796096,0.2298388500119839,0.10601215722865266,0.5978599951414025,0.15288832206577652,0.1805543446157829,0.84677177052217
0.6489070504712409,0.13036169783842,0.15267973883394373,0.06805151285639555,0.058615723254484886,0.06883354145543578,0.851557569392734
0.21220228477328384,0.21313486908033277,0.11703873845563824,0.4576241076907451,0.12824411883758371,0.1487367251858353,0.8622222835506992
0.2144920039154941,0.22499409803030526,0.07496224936185458,0.4855516486923461,0.12839409408317867,0.15159250488211176,0.8469686161794497
0.6356316083300622,0.13450475662633302,0.19016131653310536,0.039702318510499525,0.05859262631251026,0.06878297464281545,0.8518478099671778
0.41044590567814376,0.22753598464759833,0.12563723759177248,0.23638087208248548,0.09025819709415774,0.1029206591815382,0.8769687039698649
0.2095782215713644,0.01822423148305444,0.5899609058714479,0.18223664107413326,0.13040872473078494,0.1380059985337507,0.9449496841899392
0.35359325357589605,0.13309571593473737,0.4151329662849997,0.0981780642043667,0.09829412297057283,0.10597447157679649,0.9275264269597424
0.15291244766244208,0.2770056499552874,0.5636533611333958,0.006428541248874671,0.10828235686990327,0.12254867718868585,0.8835865009230821
0.09821043545578362,0.05236056395761078,0.7723115909110272,0.07711740967557842,0.1368996687579182,0.14935886803515505,0.9165821257141271
0.1965157433457692,0.40037966590858676,0.09351752222397723,0.3095870685216667,0.10790193351844637,0.12781477077341666,0.8442055082172724
0.9409712220825291,0.031295737524762994,0.008862692973035336,0.01887034741967244,0.02611359949827378,0.05070005061778634,0.5150606198628279
0.20103186095379733,0.48410640525251264,0.13773497691510195,0.1771267568785882,0.09399368349973476,0.11272536685387693,0.8338290317704303
0.10309677332931243,0.1533059918278863,0.519061914351313,0.22453532049148833,0.1355597061455329,0.14469621890485965,0.9368572805255252
0.42007845123917337,0.20173820086486668,0.19314789137223337,0.18503545652372658,0.08850251809590445,0.09832349354054423,0.9001156784508471
0.3484255980682372,0.45262771264112217,0.0846709954857326,0.11427569380490803,0.0742082399300848,0.09266920888565987,0.8007863757814834
0.29782042905259876,0.5192821970255302,0.11132209186036753,0.0715752820615036,0.07331953256419493,0.09395923572313072,0.7803334286396846
0.08949921850345173,0.06215337895427497,0.6458679554382171,0.20247944710405624,0.1435168036334121,0.15247800729599273,0.9412295332192727
0.5309567320900418,0.03575888266425345,0.13490204242224801,0.2983823428234568,0.09303403135632715,0.10483595074587507,0.887424883300233
0.08121509358693856,0.10029924063196746,0.7943383041277957,0.024147361653298244,0.1326254666658055,0.147721905317877,0.8978050098962231
0.20572913358873512,0.09981454820545202,0.04386864911285085,0.650587669092962,0.14779943223167638,0.17827851040170412,0.8290367240485066
0.29662447158375693,0.08067009424461463,0.20170025872092076,0.42100517545070754,0.1260354699270778,0.14087886165027866,0.8946371971683836
0.24816241241274586,0.23981733000229097,0.3648197473367059,0.14720051024825723,0.10591352549857262,0.11525677088258582,0.9189353882425586
0.005664118013249105,0.7102179988582157,0.015290138277227423,0.26882774485130784,0.10588761199218577,0.13842783451805926,0.7649300616515221
0.10249328168894785,0.10047674746514618,0.5920721798235088,0.20495779102239728,0.13888562313434497,0.14771126377025945,0.9402507269205866
0.3066922771757577,0.044415907309305266,0.34746358660480675,0.30142822891013027,0.12164814282791359,0.13007115105384054,0.9352430715213675
0.45471009966890386,0.14438788416119022,0.3691809313260704,0.03172108484383562,0.08092271055233907,0.08992573742674471,0.8998837581761319
0.3362578098814514,0.06108718783898618,0.3777439624004185,0.22491103987914385,0.11264506168224961,0.11959546443700625,0.9418840606750803
0.26237009847654397,0.3343977892400448,0.31480795606497686,0.08842415621843433,0.09356127186976741,0.10539158304925547,0.8877489943958894
0.1951119895646339,0.5978169870353321,0.17987713111156114,0.027193892288472854,0.07816977700819466,0.10162999228357822,0.7691605130705658
0.5356507523646779,0.08317758860296717,0.3613527875919472,0.019818871440407698,0.07470213867637487,0.08368187560930135,0.8926919734106872
0.19751694707508025,0.012524621974427018,0.42853794697501546,0.3614204839754774,0.14139185132105928,0.15079957961056578,0.9376143599749972
0.23278573593813862,0.5158349974556785,0.14964876386703135,0.10173050273915162,0.08355757966854531,0.10297554125037339,0.8114313229525495
0.00984674011393641,0.1681930472947958,0.31904695940944583,0.5029132531818219,0.1604101426606957,0.1782075822985432,0.9001308507287179
0.03780950225643772,0.04956948441723642,0.10343866642665717,0.8091823468996687,0.18157832329826762,0.21763748729459692,0.8343154736595578
0.16700838222838724,0.3554358993392196,0.09655715409181845,0.3809985643405748,0.11890396658020085,0.13998406071799283,0.8494107541267915
0.002683882398877952,0.20815529164809057,0.0347338471574191,0.7544269787956124,0.17072002089607924,0.20836449516818326,0.8193335470051222
0.10719756245922546,0.04344918871416396,0.8044567876146895,0.04489646121192113,0.13483320484376363,0.14881220135443676,0.9060628336692745
0.0721054834037689,0.5172612280875356,0.11325287405967696,0.2973804144490187,0.11411440963295816,0.13707593123454956,0.8324904934455479
0.03958493782682909,0.14170101354006742,0.7508369750972422,0.0678770735358611,0.13691173067609985,0.15038443915955316,0.9104115521609308
0.028294520873813216,0.025262848570266165,0.796852910147011,0.1495897204089096,0.15178017042122846,0.16315001730495776,0.9303104769981303
0.11593032494012191,0.6170828398857428,0.22544539907856062,0.04154143609557469,0.08763950237170347,0.11102592417126937,0.7893607103554495
0.38704013917623126,0.2926689757322265,0.2772432181415447,0.04304766694999766,0.07842364719601172,0.08985353248718961,0.8727942577793761
0.2480261015510445,0.09083126233229755,0.1572875129158846,0.5038551232007733,0.13568286197181909,0.1552766238620208,0.8738138336417414
0.4597655459593207,0.16919135028067755,0.12716158519195486,0.24388151856804705,0.08888924693123648,0.10068915921665601,0.8828085130790566
0.47400600107837965,0.3620583164737009,0.1400402113606257,0.023895471087293802,0.06060932809627927,0.07626552803498578,0.7947145933150239
0.2976055894036874,0.010042242665537915,0.06908977713858887,0.6232623907921857,0.1416710135038869,0.16906956566567286,0.8379450964228221
0.2448951102366617,0.2456607804401732,0.2348369235876715,0.27460718573549364,0.11224113252079482,0.1243775929096092,0.9024224532337227
0.22392423521814228,0.33210136342385144,0.35808348232654863,0.08589091903145747,0.09861628629930623,0.11048891919860822,0.8925445828829183
0.04341928966691198,0.34274017558926834,0.03500441151619147,0.5788361232276281,0.14587808445754138,0.1771759901533652,0.8233513148777549
0.34563055824223327,0.0670737629743001,0.21522208963365827,0.37207358914980837,0.11830580584805608,0.13083452375008636,0.9042399701323328
0.012519090734295248,0.2206185488793594,0.37801160473420004,0.38885075565214533,0.15016557207680015,0.16425032106072066,0.9142482712182121
0.036229920056483976,0.3963850234618643,0.04902005686112506,0.5183649996205265,0.13949755849673426,0.16881753367536456,0.8263215049983345
0.060355741182186916,0.3715366822423277,0.3583704764143361,0.20973710016114921,0.12291767407498694,0.13653541912014622,0.9002621800781513
0.13978082480806947,0.05893575550895192,0.13645941191518882,0.6648240077677898,0.16035483272262432,0.18793504481278936,0.8532460397812502
0.32586796844290444,0.016137530364025106,0.4050976526597245,0.2528968485333459,0.1189910040999677,0.12590150118900933,0.9451118769531804
0.3622466924243831,0.39346365409364753,0.012141513992050497,0.2321481394899188,0.08303824463183433,0.10317552381005933,0.8048250356809754
0.1357907330484754,0.07969866018662894,0.5717745227485082,0.21273608401638747,0.13660811608958726,0.144897437703699,0.9427917998725237
0.7393590234387318,0.018872957692414618,0.17260117591155183,0.06916684295730176,0.055831832485436786,0.06596912935017679,0.8463327170663525
0.28454631267474795,0.03801684148463634,0.32529520959757996,0.35214163624303574,0.12757471384566366,0.1375529472764662,0.9274589630511705
0.37898246281042297,0.3823381858218428,0.08455846429323398,0.15412088707450025,0.07785126932262261,0.09410570057637462,0.8272747436744262
0.1490705124269092,0.3513693263803462,0.25662664383578604,0.2429335173569586,0.11465796314192205,0.12860908530517468,0.8915230434137044
0.03463164426462324,0.9210825791578584,0.024828482568255792,0.019457294009262688,0.07278414461343347,0.11668447755533815,0.6237688691618408
0.0013899133228671334,0.20579737985527247,0.7690940094624431,0.023718697359417097,0.13454145574757628,0.150754699322745,0.8924528147513439
0.018484323745796505,0.1372355448430147,0.15728348900484113,0.6869966424063477,0.17096802644592268,0.2000928982444567,0.854443250839659
0.02512625826817261,0.5738342331373919,0.19380153213666024,0.20723797645777517,0.11118874659703495,0.13296852900580083,0.8362034793374624
0.5798478573027072,0.10155126026623926,0.3065882099102186,0.01201267252083503,0.0670963113553907,0.07667702486942593,0.8750510530325045
0.02029970642984524,0.5225838591829375,0.0593375586112362,0.39777887577598103,0.12544327321828416,0.1532180355112041,0.8187239367725159
0.0641687409274732,0.5181887723315887,0.24413216355745315,0.17351032318348494,0.10887847805207564,0.12750749955170756,0.8538986211389286
0.17220607950743916,0.519788358185976,0.05730973705574052,0.2506958252508442,0.09856493227169703,0.12180767768878832,0.8091848899995026
0.35660049285643575,0.000900519666727897,0.4681439236259878,0.17435506385084854,0.11228764754786755,0.11852937780045804,0.9473402259556417
0.028672472846910463,0.05892071144804864,0.006153836509630177,0.9062529791954107,0.1868715705738283,0.2319515147745056,0.8056492787102413
0.0791955292080742,0.5652491124749007,0.32688362500685875,0.028671733310166283,0.09591823887046662,0.11683676379007824,0.8209593946200346
0.1744055683686214,0.2817538011431652,0.25842523811451507,0.2854153923736982,0.11905774163931089,0.13213570361538207,0.9010262811772793
0.21532764006103797,0.6360276614069995,0.08058861652806983,0.06805608200389278,0.07452799797969975,0.1010075691903768,0.7378456741121158
0.008880078456465509,0.33380018217003793,0.4889827096007368,0.16833702977275974,0.13055842671569445,0.14334040625711061,0.9108277988379003
0.07236148891213508,0.34687757467781716,0.17402230247113118,0.4067386339389165,0.1331797321641429,0.15330630059752617,0.8687166257685559
0.37873574582903863,0.2937915837627152,0.16400756842895903,0.16346510197928726,0.08543428144017215,0.09750045194817646,0.8762449786959169
0.4348651734616124,0.052493830380234,0.22203637569773668,0.2906046204604167,0.10379825204259246,0.11341562387164285,0.9152024077393891
0.2263058524797464,0.006007969452304192,0.13597115337540733,0.6317150246925421,0.15168535285607576,0.177131770773585,0.8563418758454372
0.4811872183049404,0.2986230053915634,0.025191486070550446,0.1949982902329458,0.07330573570067997,0.08984259365951953,0.8159352119607095
0.36327962478192,0.022439524033627426,0.20123435505210807,0.41304649613234445,0.12163081166227742,0.13557768271318155,0.8971300381316508
0.27436365542127017,0.371871322426322,0.06763638491339588,0.2861286372390119,0.09888945086307971,0.11795140045111045,0.8383914941651608
0.19726376958132982,0.03999386413295372,0.2813388246575834,0.4814035416281329,0.14522637790519746,0.16059785172961488,0.9042859312321495
0.16035482888125244,0.409425013270821,0.3251913495135542,0.10502880833437218,0.1016513116004901,0.11576519587733977,0.8780818002346389
0.030726793353211983,0.4560142190321431,0.4192490898518541,0.0940098977627907,0.11422487422965051,0.1303852945493269,0.87605641897321
0.08358882704405969,0.21074298536744113,0.5790519119599179,0.12661627562858127,0.128604827436306,0.1393770162903883,0.9227118707173446
0.4325672237251796,0.4602236876376653,0.07460531140725422,0.03260377722990079,0.05857855476620846,0.07897393992887011,0.7417453759932546
0.041771375781611914,0.8670701337429695,0.05059981853496234,0.04055867194045625,0.07723204404597571,0.11664401205772558,0.6621175205097934
0.03211205149361183,0.015980713501320586,0.022200231363536292,0.9297070036415314,0.1910323264078014,0.23636468315400702,0.8082101093052526
0.008628155395284448,0.41436665415041457,0.06994673660112655,0.5070584538531745,0.1410819301592386,0.16974780359935926,0.8311266901115363
0.025345248689412694,0.32293660442040667,0.42292466192228484,0.22879348496789584,0.13230986356513863,0.1449483888055485,0.9128067214505935
0.27928068810819434,0.3615617889407899,0.2281152287834279,0.13104229416758792,0.09132068213905095,0.10424368761487295,0.876030810387619
0.03788462932198875,0.4785776821172898,0.3870180026407458,0.09651968591997562,0.11161476791475705,0.12838350112920255,0.8693856058842812
0.3943655476679435,0.007938913451230831,0.3566268704139051,0.24106866846692068,0.11015079915041494,0.11688347570120859,0.9423983885626013
0.02259584823110225,0.0029395666684442255,0.1446848982078161,0.8297796868926374,0.18831635874111305,0.22364799078645284,0.8420212409639946
0.30797592341995267,0.4275690853619115,0.1380735918123088,0.12638139940582696,0.08207667309674457,0.09839816663687743,0.8341280727275672
0.03598504083448843,0.008300911733642908,0.29288449692050056,0.6628295505113682,0.1777993492783935,0.20083404378261627,0.8853048314400539
0.3236136025738897,0.29059754668282384,0.25780617288563695,0.12798267785764936,0.09108156182365088,0.10174803195725197,0.8951677990382902
0.23729831769251322,0.6347387494891679,0.12128228411417297,0.006680648704146099,0.06870615117604718,0.09565433496403081,0.718275352621321
0.15884541585212836,0.158455556992755,0.29087455106158333,0.3918244760935334,0.1362648751844796,0.14978064853963463,0.9097628866817297
0.6321628811045529,0.1496644800778135,0.11338999982790496,0.10478263898972878,0.06108479899966951,0.0718911263249341,0.8496848237371876
0.055423770844218435,0.164024415589211,0.550208723197321,0.23034309036924952,0.1411901110615772,0.15092080671479513,0.9355244921821372
0.10406419490688922,0.008247615003049524,0.13573944863205648,0.7519487414580048,0.1734092825347607,0.20498275593246187,0.8459701000014652
0.5783789326490683,0.25981791394728143,0.11148766661067858,0.05031548679297184,0.05654107997948722,0.06985510916725171,0.8094050765007443
0.5547191511451754,0.06744073390406326,0.031691074122470464,0.3461490408282908,0.08979870368021667,0.10709405668082246,0.8385031481984854
0.11302180985390994,0.3986792469104612,0.03096268613668981,0.45733625709893916,0.1262796378211018,0.15354712200882265,0.8224161818796312
0.07020750762869102,0.10260461229896631,0.0008744125073859482,0.8263134675649566,0.1739803284026007,0.2153860872129995,0.807760290619645
0.042360435256448684,0.7766053076220524,0.020718595202663295,0.16031566191883567,0.09038050190283928,0.12460848431242671,0.7253157953212178
0.5303057883939405,0.038885069824635,0.07424175516668732,0.35656738661473714,0.0957778112535538,0.11155040588722269,0.8586056724023491
0.5179290557230418,0.1372778633520332,0.10673291624061117,0.23806016468431382,0.0835900019220576,0.09543017481498182,0.8759284166053376
0.25419891052853216,0.06865521471235796,0.6551268957070222,0.02201897905208753,0.11256267340690654,0.12453367511819304,0.9038733764186675
0.08347704183239463,0.404359987127708,0.2502780600828044,0.26188491095709304,0.11989343113942671,0.1359894586475427,0.8816376823012904
0.03831707233326825,0.5632872310048388,0.0790004781775908,0.3193952184843022,0.11592556304050315,0.14200993703922543,0.8163200791257491
0.004268457663179976,0.14754259669168474,0.1710067277071308,0.6771822179380046,0.1715008036653521,0.19991939725983748,0.8578497435266402
0.22945249797176534,0.5169871699857582,0.036284624755222726,0.2172757072872537,0.08967598702917254,0.11277198989650938,0.7951973456482235
0.11778231194441312,0.048095373641434125,0.5311401277908812,0.3029821866232715,0.14598977888707512,0.1546693631964421,0.9438829763697726
0.5183547578646347,0.08076866964658604,0.19295508618286658,0.20792148630591276,0.08654846222116626,0.09510492068213952,0.9100313800842048
0.08131923278176573,0.48283407019214064,0.0482247695448187,0.387621927481275,0.12018287049706297,0.1465954617496377,0.8198266785524143
0.705428067527721,0.05552063393017334,0.08150008459207606,0.15755121395002947,0.06173026120448386,0.07334933089872521,0.8415926968674873
0.7871400263303067,0.017493786676740838,0.05057345529832172,0.14479273169463086,0.053511930227652424,0.06731487905645317,0.7949495115749224
0.04380446797492191,0.8386314527862493,0.09492567341161486,0.0226384058272139,0.0783468232317209,0.11544504113636493,0.6786503990169381
0.1259287796340148,0.7732693243385933,0.07117423532616005,0.029627660701231896,0.07324909573555222,0.10749504877817842,0.6814183217564328
0.10801643300605066,0.46316961520189287,0.0632047814334307,0.3656091703586257,0.11718475301099326,0.14174151393595663,0.8267496921469394
0.5243829576279387,0.12447211636554614,0.23559829368351087,0.1155466323230041,0.07764977781527445,0.08539676288152381,0.9092824504718378
0.05663929146355354,0.17785601985418914,0.6707101333859294,0.09479455529632799,0.13314813828621933,0.14514092408661586,0.91737143830475
0.6569649426952994,0.09489885485448687,0.16535243018570486,0.08278377226450873,0.06114183767447754,0.07055920616332846,0.8665323917186389
0.05928573349322558,0.014189247858076346,0.806115627315492,0.1204093913332061,0.14717818438389488,0.15902760519098583,0.9254882773788848
0.6872175438304302,0.13189774997649534,0.0011240058205964154,0.17976070037247793,0.05909793432254833,0.07466659471828864,0.7914909544960544
0.37891480486858026,0.17642286245161595,0.3174331202347937,0.1272292124450102,0.09298870699320581,0.10092224391213502,0.9213896103436195
0.06263651213322421,0.14204778885602803,0.2655690756916104,0.5297466233191375,0.15698076148015552,0.17621332546936347,0.89085635868922
0.055195780129878524,0.9248444825690743,0.0167277133963867,0.003232023904660451,0.06899859117282287,0.11407065984122673,0.6048758836747414
0.06601389474040188,0.2979014826590699,0.028520020285827605,0.6075646023147007,0.1479643051867572,0.17992209716369809,0.8223798383815814
0.678280886906125,0.10064993825000741,0.12956723951804786,0.09150193532581967,0.05834658640849413,0.06869768176021271,0.8493239497098494
0.2938701579864075,0.5154193593598352,0.08859759647778954,0.10211288617596787,0.07566897502177862,0.0964210177845201,0.7847767712936016
0.14279184873319287,0.00829275622620435,0.819074006355946,0.029841388684656925,0.13226570860082146,0.14680110185815223,0.9009858027402565
0.15724384793529986,0.2101966240822232,0.12260129727738259,0.5099582307050944,0.1382404813770879,0.16088224300720147,0.8592650052181329
0.17806607159936808,0.18027353294685547,0.37640161421365004,0.26525878124012636,0.12569246711834003,0.13537224683232818,0.9284950945227533
0.42036411208033014,0.08890092680865702,0.2750875986204946,0.21564736249051839,0.09902295940939046,0.10661815454240837,0.9287626467967343
0.2605214151135383,0.18677510688736718,0.3144730636627234,0.23823041433637113,0.1131017282010692,0.12245850621477494,0.9235922574680498
0.638759579022225,0.3186937942698251,0.034673934933238074,0.007872691774711804,0.04185938577426033,0.061477460881741025,0.6808899582691237
0.0466546112726537,0.1806114693269397,0.38754785712230166,0.3851860622781051,0.14874528610230514,0.16179390446370745,0.9193503710497988
0.07500250338671774,0.3391805064216344,0.2590067502622702,0.3268102399293775,0.1294557460424648,0.14531780616881174,0.8908457225956162
0.08961499389310532,0.09069132959015032,0.7481533594158265,0.07154031710091788,0.13467176028173017,0.14723521038946438,0.9146708856223891
0.57791763112053,0.038214925314174676,0.3525081450305231,0.03135929853477237,0.07338147885593575,0.0818518759940774,0.8965155405997715
0.13930331730064066,0.149647380071595,0.6615910332862174,0.049458269341546804,0.12239169181226642,0.13464436163872123,0.9089997555238795
0.25896219818848576,0.0685735758719217,0.18083325111944995,0.4916309748201426,0.13543057690675026,0.15360869193753077,0.8816595935979121
0.22100384058519187,0.25151727235622173,0.511550765632502,0.01592812142608446,0.10194452500673155,0.11456067841803477,0.8898736147034102
0.3495524655753645,0.32518087208577634,0.0982413736259441,0.22702528871291508,0.08989497414398627,0.10528565873759353,0.8538197435610304
0.003268087875723752,0.1382851306739883,0.1117754199539886,0.7466713614962994,0.17584590619705184,0.20941605646241845,0.8396963879825945
0.1472342671089844,0.3720524275768157,0.09686912344439005,0.38384418186980973,0.12028756016317725,0.14191811005866553,0.8475842872587105
0.5602516792844722,0.4200445617882854,0.0009868145917561661,0.01871694433548647,0.044499563966730146,0.06760253793083242,0.6582528604511846
0.3586787380653399,0.3192843987978319,0.2307535137092437,0.09128334942758427,0.08239317961905844,0.09410769489154215,0.8755201125053107
0.003418988917460692,0.38841276632768,0.23807794846415783,0.37009029629070145,0.1369870249490508,0.1559541137677316,0.8783803237987732
0.5040601093314763,0.2697268181558361,0.1918227952941324,0.03439027721855537,0.06461355419536899,0.07661393634234287,0.8433655452272913
0.1750254965024207,0.17688691914417087,0.07585791184631957,0.5722296725070889,0.1417072155485061,0.1681529530002429,0.8427280819047013
0.2297262757557858,0.029589110597541744,0.5590374803041888,0.18164713334248364,0.12685081197106868,0.13419555032921454,0.9452683912385513
0.05661342906447979,0.5129162513046974,0.10970675333826,0.32076356629256264,0.11764513243186996,0.14121722407291978,0.8330792026553503
0.35027717479044596,0.09321507649486349,0.4416720572178761,0.11483569149681429,0.10274854573249363,0.10991750561376669,0.9347787248151019
0.1711037580102038,0.2236526655614992,0.2068322131490128,0.39841136327928417,0.12978486637771777,0.1460236400044489,0.8887935294159468
0.5198870890797641,0.1959657450605527,0.24471155340803236,0.039435612451650615,0.06870919943736895,0.07855079147024335,0.874710466327986
0.41785098124935177,0.1213047064470033,0.221608583372586,0.23923572893105896,0.09793678236837695,0.10703232900548612,0.9150205669481137
0.2734500872978285,0.4796990287553456,0.2220504425160925,0.02480044143073337,0.07731558842239131,0.09546400261966224,0.8098925909321447
0.4103312713986087,0.03709488839131982,0.0915111733098284,0.461062666900243,0.11674247699188743,0.13595871104984567,0.8586612515698747
0.40437856699582003,0.1289131434391609,0.18512114044173128,0.28158714912328797,0.10119709227157496,0.11210354222118153,0.902710924797648
0.10898247327395745,0.37360913850470734,0.10332444484410595,0.4140839433772292,0.1266477445628704,0.14934434056653445,0.848025067990089
0.1823046882933644,0.11711637611421108,0.6358249276189583,0.0647540079734662,0.12016878083139904,0.13106656041347542,0.9168530893944483
0.289241998156787,0.0036249121117683785,0.16769171897937735,0.5394413707520673,0.1390806158082796,0.15915220806259633,0.8738842991960102
0.5332262650155813,0.24116172936055577,0.14186011412087768,0.08375189150298515,0.06557524177427922,0.07695784078550816,0.8520930564703111
0.21747695104199058,0.08215755692733007,0.48017241387540327,0.2201930781552762,0.12616504571811865,0.13369516337518775,0.9436769628237233
0.41105987987919057,0.000562020312099518,0.5127140714032014,0.07566402840550863,0.1003004554110127,0.10804346277356974,0.9283343280214527
0.44037795322220313,0.27706284371013107,0.04689954922909208,0.23565965383857376,0.0823688212762318,0.09838690979079291,0.8371928892916597
0.6494749254311585,0.08686493633366743,0.06419343037264434,0.1994667078625299,0.06859240018038253,0.0810531379826933,0.8462645850309778
0.6323613831189748,0.33370823065929467,0.02635935055504332,0.00757103566668723,0.04147491352512408,0.06183880002210544,0.6706940223661858
0.5750967932180922,0.17178833014920042,0.07534266681496368,0.1777722098177437,0.07038296096059916,0.08266675577089755,0.8514058681056547
0.574964705176393,0.02243108785852715,0.072675668214454,0.32992853875062594,0.08995652823591806,0.10488620665818202,0.8576583242168447
0.7395766239830563,0.07325891066881593,0.17575006956426467,0.011414395783862927,0.04856504581789053,0.06094579958047978,0.7968563240155658
0.17921450031584346,0.18189805497104136,0.5011501430179732,0.13773730169514203,0.11903713564601416,0.128121689088284,0.9290943359636009
0.5204255602402666,0.02653470184843202,0.4267084445122278,0.026331293399073585,0.08153846569084446,0.09029449351152709,0.9030281085793473
0.2656517635710008,0.08626193772026461,0.636089776347328,0.011996522361406563,0.10916414183621904,0.12134105244304912,0.899647230993441
0.11888652309286395,0.43716414788968905,0.09978695504404106,0.34416237397340593,0.11677973886542287,0.13881055013125607,0.8412886394802025
0.09117475924672115,0.23746114895464265,0.21204788175474762,0.4593162100438886,0.1421161998837493,0.161043403685156,0.8824714122510111
0.2515402462486699,0.015152183719797952,0.5130181393754676,0.2202894306560646,0.12710206482289232,0.13402276343948177,0.948361767516348
0.5432417060334319,0.05908949669087289,0.2570215400719665,0.14064725720372867,0.08168378134057044,0.08859359053176118,0.9220055406975121
0.8105622565421213,0.08954957312238632,0.04056775218358386,0.05932041815190869,0.040428961707328785,0.056727661893530894,0.7126851408613973
0.03052015718874741,0.3259690137685793,0.11616539240204005,0.5273454366406332,0.14632213029600813,0.17238724269624586,0.8487990642894286
0.18224679659659915,0.6561518384488434,0.10081904767015888,0.06078231728439871,0.07685488523075461,0.1038383087567495,0.740139994101734
0.26069963767793786,4.648594696946179e-05,0.7357532479458808,0.0035006284292120123,0.11628035964757115,0.13012500445907949,0.8936050387159674
0.21385373305837663,0.2613931514280601,0.434774534477822,0.0899785810357413,0.10578649163995331,0.11623620702967956,0.910099308496379
0.25486885956651295,0.11417764645548106,0.051391335305695125,0.5795621586723109,0.13671094447353038,0.16353593083580198,0.8359688526847033
0.26624934742686196,0.5982622032851246,0.08070075822088589,0.05478769106712747,0.07026599312505434,0.09532498332373911,0.7371204344869343
0.17704268397276396,0.017352747566016954,0.8042127808261857,0.0013917876350334614,0.12566582066001103,0.14111255914346238,0.8905360474134171
0.09369685932937334,0.11822546858209061,0.13671229280808825,0.6513653792804478,0.16092963976463662,0.18855529045136393,0.8534877986154777
1.5290838681668955e-05,0.06356530109069564,0.42716687039239276,0.50925253767823,0.17037541498762723,0.18564676349198475,0.9177397536207689
0.39656249855909526,0.27743093423415033,0.07215379526908867,0.2538527719376657,0.08894503904546888,0.10457565345432333,0.8505329501413863
0.4884948935055602,0.4096017323401886,0.03448568153253096,0.06741769262172022,0.05709840988814809,0.07643730384904192,0.7469966497106344
0.05142705703918824,0.5934057814158104,0.2359574939353223,0.11920966760967895,0.10180250345212463,0.1232926138503293,0.8256983145454883
0.1121957194813587,0.05110125908264583,0.7804416963984461,0.05626132503754935,0.13413952199268916,0.14732032863952527,0.910529614150618
0.6599437053072612,0.2237171858454762,0.11314217589207559,0.003196932955186888,0.04646979009017727,0.06141726384309597,0.7566242320546006
0.11664288195332671,0.1399664302021782,0.6268582227087908,0.11653246513570434,0.12946573418667848,0.139697256379095,0.9267593189901214
0.03985643251060774,0.23255078681807137,0.009949296495131,0.7176434841761898,0.16209677503698477,0.19912941255098718,0.8140272848717405
0.3199430478988867,0.20297006726766698,0.38352309188305495,0.09356379295039144,0.09684798803925096,0.10559652535360717,0.9171512766631259
0.21099043333365944,0.07700985069079148,0.621488132666224,0.09051158330932496,0.12093603477682718,0.13051110062012863,0.9266340886115806
0.1382722041112278,0.11984033933137352,0.157688662971511,0.5841987935858877,0.1516473259983249,0.17538991289183267,0.864629689917513
0.07702928583192688,0.10589480003011954,0.39827044965460573,0.41880546448334777,0.15245488206360733,0.16518555602524296,0.9229310705610957
0.18890692042393337,0.05431315382313999,0.6383220274938857,0.11845789825904093,0.1270199429519895,0.13616370273592868,0.932847303648372
0.18253099655003963,0.5051856491617137,0.2862469250446604,0.026036429243585964,0.08715793997773702,0.10581303679890917,0.8236975576400386
0.08104892175833453,0.10932693444954893,0.3757645536119019,0.43385959018021475,0.15241046492446336,0.1658689009533874,0.9188610043741343
0.013836506719625321,0.14905383020582785,0.5952223134067169,0.2418873496678299,0.148371315193374,0.1584404673668279,0.9364483560242132
0.30689707850028564,0.09797591373885661,0.18236063182304724,0.41276637593781057,0.12290362549274488,0.13805500077479824,0.890251166585635
0.2918845037909371,0.45252490752480534,0.022935537526138267,0.23265505115811927,0.08748577446309971,0.10906588564733577,0.802136928003177
0.3498952367515845,0.062094394484728525,0.29273002013934724,0.29528034862433983,0.11431008509473274,0.12319200212217063,0.9279018371774687
0.02490340605937532,0.07780479146432429,0.49075329520558525,0.40653850727071517,0.160865099258671,0.172546325626562,0.9323009265745108
0.2568245181720136,0.07048544551917864,0.10983281192247929,0.5628572243863285,0.13911683821542037,0.16263258841950243,0.8554056697208533
0.5067415480306475,0.3650051756137899,0.08840717365974106,0.03984610269582146,0.05691548984170369,0.07365150082722563,0.7727675499134514
0.0899374072248698,0.016516390246574753,0.41143719227404124,0.48210901025451414,0.16109227635376663,0.17473318679551106,0.9219329155960037
0.505862226473235,0.17195348302312416,0.043826899984583695,0.2783573905190572,0.08439950144258239,0.09987886213781696,0.8450186519558511
0.09294744450085109,0.7810250310397558,0.01984030977893059,0.10618721468046262,0.08074419046573204,0.11549421941242077,0.6991188899021941
0.8350296233261703,0.08810899274428972,0.0005825590033360485,0.07627882492620396,0.03821137079436489,0.05664955553612954,0.6745219875554843
0.16905509729681095,0.0986420677939062,0.4539560492852738,0.27834678562400894,0.1340488112091025,0.14262773310385982,0.9398509552941555
0.45967433230519544,0.44055983387955,0.00569512217714902,0.09407071163810567,0.0597010856718659,0.08077527357478535,0.7391010024446648
0.3783081183211788,0.4057718068108374,0.12626680355520437,0.08965327131277961,0.07284086363901877,0.08879025173049962,0.8203700543625985
0.14901050826460968,0.15089744326131066,0.6939571667282113,0.006134881745868306,0.1188635825519893,0.1331630568971924,0.8926168062044196
0.1943030378150898,0.08990292574089502,0.4527415551426455,0.2630524813013696,0.1307009950898352,0.1388373609357863,0.9413964239084446
0.09609347567361923,0.20421453580996235,0.6382301463020055,0.06146184221441276,0.12424377740835311,0.13675721533852964,0.9084988832274723
0.19379323760198464,0.49376904644041525,0.292327241722148,0.020110474235452275,0.08631087910828142,0.10465696432634947,0.824702681411054
0.295431758051778,0.19446250437720064,0.39010881337478615,0.11999692419623534,0.1020367173129046,0.11048020204160341,0.9235746805973503
0.19446386506144323,0.45643416938662745,0.10735912818045974,0.2417428373714695,0.10029210585965564,0.11980864919067945,0.8371023839859627
0.3098767266395988,0.010009565022666518,0.1496476948887935,0.5304660134489412,0.13543856100748589,0.15566855502919177,0.8700444414229177
0.14060958822787298,0.25563420875605886,0.5342001662090814,0.06955603680698684,0.11474781867024116,0.12650669967356004,0.907049341784572
0.008903983970615226,0.00393684605728032,0.07309905010368407,0.9140601198684204,0.19423054039265863,0.23660665183352447,0.8209005912873426
0.07809514399131594,0.5649987146635143,0.07506973677972767,0.2818364045654421,0.10873955433631989,0.1339518721952314,0.8117807728572454
0.019451181332967048,0.5374196798960483,0.4022799413503986,0.04084919742058614,0.10652023190605973,0.12627509716496366,0.8435569189616501
0.46810904520626967,0.20397511147230787,0.058621726769239636,0.26929411655218277,0.08629252103300945,0.10140574376333196,0.8509628530944476
0.4650214426373069,0.094982558652035,0.07074317834431774,0.36925282036634033,0.10041124878330432,0.11709324574970546,0.8575323720886514
0.3856451671782473,0.3464277697832313,0.1272636021971859,0.14066346084133546,0.07918507972623612,0.09321635662904874,0.849476235606916
0.2623481604353624,0.009316423523311912,0.37420631045321867,0.3541291055881069,0.13285588054094327,0.14222139131346848,0.934148367653901
0.31385328419884984,0.5973567097026842,0.0478933951706346,0.040896610927831305,0.06345536682432634,0.08990605216324359,0.705796387423503
0.3336915944175305,0.13793586313709308,0.11870051425171577,0.4096720281936608,0.11606882508443665,0.13325594439967647,0.8710217439629542
0.4510617691891972,0.43450282412509805,0.1008504370143124,0.013584969671392427,0.05728099255896616,0.07662452008515527,0.7475543402465421
0.06248562414031242,0.10778656882531581,0.6002224665230291,0.22950534051134272,0.14472921038130127,0.153959981628801,0.9400443469150626
0.6720789754006773,0.271466519584586,0.043376211764385386,0.013078293250351265,0.04156632629366263,0.059765314560771124,0.6954924708276532
0.5282070763958229,0.024248190558188273,0.27703849756279847,0.17050623548319033,0.08791853659804748,0.09450570403795402,0.9302987316272349
0.2080708989196286,0.22964711395083917,0.4698100405383888,0.0924719465911432,0.10920261135393827,0.1192355973325249,0.9158557829789155
0.663846238173815,0.2550280608067823,0.07998420953345385,0.0011414914859487065,0.04335481874715888,0.06019722499508537,0.7202129126500176
0.18767028574812125,0.5824453972353023,0.13417080606632056,0.09571351095025597,0.08379290662143286,0.10628976896131241,0.7883440470355335
0.2681568989867845,0.24022484304921207,0.45536289667009744,0.03625536129390597,0.09773438375247634,0.10884132644262222,0.8979528911198899
0.20558010848763555,0.042179727614877816,0.35121571067698854,0.4010244532204982,0.13995143034844207,0.15139342560952193,0.9244221126841309
0.542103450379215,0.026585321060038893,0.38072819133130237,0.05058303722944355,0.0799288776273711,0.08764973102237528,0.9119124119955007
0.030699782009030046,0.08057972306918736,0.6514975637053326,0.23722293121644994,0.1514237970541136,0.16093627547435566,0.940892888242851
0.4857046965637468,0.182545834883185,0.05008617328054721,0.2816632952725209,0.08633788741968415,0.10180422048693273,0.848077682896911
0.07379545987294668,0.057733688475336845,0.12390969831037917,0.7445611533413374,0.17301595280555687,0.20507414542243166,0.8436751129654194
0.8075676643255613,0.0024142984007225095,0.12774735678435276,0.06227068048936348,0.047936593790087405,0.06060907879657218,0.7909144098853803
0.4908712647270372,0.3629493267630503,0.031043115385594303,0.11513629312431826,0.06290760410065707,0.08038140429327804,0.7826138975021337
0.013016066048950312,0.08536500366601751,0.4588978990697358,0.44272103121529643,0.16361476268111988,0.1766352238618227,0.926286156882908
0.6263554630989797,0.150132535324751,0.028174860618107814,0.19533714095816124,0.06633004401906059,0.08061793655059363,0.8227703022072967
0.422074083131278,0.101993071375616,0.08766217134918039,0.38827067414392546,0.10638445719008084,0.1232579646913622,0.8631041203419787
0.013226941631063386,0.6324245327033048,0.25441567814149535,0.09993284752413656,0.10268317734790422,0.12578748843803497,0.8163226615219977
0.1965493782126379,0.12911437282219634,0.01448313347084676,0.6598531154943189,0.1471120867812973,0.17953942482861476,0.8193859756525786
0.09273604393499894,0.2822597730335639,0.09397033106816703,0.5310338519632701,0.14191522504392853,0.16777094207787982,0.8458867983113013
0.18591540919943722,0.16885562988962333,0.3211643260840014,0.3240646348269381,0.1285257781542502,0.13970110942525676,0.9200054221689226
0.7395125582149522,0.18180646033365136,0.04209290323994418,0.03658807821145221,0.04114825451593671,0.057698304216678965,0.713162285695771
0.39330312938109274,0.39623573047927124,0.07656570568876571,0.1338954344508702,0.07386650646465974,0.09067806831432691,0.8146016764341352
0.10471224077334824,0.006585271562215567,0.17552731952822834,0.713175168136208,0.1715193453812979,0.1998626010862099,0.8581862962311481
0.2028879496196489,0.09379250180527969,0.09926310442628819,0.6040564441487831,0.14632398861246243,0.17243985010433402,0.848550891942493
0.16009758044025127,0.08039269522619005,0.5903857867440375,0.16912393758952107,0.13121209580414817,0.1396178869012803,0.939794310860215
0.3563077987261801,0.08922902352924332,0.5514629565631233,0.0030002211814532873,0.09669167534232978,0.10791008710559492,0.8960392669103545
0.17933858738496936,0.6097371740406777,0.046101981012727195,0.16482225756162586,0.08614812259478108,0.11200210195544719,0.7691652307476297
0.2782694265691907,0.020594211179224907,0.5173713361551664,0.1837650260964179,0.1213656889564881,0.12818081377944854,0.9468319429248847
0.06370991413445322,0.43373829022022814,0.4229238761696365,0.07962791947568207,0.11100004391868692,0.12653479022546785,0.8772294459168098
0.07154946091190283,0.27156053551857456,0.35591466042680725,0.30097534314271535,0.13402249439710243,0.14673188732921455,0.9133835653350745
0.18018473683226566,0.6715289488803146,0.06782126085844148,0.0804650534289784,0.07687692097282924,0.1051551243325416,0.7310810715197709
0.1871032093558062,0.11330507420124072,0.45058861704404013,0.24900309939891294,0.12906233181759158,0.1373258703549362,0.9398253328670959
0.26858066698727445,0.39243509041859287,0.21097066927930302,0.12801357331482968,0.09009038472390839,0.10415117962328152,0.8649962972072758
0.20621171553440656,0.652686864313073,0.0038850677686722347,0.13721635238384827,0.07783834545467373,0.10692122193262914,0.7279971557350844
0.3113808907879844,0.21110778223081653,0.019098484025173116,0.4584128429560259,0.115552503766898,0.13926668290406283,0.8297210887581713
0.18776401764905903,0.34769722523800134,0.008537134428265645,0.4560016226846739,0.12057498082081591,0.14728062039171186,0.8186751284733264
0.6264050103953072,0.08278502362814869,0.14357224947334737,0.14723771650319703,0.06930643258351807,0.07858271754752617,0.8819551518004212
0.5538143076054634,0.029329126391989833,0.38201311782379027,0.03484344817875641,0.07739998230886838,0.08570077492260171,0.9031421522007245
0.10275897791858415,0.1738108377799935,0.38192568627853346,0.3415044980228888,0.139811690749329,0.15135232656065872,0.9237498618384007
0.34971937196027136,0.32768207314258935,0.0229199025185472,0.2996786523785921,0.09330584841268719,0.11308796577501141,0.8250731877016803
0.20460066419142747,0.5502653414653412,0.10612503699292676,0.13900895735030455,0.08633113420540237,0.10799558264317753,0.7993950501720472
0.44668624325448414,0.08232448434328098,0.43858496275708614,0.03240430964514866,0.086965045111712,0.09573906262522747,0.9083548838590416
0.13283625634509544,0.008836037528869078,0.5256323172883955,0.33269538883763994,0.14865917311471008,0.15740978834243352,0.944408697071067
0.21554575274808063,0.12647491538239206,0.590969716976761,0.06700961489276623,0.11521153965679647,0.12542276664063928,0.9185855386757655
0.24393899956544404,0.03844063105074034,0.24996115541923447,0.4676592139645812,0.13859564027066212,0.15391316743153519,0.9004794234535735
0.12848554927878725,0.29875341003720257,0.39437680940717784,0.17838423127683245,0.11831581735462308,0.12949688271980417,0.9136576485059192
0.023721539024601633,0.09663174056125075,0.45150928732404955,0.4281374330900979,0.16059253233640658,0.17331761862004536,0.926579384225586
0.5407174294964704,0.2049594639009722,0.16435326631755934,0.08996984028499794,0.06780846906763095,0.07798770039683245,0.8694764523456197
0.026446880012165316,0.3390471109866948,0.39343509342019267,0.24107091558094712,0.13149168249853027,0.14470981873692038,0.9086576408307137
0.34696886530252374,0.25682389882296996,0.21811599811744595,0.17809123775706015,0.09325269749268729,0.10381285100781167,0.8982770108651601
0.3834142617695312,0.06375366713962541,0.13498156502601663,0.41785050606482677,0.11594837790203226,0.13215428825950548,0.8773712864644211
0.5105126378911986,0.261920794704881,0.019925862763084754,0.20764070464083556,0.07306172872979547,0.08927761517358257,0.8183655957626272
0.3648923068560725,0.12485472458069659,0.07999650399458309,0.4302564645686478,0.11408844537068724,0.1331783179991359,0.8566593052438722
0.4869560953848907,0.20149732995839592,0.03551169964898314,0.2760348750077303,0.08437766495367906,0.10051416050978319,0.8394604752776744
0.42638941183857765,0.12380297285175204,0.04801899989555942,0.40178861541411076,0.10475456940355027,0.1238187422051222,0.8460316066691292
0.2405602912200543,0.32330842423333606,0.20159210016452453,0.23453918438208504,0.10458944742183031,0.11810824766792878,0.8855388974688058
0.031268586870708485,0.6486892429654539,0.1990215106712859,0.12102065949255182,0.1000909772441992,0.12437906340419651,0.8047252849857218
0.09931329328599815,0.4409628931433559,0.16748853746075065,0.2922352761098954,0.11642400422684657,0.1355601913649105,0.858836233960811
0.13965597610595737,0.2174144301773832,0.11237515870328252,0.5305544350133768,0.14097929044270374,0.16499644773119643,0.8544383371960821
0.5770053781545494,0.02752100927047919,0.21069051106334713,0.18478310151162428,0.08202677517385146,0.08970820677314181,0.9143731451603362
0.11691726654774282,0.44449987868739477,0.3305557595720795,0.10802709519278297,0.104642119813441,0.1199672312710975,0.8722558544088979
0.3576276669637632,0.05985963888351766,0.01352741118972253,0.5689852829629966,0.1271688963321792,0.15452190599721027,0.8229829648520844
0.08907870170126048,0.14597273310978448,0.6259746764206974,0.1389738887682577,0.13369064456846627,0.14382627905124387,0.9295286330868201
0.4899288873662845,0.1895813838480004,0.22148257430204868,0.0990071544836663,0.07609309165872628,0.08497931532229538,0.8954307453541264
0.4322209972306496,0.006251086189570021,0.4012570832869072,0.16027083329287317,0.1013247251294936,0.10731809210002458,0.9441532471063226
0.16395195010028665,0.5237972495439354,0.16187009233681807,0.1503807080189599,0.09430150192439589,0.11388947398078503,0.8280089338221551
0.12570830037619193,0.0495146812194254,0.10549210253081247,0.7192849158735704,0.16566099224721956,0.19692671200181133,0.8412316976363055
0.7315441126118559,0.10938334804671104,0.05142425820409013,0.10764828113734298,0.05153101157358901,0.06500256078073731,0.7927535616236765
0.7928794973476236,0.01848128139303189,0.023528831798998315,0.16511038946034606,0.05370268230638367,0.06888227337383561,0.7796299349025582
0.2575458604253786,0.45473503673394805,0.21295733220977528,0.07476177063089806,0.08387832373752983,0.10027814675813555,0.8364566602914887
0.14053458022053256,0.39574960210257293,0.24456040840055396,0.21915540927634056,0.11102830686694197,0.12596234601648043,0.8814404492943904
0.44678591963333786,0.0500762365320251,0.3555166276972689,0.14762121613736826,0.0952927923319725,0.10155632667939003,0.9383245283458184
0.17592522142109981,0.4011846581870456,0.33164480810383806,0.09124531228801658,0.0995972141746942,0.11350908863779938,0.8774382330960553
0.02371838429178453,0.14197886088496794,0.6504776711967714,0.18382508362647612,0.14474955535259437,0.15509368820490999,0.9333039727661326
0.00579618959464391,0.38001984785524423,0.06723978266842351,0.5469441798816883,0.14619211651836117,0.17585355055721277,0.8313287736024332
0.010802107693715004,0.07697091765894007,0.5509722059498701,0.3612547686974749,0.1605007910219756,0.17107969514315352,0.9381638825558704
0.2785526033072598,0.5664488365882665,0.13652600851722405,0.018472551587249465,0.06939588222235736,0.09259307856007958,0.7494715944381245
0.16618842806022416,0.5213881980096142,0.08046259855222818,0.23196077537793336,0.09828248728029838,0.12056369462149882,0.8151914022612635
0.10349535320423671,0.09371063922059446,0.499669639151527,0.303124368423642,0.1442049713669838,0.1534237512675671,0.9399129546473806
0.5898882560247352,0.053036277346137854,0.010682185151451813,0.3463932814776754,0.0863912886029772,0.10466235404645775,0.8254284875403208
0.18100620112540527,0.32872614656320664,0.1531986461171878,0.3370690061942002,0.11702455243835079,0.13448329339110193,0.8701791091479449
0.39517061227138406,0.1114393947127414,0.370456880611725,0.12293311240414953,0.09585932444790823,0.10283898924931052,0.9321301691863032
0.21199566882252788,0.020835822238442298,0.5234152334372489,0.2437532755017809,0.13296136104908504,0.14026974306014317,0.9478976588135295
0.186659192555094,0.09291374003989285,0.1261597451950431,0.5942673222099699,0.14801457187514483,0.17278974803392716,0.8566166312487605
0.1061598325990561,0.20720127677815828,0.2447142161860629,0.44192467443672256,0.14171935334170616,0.1587444483374253,0.8927515565172346
0.2329676073260673,0.3048644428054236,0.3745048616751908,0.08766308819331822,0.09970821003284328,0.11087346795125677,0.899297296957266
0.7345190913666579,0.15843471620293537,0.012398173933006662,0.09464801849739995,0.04657014175096963,0.06252324993732673,0.7448451863531008
0.2587813493042158,0.20349629311640152,0.3556904496144278,0.1820319079649548,0.10918031653938756,0.1179443495672013,0.9256934896841307
0.19200949651129898,0.40339075200466556,0.042031277777948,0.3625684737060874,0.11089592897846226,0.1341717895943447,0.8265219485686617
0.11710609825223411,0.6862600304645973,0.16670678890425283,0.02992708237891567,0.08137175890898754,0.10901709115303007,0.746412861032624
0.39721123480278164,0.21534641902268106,0.36331925797530745,0.024123088199229724,0.08234098036378537,0.09262035371328109,0.8890160430468996
0.04954640049795977,0.09524431554222494,0.21580746200676573,0.6394018219530496,0.16790951378953972,0.1925537151379395,0.8720138880169337
0.16869598586933296,0.7206191142798667,0.04842408725941126,0.062260812591389214,0.07353303332416686,0.10507259399794128,0.6998307601086503
0.6551362048654903,0.2693375927338794,0.05514948709994338,0.02037671530068694,0.04430412171381026,0.06139706298059406,0.7216000173789028
0.5361759413519386,0.06485076480472814,0.03438846369903099,0.3645848301443023,0.09333830794708485,0.11113766440646977,0.8398440658759359
0.2041332045401241,0.048728205899719414,0.07354946008475982,0.6735891294753966,0.15324388341157613,0.1832811919241793,0.8361135248125778
0.1842166919705691,0.5011384974492689,0.1944626659582802,0.1201821446218819,0.09196985747897862,0.11010775104036785,0.8352714192233434
0.06123103998101112,0.006775483701977895,0.1874133474160554,0.7445801289009557,0.17872693255135813,0.2083422576721745,0.8578525285666437
0.10325987973518638,0.09094166361964397,0.752934040908208,0.05286441573696149,0.1319441033317023,0.14510215075143668,0.9093187292428601
0.053780275062647105,0.4683194101142769,0.05087729638660718,0.4270230184364687,0.12689416235453715,0.15428751465821583,0.8224525661434007
0.2158452753744541,0.5482127686221131,0.21505897554365638,0.02088298045977624,0.07912724173454072,0.10015967364621896,0.7900109780112865
0.6613584606415067,0.019480179292243972,0.09615078523022176,0.22301057483602765,0.07361551451502601,0.08513033702098019,0.8647389061420446
0.22583581371990863,0.1387627618859207,0.5580490569803074,0.07735236741386331,0.1134079416362314,0.12308068786161559,0.9214113408574736
0.015001581175817388,0.10015278228607037,0.6770484429232214,0.20779719361489085,0.15042743154500265,0.16048741757584653,0.9373160451903371
0.0355793640574536,0.4050211301182269,0.016652142882652796,0.5427473629416667,0.14011036041015623,0.17182473506694396,0.815426023241464
0.29788713148176854,0.02559184781766389,0.4189147142453155,0.2576063064552522,0.1221076404047196,0.12920268584846964,0.9450859291572995
0.27845249111725684,0.29099482172283603,0.23494389691715326,0.19560879024275388,0.10030202992906742,0.11180488194856023,0.8971167285451355
0.38665440361401726,0.061844000430883936,0.23314146090924542,0.31836013504585353,0.11070541424799975,0.12103894000865778,0.9146264354271535
0.5074007236770064,0.2001363467482809,0.1783433558705248,0.11411957370418803,0.07373297686733611,0.08336012942162818,0.884511305091685
0.05973876577211543,0.4336260624059096,0.3681496035267589,0.13848556829521602,0.11446815387191302,0.12949739972045834,0.8839417171233673
0.04470550268573826,0.06738945019929231,0.4216676491267471,0.4662373979882224,0.16210899853432176,0.17581663947770368,0.9220344502994537
0.2562869321753713,0.07707642178584019,0.4997010449573226,0.1669356010814661,0.11886336512840785,0.1261480650268067,0.9422527813101942
0.13504901775454403,0.22594113866184157,0.24008826148499146,0.398921582098623,0.13431441570389313,0.15009763552709374,0.8948469789828793
0.01742352325439568,0.24570221952308613,0.1849014792926786,0.5519727779298396,0.15567740331157365,0.17945420247486085,0.8675049186066399
0.0853231412077307,0.1778216380688102,0.363349119092783,0.37350610163067616,0.14335756567902402,0.15605766009977218,0.9186192179696363
0.2818703045790527,0.03872986073427536,0.33763712543398167,0.34176270925269026,0.12734660700861564,0.13690753545410775,0.9301650678775312
0.41290665656166503,0.15676199502283028,0.11219067996373677,0.3181406684517679,0.09968820846774552,0.11388786912232177,0.87531893638887
0.49148761877935193,0.44136872369539265,0.007646417185743118,0.05949724033951235,0.053771973680028465,0.07551592162204047,0.7120614106937456
0.06636445565671892,0.0633412551633799,0.5046687586585059,0.36562553052139524,0.1545865968776259,0.16486106632449624,0.937678011698365
0.12689999329957158,0.023691613223117775,0.8171847228729742,0.032223670604336514,0.1332188553434231,0.14774016204923485,0.9017104996746079
0.200632263675687,0.3127467274926659,0.056281066481688624,0.4303399423499585,0.12041506464024535,0.14358781576136273,0.8386161736756997
0.2888615442243843,0.1578597048892876,0.1931417633325268,0.36013698755380125,0.1178260722373771,0.13160948657838661,0.895270358548203
0.4862062017064754,0.00034456351147998016,0.36641214334483635,0.14703709143720836,0.09411748326910023,0.10010116794456482,0.9402236277724721
0.6062574974463321,0.16106221420598213,0.06013473662677646,0.17254555172090932,0.06692882578154373,0.07966441351849736,0.8401345447174284
0.5229280698523399,0.14859461129577023,0.28542062874382285,0.04305669010806718,0.07228461652093758,0.08109821684658025,0.891321897467659
0.1266235808453241,0.2227573066113157,0.5444665835465717,0.10615252899678841,0.12102597641104203,0.1317118054549805,0.9188696183532999
0.15193132323323985,0.0018621053460397374,0.07406719631836503,0.7721393751023554,0.16870692830711342,0.2034424749747039,0.8292610888069981
0.12983377124505374,0.3901329863757463,0.20587605180738258,0.2741571905718174,0.1156188303566742,0.13205044414563377,0.8755656302765803
0.03614221552478469,0.7396658784668901,0.07917849857840596,0.1450134074299192,0.09337891207592275,0.12412853778557567,0.752275937038983
0.45177393881583755,0.3216863574618948,0.027039538423861434,0.1995001652984062,0.07550948762190984,0.0925683298910132,0.8157162142906991
0.3862618489195195,0.37996623718614464,0.1521008358178532,0.08167107807648265,0.07347221456939503,0.08813354523785583,0.8336464211340571
0.27346013937836183,0.10351567660932733,0.08012801439363883,0.5428961696186719,0.13331373623300036,0.1572249362543625,0.8479172541518605
0.04980778015732523,0.16487536013962226,0.6039731600031704,0.18134369969988223,0.13940214475337206,0.14948553438450612,0.9325460508760828
0.19968294465606357,0.16660679568572154,0.46187465525301763,0.17183560440519738,0.1193044537601139,0.12774831398622777,0.9339023744217542
0.09795792969270654,0.38274952062055734,0.14478395722586143,0.37450859246087476,0.12537093711334732,0.14584290946808054,0.8596299783829138
0.0795766601034487,0.330393792673479,0.14647143978737906,0.44355810743569335,0.13540143614445804,0.15715242440969998,0.8615930467064472
0.2750288780808012,0.10158736254198082,0.21239095399126035,0.4109928053859578,0.1266688971154353,0.1411663144864533,0.8973025723327982
0.11928935328401453,0.038675506872395474,0.715960899747119,0.12607424009647114,0.13770205552811005,0.14794092429657843,0.9307908287233461
0.23660946107363218,0.12655865234227992,0.07985721168357313,0.5569746749005147,0.13696481161807114,0.16183235972735965,0.846337604227096
0.6757464586847303,0.03988053092954397,0.17875135493516928,0.10562165545055642,0.06424360066914936,0.07295565658819916,0.8805842298394309
0.4167740549281691,0.14735163661457024,0.025996790845110036,0.40987751761215063,0.10452511781077993,0.12504168034740715,0.8359222102612072
0.5331404044266759,0.13703928075920557,0.022496062055362382,0.30732425275875613,0.0850948176017335,0.10196039189100868,0.8345870001431167
0.1004493751712774,0.05800820804982747,0.22099271097946724,0.6205497057994279,0.16332840987371913,0.18643524763787928,0.876059714796842
0.32306960833448717,0.3072476656505355,0.028834232187909287,0.34084849382706794,0.10046356235582722,0.12093132841624571,0.8307488528533448
0.44195846344138406,0.2790201696474356,0.2655551945244692,0.013466172386711234,0.0708970948001608,0.08292986011988901,0.8549043094690764
0.01804432881019154,0.22008322106323913,0.5183079797199812,0.2435644704065881,0.14222580308994537,0.15305326210084644,0.9292569210072316
0.39077933544331817,0.10002628685152384,0.504964157171689,0.0042302205334689615,0.09140809447092017,0.10206022577528091,0.8956289659027905
0.4334347478804132,0.15416423308425853,0.1006519372193391,0.3117490818159893,0.09690779821960509,0.11120111992216523,0.8714642288444154
0.08577636428081133,0.30136349250901634,0.11302350590141699,0.4998366373087554,0.139731825108211,0.16404869664297717,0.8517704070048937
0.240445953138102,0.1218542180159921,0.31742660438846354,0.32027322445744233,0.12500734987363948,0.13524126186316737,0.9243284789823817
0.4528295676095908,0.0680176014906771,0.3577809951521767,0.12137183574755543,0.09175933987887681,0.09826645276784654,0.9337809322949439
0.33607571847719525,0.47962894252380406,0.05205147524286299,0.13224386375613778,0.07455203438386719,0.09494619953424882,0.7852029333409487
0.4472839643179977,0.11245603520115718,0.29650801580266645,0.14375198467817857,0.09004420105647663,0.09708931410905464,0.9274367821296517
0.31463502066945503,0.14672267699867853,0.07563456505245784,0.4630077372794086,0.120510020017047,0.14143807998027502,0.8520337665348211
0.08400390385462908,0.14990582596018026,0.7284042769319655,0.03768599325322536,0.1289713260847451,0.14290232133855554,0.9025138631526778
0.648261020035848,0.11766381475793249,0.10917391741331815,0.12490124779290131,0.06255802460435023,0.07315204166807934,0.8551781081955512
0.13923323007808966,0.22786026175665902,0.4320673086038576,0.20083919956139373,0.12371281912738531,0.13351455685279942,0.9265867486178261
0.6733930917379972,0.1061900062843032,0.19877970281723825,0.021637199160461317,0.05504555752933917,0.06584374725207066,0.8360028070487451
0.33741358728980136,0.217353133721913,0.40115865643248694,0.04407462255579879,0.09095171408236273,0.10091631210228938,0.9012587973901932
0.02219308442714027,0.3251618129632956,0.09579038222198344,0.5568547203875805,0.14894469000678714,0.1769186910802928,0.8418821612194162
0.45731237305648836,0.05364926981512653,0.04376952167214198,0.4452688354562432,0.10852089169025857,0.12899687402187157,0.8412676083287004
0.23065181175815175,0.19794482139484276,0.1894739653687358,0.38192940147826954,0.12327614883376631,0.13867220528871568,0.8889751812708627
0.4274713562426096,0.12539415840990656,0.2880127361352748,0.15912174921220915,0.0923532784762787,0.09966810468573624,0.9266081538068578
0.031616024347346325,0.5613030034695436,0.03302272998356353,0.3740582421995466,0.11968858866725883,0.14871470624989266,0.8048201263037172
0.05332918456542784,0.10887791877182375,0.6842355500611331,0.15355734660161544,0.14203483983482926,0.15242855250273166,0.9318125607227286
0.10607242644772817,0.15675927397133452,0.7063428393946436,0.03082546018629386,0.1252111156534033,0.13900225775666228,0.9007847618748624
0.14297948303652597,0.4559851246143385,0.15105970113911377,0.2499756912100219,0.10743264179660567,0.12624804391297667,0.8509648028341688
0.030050280953154932,0.06705275543797969,0.40294540444986826,0.499951559158997,0.16572682099900132,0.18084625466403664,0.9163962024365773
0.1615689500508236,0.18078787081317602,0.016423944270852964,0.6412192348651473,0.1465939685715962,0.1786620060971148,0.820510033296685
0.270167855123979,0.4521862282008992,0.24901918333411344,0.028626733341008372,0.08013461724486122,0.09693918571522597,0.8266483430165094
0.3509443914078697,0.14291793286556473,0.41251093427969493,0.09362674144687072,0.09762513156007531,0.10548771835597177,0.9254644339792818
0.05797976846764039,0.2591275385763172,0.4270804245412867,0.2558122684147558,0.13452304043383917,0.14593020256188458,0.9218313828954772
0.09469011709602557,0.2533340005919515,0.5469122690518944,0.10506361326012843,0.12267674539316695,0.13411317177330384,0.9147255543290834
0.5341144852489206,0.202876623004688,0.21602824682620123,0.04698064492019023,0.0666840193232748,0.07676530676535502,0.8686739118636597
0.4220824448461589,0.22271305150422077,0.3184727971321738,0.036731706517446554,0.07914882337553401,0.08912244104670944,0.8880908382441162
0.3425726820721408,0.2432444843432703,0.2977141566479707,0.11646867693661832,0.091829426429991,0.10116898215420231,0.9076836049415234
0.03681303700043446,0.7646495070835838,0.07652793124280446,0.12200952467317717,0.09014282085691568,0.12222619042324559,0.7375082258947004
0.2987714573286308,0.4982424448248642,0.14646036137558036,0.05652573647092448,0.07412660178483506,0.09341157535342093,0.7935483531283833
0.13229944205688873,0.5476707258411905,0.18187929931610894,0.1381505327858119,0.09589494110459984,0.1160868438807315,0.8260620919552523
0.07178973476960628,0.32631538089173256,0.0239753345523693,0.5779195497862918,0.14345808149792716,0.1747247556067465,0.8210518366430495
0.571113893107406,0.297361450306792,0.001487923296050158,0.13003673328975188,0.05846811453598146,0.07570396920479587,0.7723256144973372
0.41318234543210736,0.39023212251892936,0.0016410824697931892,0.19494444957917018,0.07481494777127022,0.09462343334277869,0.7906598305331923
0.31130273286795246,0.14493105185835495,0.3765455395115428,0.16722067576214977,0.10629719436660527,0.11384382859195287,0.9337106427402685
0.24083181702272902,0.08400749708955424,0.5102090153113927,0.1649516705763241,0.1202188475486971,0.12770252787543906,0.9413975553088383
0.4083806380697291,0.0058400568170290405,0.5017840607509525,0.08399524436228936,0.10064307472368736,0.10809664555373333,0.9310471588469329
0.06469826442167012,0.2589203396557777,0.32555288856323866,0.3508285073593133,0.1384170238206863,0.15240657383830314,0.9082090118208473
0.16995221385296252,0.11914868242740369,0.6175139206609325,0.09338518305870123,0.12304357675785763,0.13308568963242465,0.9245440069304012
0.3616274611768408,0.3068628208397776,0.22373102001253767,0.10777869797084387,0.08382833927837068,0.0951895939910371,0.8806460429515417
0.0625148454114273,0.3564522136704646,0.08858171354143532,0.4924512273766728,0.13797945437171094,0.16394894969691845,0.8416001116614923
0.37777026408061726,0.02984540645692216,0.49396076267587014,0.09842356678659067,0.10342341149229556,0.11065185571922483,0.9346739900569658
0.04828500945178981,0.05050231425505381,0.45575540368078826,0.4454572726123681,0.16195562726148144,0.17451969495458156,0.9280077374856179
0.22238140000004633,0.033071837681497934,0.4915365951397769,0.25301016717867875,0.13109517934440806,0.13845725194762631,0.9468278295310738
0.18257659836156476,0.16870700193812768,0.44777008109073096,0.20094631860957657,0.1228157979884252,0.13142621938842888,0.9344847516723
0.2979227043776991,0.15876659892142433,0.285187868320221,0.2581228283806556,0.11147486193621796,0.12090476800724254,0.9220055070908395
0.643393246769256,0.10589049670229997,0.10841382243804604,0.14230243409039797,0.06500275988833262,0.07549589999783891,0.8610104640145139
0.1223319034261475,0.2633404758624704,0.41347935117323964,0.20084826953814247,0.12307202796251032,0.13364649214566526,0.9208773532818989
0.35180125361425146,0.07812621069572476,0.009940514581925198,0.5601320211080985,0.12602234122989425,0.15323991514953644,0.8223858718984385
0.5661428707197578,0.2880763454197416,0.0673883265359971,0.07839245732450341,0.05727494203907732,0.07199896017867219,0.7954967946334803
0.15924359996308232,0.5085785185850599,0.14473134918149722,0.18744653227036054,0.09798437713151253,0.11764256953458767,0.8328989881737027
0.07008180298852083,0.3301131614949271,0.10973472553839819,0.49007030997815376,0.1389838281908058,0.16362656243528412,0.8493964923682561
0.3713107790465864,0.16283184770249493,0.33731174633814476,0.1285456269127738,0.09513033225338285,0.10281684473223622,0.9252407278314055
0.04521528131465062,0.5809434947503402,0.29003071027197835,0.08381051366303104,0.1018370595322198,0.12264622359073296,0.830331799469401
0.14581722897083194,0.6339605457681335,0.04325859613961567,0.17696362912141875,0.08917509802841209,0.11623667046526949,0.767185584991931
0.10200780722737701,0.39788447131436117,0.09516003045980334,0.40494769099845856,0.12515561190521504,0.14837221732514452,0.8435245773199416
0.3625281814082884,0.5172994338772684,0.09789866766530267,0.022273717049140555,0.06260106755919807,0.08469012621428766,0.7391778753617791
0.19065937869499253,0.34888107027261767,0.3799502855449753,0.08050926548741447,0.10132925842221228,0.11384672040908891,0.8900498675596693
0.2277805451573529,0.15479970360091327,0.4449104999252463,0.1725092513164877,0.11663001540729546,0.1247217102772803,0.9351220019995281
0.18588717414004005,0.5116482536201923,0.2525337294648376,0.049930842774930095,0.08739934921092592,0.10598177707596945,0.824663933954199
0.637316334831627,0.07099585749868326,0.015594995773582197,0.2760928118961077,0.07527384846679924,0.09135017111704384,0.8240143126864364
0.21949344449009364,0.05192027432947957,0.3976037484647266,0.33098253271570005,0.13386135690571446,0.14297357082529302,0.9362664451410166
0.49308266335348805,0.27136279243478606,0.1350666365112866,0.10048790770043933,0.06921462575428565,0.08118268782408246,0.8525786421887039
0.309091799745689,0.2614682866003502,0.09820928505831533,0.3312306285956454,0.10546213453481468,0.12238561445692017,0.8617200232461751
0.14909064651064224,0.47596412736854576,0.12312515975557381,0.2518200663652381,0.10513208908239476,0.1252223262056947,0.8395634569964864
0.36780609067615205,0.28472213747608416,0.18566390554203202,0.1618078663057317,0.08749783052930007,0.09896721022408847,0.8841092957069455
0.3261637226934942,0.3211190124098603,0.07563549477495321,0.2770817701216924,0.09576328356314157,0.11296803851614896,0.8477024547916892
0.3732923294554943,0.36516782389950475,0.021603857342245337,0.2399359893027555,0.08425537072396312,0.1034187672275011,0.8147009772280283
0.42472537261959153,0.18400694460263403,0.2845787773742563,0.10668890540351826,0.08539959126141831,0.093622070617512,0.9121737075258014
0.19345702290537928,0.05739339676617835,0.7335580888838557,0.015591491444586771,0.12103868985323576,0.13468481190544418,0.8986810624067344
0.18468970894425774,0.14858750584019956,0.46296541146937303,0.2037573737461697,0.12429120605733902,0.13264372680820816,0.9370304125807156
0.5219957267081622,0.1385745839318988,0.1270624791616516,0.21236721019828744,0.0816729493233014,0.09241090415127981,0.8838020802133911
0.205813404030111,0.031361691490608246,0.5928983312333701,0.1699265732459107,0.12923165081913246,0.13702934100878558,0.9430947406427855
0.36317162393706104,0.32942270927875145,0.11999027753535989,0.18741538924882764,0.08580464160832334,0.10002163033090979,0.8578608579409153
0.035303396819091136,0.04674765764854953,0.17211626818377518,0.7458326773485842,0.1789623796690634,0.20950127272900446,0.8542305129599669
0.18608973303762305,0.5399920719505625,0.18292922471484693,0.09098897029696751,0.0871584174639124,0.10708958377522186,0.8138832404732803
0.26807256337643004,0.07318382885124108,0.1714989712206744,0.4872446365516545,0.13365809228054754,0.15192786614260753,0.8797470515059362
0.43844455975011515,0.008167662288913758,0.19975801047000577,0.3536297674909655,0.11003028262392023,0.1217358676269355,0.9038444032050807
0.05457371313445098,0.432857398551034,0.12055082752566501,0.39201806078885,0.12787772844788114,0.1510157559080333,0.8467840171972326
0.5238649140791835,0.04949655233878643,0.11624798460484187,0.31039054897718826,0.09345736443146266,0.10625853828930046,0.8795280448618142
0.1840932068637582,0.10063199916180961,0.4831286628912657,0.2321461310831664,0.12962462972892497,0.13760962787176056,0.9419735503516012
0.18062360716032605,0.16048221771223095,0.023377953279723626,0.6355162218477194,0.14545616474456513,0.17668826506517551,0.8232361367683942
0.32821238975808803,0.17477172191921417,0.31957735345847604,0.1774385348642217,0.1022225783211225,0.11037374971492718,0.926149365996376
0.163562476612941,0.22720707874504395,0.02340893437698917,0.585821510265026,0.13985138725396548,0.1696128129413345,0.8245331518812622
0.027232187444576294,0.04305717808373331,0.7731768386075797,0.15653379586411062,0.15084193117871195,0.16189527589115263,0.9317253412639896
0.6801578635686987,0.05298825161924107,0.15974838700668584,0.10710549780537441,0.0626956924967986,0.07187378021526195,0.8723026993852977
0.13874506723166505,0.6600902338717358,0.07028481463312772,0.13087988426347133,0.08569991676331824,0.11298883718117256,0.7584812703745437
0.04299693745177725,0.8499225414129425,0.05475727402863654,0.052323247106643676,0.07903275717356575,0.11709515377448892,0.6749447319209577
0.06608510831871904,0.340099409194727,0.32461869106862745,0.2691967914179266,0.1276608227538847,0.14152791706972398,0.9020186645649027
0.5924245046683457,0.237421318554816,0.07250259369786563,0.09765158307897259,0.0588736880626784,0.0722041913602785,0.8153777080462731
0.08402679447338517,0.48430639802366604,0.3467027858427815,0.08496402166016734,0.10458020595957503,0.12150304023175897,0.8607208985066978
0.3077954231347711,0.15625564097836847,0.3685054269191388,0.16744350896772178,0.1058583191625964,0.11358610844942173,0.9319653662554483
0.27753236444784357,0.26443459256568613,0.24095595182441282,0.21707709116205762,0.10361987977462835,0.11477616240636787,0.9027996545812323
0.02555359840361771,0.021666224805545534,0.5213891409697414,0.4313910358210952,0.16651428601414078,0.17813643184147104,0.9347570527421748
0.23791454247248678,0.15276306656597358,0.1888584789173767,0.42046391204416295,0.12787325975550698,0.14400130753760912,0.888000685147321
0.5235701190100611,0.2371413974532097,0.16457720185172356,0.07471128168500574,0.06670013681668559,0.07763288225726163,0.8591737789105026
0.45738052316087724,0.023201501234622307,0.060153565888664835,0.45926440971583565,0.11164763237610797,0.13190423681253993,0.8464294633293675
0.175941013257539,0.051083497740807074,0.028168585745182613,0.7448069032564714,0.16028133362007896,0.19576604384530388,0.818739197420441
0.08192990842898139,0.08522540798194608,0.1501328188483434,0.682711864740729,0.16666667250271316,0.1950547492497553,0.8544609815642428
0.4898556587573666,0.13810175062759025,0.13482537876103304,0.2372172118540101,0.08713148490403562,0.09815834938937149,0.8876624907210405
0.34859667192019944,0.21241866578935212,0.28280964351827725,0.15617501877217124,0.09549769032583447,0.10432908989146178,0.9153505549141183
0.4008658119077005,0.04678249106174825,0.4874582470566755,0.06489344997387586,0.09738951766575288,0.10537333092314585,0.924233075034745
0.43785952973741327,0.09424629955676299,0.10392363095589512,0.36397053974992855,0.10373708415709165,0.11907407131845871,0.871197927545881
0.4549774633809879,0.22631253737270235,0.2377093863353916,0.0810006129109182,0.07679795741620131,0.08634607340163651,0.8894203799977981
0.43611278618127597,0.0414842770202727,0.34862657943274517,0.1737763573657061,0.09867541350309761,0.10494003731385788,0.9403028246309476
0.2953558353188875,0.007371567160164042,0.3696970001353532,0.32757559738559516,0.12739279590501126,0.13599890187530628,0.9367192980853204
0.33799495358994686,0.12869099611685855,0.27892744186060736,0.25438660843258726,0.1084847067655876,0.11736822184959146,0.9243107295653828
0.07139899820654715,0.20402633210153193,0.5286061435032262,0.19596852618869487,0.1341944499744611,0.14422297265003986,0.9304651506531265
0.17427255312310616,0.6825589097445026,0.051866749302286595,0.09130178783010463,0.07730494470594122,0.10643652942769918,0.7263008773548312
0.07439724357388142,0.03071884881838572,0.35706738977117597,0.5378165178365569,0.16476167632175243,0.18135862660378668,0.9084854655505661
0.2448641367735475,0.5051351602222605,0.21068031569385934,0.03932038731033271,0.07972286876717463,0.09862524706044092,0.8083413846184612
0.011552124067969512,0.6584282156016523,0.15706148908187745,0.17295817124850082,0.10447187518545685,0.12997696644635265,0.8037722224312498
0.3762348974909384,0.2431094789780094,0.0724066226929261,0.308249000838126,0.09705315504984355,0.11357839152764215,0.8545036933915658
0.254396580979409,0.2306425319944746,0.0473931173337758,0.46756776969234065,0.1218554303977359,0.1452627903221207,0.8388619695898798
0.3198367194314069,0.3887392350978412,0.004426329337363296,0.2869977161333887,0.09167197347275927,0.11334452673770984,0.8087904737111572
0.3746961862782294,0.22606742513193887,0.15711942893935296,0.24211695965047875,0.095309949755799,0.10737702252246029,0.8876195997692412
0.5578879754662383,0.061228657374006686,0.3794274281211698,0.0014559390385851518,0.07264906755139773,0.08247137384373801,0.8809004162953437
0.7336139191060765,0.1292848642811284,0.10177522179366481,0.03532599481913016,0.04605370111467628,0.05958179486305732,0.7729492073967562
0.2666644939405038,0.5069163793555403,0.21748010067031845,0.008939026033637386,0.07522725674097314,0.09492782673601269,0.7924679130195892
0.5593960776172517,0.22019071904932996,0.0030884820608998356,0.21732472127251862,0.07052948844943684,0.08700707531284702,0.810617851431478
0.0053780013247216795,0.7597716517071498,0.21351907595503986,0.0213312710130888,0.08958569124186867,0.1202786912105974,0.7448176425948302
0.6088721051782896,0.07829098814829563,0.2052289092849868,0.10760799738842795,0.0699637471443801,0.07796952065583124,0.8973217554229969
0.03469191336973619,0.017234008815151386,0.7710415137099422,0.1770325641051702,0.15296295876198068,0.1634885277699106,0.9356189137457809
0.1261443294723344,0.4422581022338714,0.12185401040207039,0.30974355789172386,0.11370776688447302,0.13427473506428358,0.8468292030517566
0.6232211977936116,0.26728138676131047,0.04967707748345257,0.059820337961625274,0.0505897502440069,0.06621241612826655,0.7640523213350884
0.13154486149602498,0.02193525481007763,0.16913279072443457,0.6773870929694626,0.16501370226918366,0.1918752296963794,0.8600052363731314
0.14624488309439876,0.22937911816930923,0.5837937814689149,0.04058221726737693,0.11466694660755224,0.12722349442744219,0.9013032311649704
0.4593365714086819,0.2903224154725304,0.06043232112946168,0.18990869198932617,0.07655588707853525,0.09152258412569696,0.8364699031377166
0.09324260573030736,0.049603029563011894,0.6796777334575616,0.17747663124911922,0.14278405045247505,0.15210087149278287,0.9387457747686219
0.30077404291801085,0.12962442430361315,0.2654855500528305,0.30411598272554563,0.11573521961264684,0.12608864208257076,0.917887747072858
0.11295770561338946,0.21401813139837625,0.21961341987004868,0.4534107431181855,0.14086458491429854,0.15891542594184208,0.8864122792324166
0.31735942819376295,0.03924201350425836,0.452413309917646,0.19098524838433273,0.11515317567368678,0.12170275938429778,0.946183769836068
0.23274832629577336,0.45679125183952657,0.2725928419024966,0.037867579962203385,0.0850927964324975,0.1017200745464512,0.8365388721145625
0.19106297563749575,0.09409948485409511,0.479770218429927,0.23506732107848213,0.12938722043272205,0.13728344750070598,0.9424823078693203
0.46421905824883775,0.07785793595310728,0.21227553320681863,0.24564747259123626,0.09570526118096431,0.10459521056472686,0.9150061524254864
0.4551696017977919,0.16483211139307027,0.22607687355110423,0.1539214132580335,0.08533745351774309,0.09374267790362602,0.9103372703463403
0.3576652490738208,0.10661416930860998,0.24884213614823988,0.2868784454693293,0.10931830634918095,0.11903265536999885,0.9183892101657146
0.6117737515641197,0.19125992473842776,0.13653931992210844,0.06042700377534391,0.05818996850635739,0.06949851724471888,0.8372835970220528
0.2640508958203301,0.10760593765647132,0.44688906002693096,0.18145410649626784,0.1161376138556528,0.12348946296682632,0.9404657779332275
0.4407152059065966,0.027353899679640577,0.2601979396015641,0.2717329548121986,0.10410535899838112,0.11243683465683214,0.9259008341538654
0.07555650543457235,0.3618663350786078,0.519366682037479,0.04321047744934077,0.113388871359684,0.12823202823553825,0.8842476635510268
0.032184681141841774,0.27843470851393026,0.07410697169721799,0.61527363864701,0.15430489670279665,0.18473908201014572,0.8352585442333331
0.648084144603497,0.1529835838733193,0.17886645036943707,0.020065821153746596,0.05451366554936717,0.06592335398032859,0.8269249402212447
0.13413257083690527,0.05756653573537275,0.7315627217919148,0.0767381716358072,0.13179435151416286,0.14347840716767454,0.9185657557526601
0.44960951444016123,0.06306686417129713,0.3331513377833293,0.15417228360521232,0.09421402816933588,0.10062591853223388,0.9362799320848529
0.11386452535406012,0.5815093633452694,0.14605164670020157,0.15857446460046873,0.09660558586637405,0.11886300805608332,0.8127472747517249
0.6913174310773621,0.08032780534206234,0.17381250388024366,0.05454225970033204,0.05642962251759456,0.06652264315735071,0.8482769150365477
0.2607335620756654,0.04241084243608608,0.2624389339346919,0.43441666155355657,0.13443260261295445,0.14822146872731165,0.906971194977665
0.3088710900224543,0.29000673737781435,0.3697091178738856,0.031413054725845525,0.08821687204314804,0.099920183417912,0.8828733998033675
0.47761653750300953,0.14953910606901408,0.21167637321041846,0.16116798321755796,0.08400512079996554,0.09242907128698083,0.908860379426945
0.42135741516007175,0.07472540508733552,0.08608240585326823,0.4178347738993246,0.11013724231717008,0.1280026374196281,0.8604294765904681
0.08996165703903435,0.3921830534983979,0.1950640722297059,0.3227912172328619,0.12306990116669682,0.14114691968259985,0.8719276442124758
0.11772828774311414,0.3830953478158185,0.03454044622795633,0.464635918213111,0.12727949067878525,0.15433462356616004,0.8246982286785647
0.08530063815419947,0.37270610562445144,0.17253048407779542,0.36946277214355366,0.12756756719717563,0.14703179350962786,0.8676189288871207
0.47335745624209485,0.15399975373004599,0.31287082763110896,0.059771962396750165,0.0791321485099615,0.08745567140538098,0.9048258076158644
0.3604613546524253,0.05998950943796878,0.2268781177580145,0.35267101815159135,0.11597441404772676,0.12752118247791083,0.9094521537064307
0.001998404506627349,0.2580631218354698,0.22576030212392317,0.5141781715339796,0.15480406624399984,0.17632564522518193,0.8779441359553948
0.10573962092445187,0.33796177042844877,0.23167034457796248,0.32462826406913703,0.12544832084900223,0.14150314656027277,0.8865408572067898
0.07343170450184579,0.18544263660063978,0.03545531558199755,0.705670343315517,0.16090198465248476,0.19561975191735445,0.8225242240388012
0.07530169247010068,0.19415663163939875,0.5189312838630652,0.21161039202743534,0.13525876904910678,0.14510516718375444,0.932143022018102
0.213053432007095,0.6392368857635544,0.08070030763326294,0.06700937459608763,0.07451457170779768,0.10115460093078531,0.7366404594763221
0.11945764264343083,0.41920046846019055,0.276725348981444,0.18461653991493462,0.11016529597528549,0.1251201994920982,0.8804757059410125
0.09805258785339477,0.31434799753086995,0.3340399699029773,0.25355944471275804,0.124783296012227,0.13752828921934002,0.9073282065860182
0.3079472391305412,0.31447163251337046,0.029605884300357977,0.34797524405573044,0.10220789051474655,0.12306881948057162,0.8304937915722974
0.49368909447130327,0.10258435644447822,0.05157512177880095,0.3521514273054175,0.09522124056844318,0.11207488133526165,0.8496216050731086
0.5997519936373484,0.018046945517302498,0.0691733386917713,0.3130277221535779,0.08623987129343942,0.10081275667299122,0.8554460183365263
0.281071489650079,0.09837501363877416,0.08411436741105639,0.5364391293000905,0.13241266171939234,0.15582463809160868,0.8497543350079688
0.31421416851583717,0.07649781640871774,0.41487226324091037,0.1944157518345346,0.11275312037197047,0.11959542099046797,0.9427879381850008
0.2879254913695096,0.12847803609291683,0.17015525047799673,0.4134412220595768,0.12296350433750924,0.1388383712280023,0.8856593695958653
0.02656844663924465,0.5061944263078899,0.04886789094289588,0.41836923610996957,0.1269690096377655,0.15527610172281137,0.817698333671605
0.24131552957909302,0.5560906485481525,0.022556867563811898,0.18003695430894265,0.08314357698631286,0.10767645789581713,0.7721611447022043
0.03611967481010775,0.606732640804205,0.30988960410693034,0.047258080278757005,0.09912873502428746,0.12144865699777053,0.8162192771395339
0.43003832691796967,0.18250076450174407,0.12884678692033696,0.2586141216599494,0.0924256624235219,0.10476248273758167,0.8822400921428893
0.22742864589463024,0.47576037031824825,0.27929526759914963,0.017515716187971875,0.0832492322176368,0.10103441952709079,0.8239690256775795
0.19367437181754574,0.322096967171896,0.41002017478553776,0.07420848622502056,0.10276499860121842,0.11477401420300767,0.895368165998375
0.23090872285840539,0.15953273196424997,0.28449695729349145,0.3250615878838532,0.12347232686545996,0.13478854121601966,0.9160446856352299
0.4631084431049779,0.09630514293715976,0.09860266492865476,0.3419837490292077,0.0991906784128405,0.11392709977062589,0.8706504300780514
0.07525098620420206,0.5360573915946965,0.12173376954909083,0.26695785265201055,0.11068067309847854,0.13335580161161428,0.8299651890723522
0.7029464600343217,0.039912064123026246,0.038515727755671754,0.21862574808698026,0.06635528247004509,0.0803826915140537,0.8254921702695645
0.008434039075316056,0.03458931925314196,0.4817504277880104,0.4752262138835316,0.16989774007413413,0.18321323654985217,0.9273224100700012
0.1275627260185628,0.5308051140958472,0.3371558226714491,0.004476337214140923,0.09117625335062611,0.11133420514076986,0.8189419705771803
0.0019149691060807571,0.5456746416372465,0.164041404731998,0.2883689845246747,0.12051553191146352,0.14332084128738434,0.8408793224274198
0.008471136697917091,0.3660654646926785,0.26832957399842633,0.357133824610978,0.13747020628440537,0.1550031017330117,0.8868868090213688
0.146081942014552,0.019091504895967257,0.07865287227770235,0.7561736808117783,0.16729071118701977,0.20115073727178528,0.8316683968251358
0.4410294999025071,0.0298973133490567,0.3657431701226409,0.16333001662579544,0.09844088077603934,0.10455978943812333,0.9414793325908039
0.5710256379868983,0.014330347836705648,0.18501851913178352,0.22962549504461233,0.08610151398699735,0.09489318819328933,0.9073518934954099
0.09250786031177326,0.10140781092732795,0.33171383059024745,0.4743704981706514,0.15357987819381583,0.16885919191464122,0.9095144685487473
0.2438342488498075,0.22427737040809653,0.28132213860291283,0.25056624213918316,0.11288767012383648,0.12349763870997477,0.9140876805664679
0.044560005277542614,0.734744450976439,0.057682189848088546,0.16301335389792979,0.09357831093070083,0.1247001518462265,0.7504265996892815
0.1819586159224148,0.35149700836314124,0.35781943471377187,0.10872494100067216,0.1036618663110684,0.11597584770505236,0.8938228809044737
0.74123693205085,0.04949771837710608,0.14855586889306688,0.060709480678977155,0.052714855397169885,0.06368920228323072,0.8276890510065258
0.17125350505444817,0.436734865355668,0.11004919407645185,0.2819624355134319,0.1068963768901399,0.12672257730050535,0.8435464237493346
0.07562973365003438,0.3091276266216012,0.25908378581039193,0.3561588539179726,0.1332458671916661,0.14924684321196754,0.8927885128024041
0.3105158448203352,0.4324477780395965,0.0738477149710495,0.18318866216901883,0.08419655103863966,0.10266250805216674,0.8201294965037886
0.06695564123276904,0.4526015404932384,0.32527895280436675,0.15516386546962588,0.11284583667376226,0.12856078848697153,0.8777624810942892
0.269595904449475,0.2792823724395934,0.37687765808432017,0.07424406502661143,0.09632214587773136,0.10697549931312711,0.9004131459652045
0.023945755067471895,0.4532934778811006,0.3305410975806224,0.19221966947080524,0.1202345570842809,0.13633067480999664,0.8819332644824884
0.26266477059371207,0.16623141719784396,0.434009233728317,0.13709457848012693,0.10940979537099627,0.11755221441410792,0.9307335971194223
0.12985636752056942,0.021388992029454698,0.3343884886222433,0.5143661518277324,0.15712586045135618,0.17289147438809138,0.908812079991024
0.5580424013820957,0.17465758538089768,0.19985023167757104,0.0674497815594355,0.0668543700678275,0.0763179412937209,0.8759980803272531
0.18627812599284907,0.16428778787589268,0.4418498091815436,0.20758427694971457,0.12302003443834392,0.13157988513220922,0.9349455983696557
0.5854520290436256,0.023948228034725044,0.3827685729783713,0.007831169943277996,0.07236693647871456,0.08194463913607632,0.8831198384868456
0.8695378392877327,0.08644253663325141,0.023909729313169432,0.0201098947658465,0.031050172700226964,0.05181803976526604,0.5992155017998209
0.5342509572967911,0.16528096018687252,0.0010781517882233877,0.29938993072811315,0.08229439527287304,0.10015881298644558,0.8216390831629552
0.5532252374079091,0.28204161652675513,0.08081029891624593,0.08392284714908975,0.05971353217228589,0.07371163317304764,0.810096447491546
0.07653065540472669,0.12740129448469015,0.6307483311149796,0.1653197189956035,0.1381248971883905,0.1478979863010189,0.9339200664116067
0.05075394742183996,0.2007976601204757,0.6977030443500122,0.05074534810767205,0.12987544143090635,0.14371803121111998,0.9036823030237657
0.1849797047052747,0.028330143274416058,0.7464163624693465,0.04027378955096273,0.12569991640390915,0.13845755264910742,0.9078588635931627
0.6588478577811004,0.28748895982509526,0.019058703828095207,0.034604478565709036,0.04308088563073476,0.06167269437820994,0.6985406761465573
0.08436637706592857,0.03092639670675161,0.4602759731465801,0.4244312530807398,0.15777982189892617,0.16933146313464262,0.9317808928011727
0.094552408737495,0.45351014850456534,0.3321414997068863,0.11979594305105329,0.10741717213631306,0.12304929927389165,0.8729604538195418
0.06866595148398055,0.36415290509996745,0.3577022410767301,0.20947890233932184,0.12241513901605121,0.13579852410156945,0.9014467559639437
0.0754779953693883,0.22142931797235035,0.6293029132301229,0.07378977342813832,0.1261630038355984,0.13862706789801094,0.9100892469890335
0.31216987152797504,0.04725354549800453,0.23291771333722733,0.4076588696367931,0.12602057654336254,0.13933416305382434,0.9044485127074054
0.534790817433916,0.0545789083240867,0.2575786574253749,0.1530516168166227,0.08376346190849517,0.09064375846905762,0.924095197763549
0.19335877141564456,0.0902185023652423,0.31211608099553645,0.4043066452235766,0.13786121178792565,0.15045793537240604,0.9162774395826874
0.09003433951779638,0.1561071842313925,0.18806663461536993,0.5657918416354412,0.15409655320594712,0.17676251901855425,0.8717716519403758
0.0839115550507523,0.13134387034221,0.5062758658062014,0.27846870880083624,0.1425074236560672,0.1519417144489223,0.9379084879549218
0.03536570714899476,0.2198009421656465,0.6051351135293153,0.13969823715604343,0.1348032945551811,0.1461109506715039,0.922609112702679
0.1735661490769932,0.44816678711752117,0.12991763220557612,0.24834943159990938,0.10400052923058464,0.12290761539967945,0.8461683101766196
0.04701783033031707,0.3941383637824931,0.09310593064444968,0.4657378752427402,0.13564350671659636,0.1613117204342294,0.8408781851155164
0.12301745374892084,0.07784419970597481,0.26518484183827956,0.5339535047068249,0.15447787027150356,0.17289641329896896,0.8934706471000273
0.1929477342229827,0.0206618528055094,0.022192635551938702,0.7641977774195691,0.16147373519754993,0.19798990858833065,0.8155654818412651
0.2890991240363066,0.16866600882342103,0.08376676615008005,0.4584681009901925,0.12184723821891612,0.14261790483524128,0.8543614377148481
0.3132068455754822,0.5624122515121871,0.007483701078961932,0.11689720183336873,0.07013499004588078,0.09534620784519121,0.7355823753342702
0.06494315024139216,0.2808871148783196,0.4491791581484089,0.20499057673187923,0.12933595011494742,0.1406257794017911,0.9197172144761112
0.05693639517891966,0.1571461472812077,0.6215346551898168,0.1643828023500558,0.13824571696174662,0.14842940211394817,0.9313903781382639
0.22818124015092595,0.29355099344098945,0.4330253767768275,0.04524238963125725,0.09911447878666335,0.11103857736487191,0.8926130101700955
0.07002545902921871,0.09294692481472702,0.46089542443563364,0.3761321917204207,0.15226754592704445,0.16325447322933487,0.9327006048596517
0.37620722158025666,0.2488029339418676,0.13251367064985134,0.24247617382802444,0.09331263517061845,0.10639733003634402,0.8770204584903024
0.018127104780881573,0.05234863732991493,0.1684743226045999,0.7610499352846036,0.1815080821563224,0.21300718885836112,0.8521218609059057
0.22400770326613745,0.21780213083831731,0.12331318354706727,0.4348769823484779,0.12519867722576064,0.14462796816487672,0.8656602095317651
0.5447906701381139,0.16316517200268799,0.24315293207785357,0.04889122578134465,0.0685685604108974,0.07773980315416085,0.8820264218436913
0.14470773566406786,0.3731270662707611,0.11584967335867949,0.3663155247064916,0.11965360529733489,0.14018645607750488,0.8535318506887856
0.470272082902954,0.15737339870206135,0.3484067999140499,0.023947718480934736,0.07747214325049781,0.08685277026306001,0.8919939227712584
0.03443026251907905,0.3219257581733252,0.2610094478225134,0.3826345314850822,0.1389017317929078,0.15615420796848428,0.8895164184172453
0.21078273931105218,0.04005954849527018,0.7247340882233448,0.024423623970332757,0.12061466120845823,0.13359509056003585,0.9028375272087983
0.37812020825600323,0.05088873780533201,0.4855850513106871,0.08540600262797773,0.10104357403369191,0.1085788231964059,0.9306011159369112
0.12989808802792002,0.7044717700761841,0.15613784726186242,0.009492294634033345,0.07723012168197732,0.10653600350967886,0.7249203943994474
0.4418598678562386,0.19165472643713077,0.09619471282136562,0.2702906928852651,0.09074037370798178,0.10445154945392833,0.8687317151576167
0.14552614529637775,0.4524333308690486,0.2688376655097118,0.1332028583248618,0.10154707755819009,0.11727549946050699,0.8658848440239344
0.04776767097103327,0.09847873959522135,0.2885386401936097,0.5652149492401356,0.16417265106815473,0.1839149248676538,0.8926554013291433
0.32145044995725197,0.1556569063302951,0.4356019554140004,0.08729068829845267,0.10012342341405629,0.10844411502541414,0.9232720778863116
0.02463644318572987,0.4808454246601515,0.4292252954815596,0.06529283667255904,0.11159427024667096,0.1290055351915574,0.865034745067079
0.05547815170920735,0.5710453396087091,0.302377809626589,0.07109869905549458,0.10065914806188106,0.12114454835198446,0.8309011790560873
0.057005390370075446,0.6281660992918032,0.28966418347299444,0.025164326865127148,0.09359422765180234,0.11736145834222778,0.7974869175439194
0.03367172342619453,0.2098528002440669,0.46310632365428434,0.2933691526754542,0.14350290956884207,0.1546529619437777,0.9279027557261457
0.11073877230345067,0.3914434228862951,0.1923442005662446,0.3054736042440097,0.11956216598184831,0.1371177749113277,0.8719669354258965
0.006487372574912727,0.2361084970768329,0.31801285207299895,0.43939127827525537,0.1522375257128775,0.16890458039944256,0.9013226601247335
0.13774294256365013,0.4230132723948295,0.042830836023636576,0.3964129490178838,0.11807300312603333,0.14315802950481576,0.8247738777520782
0.025347433328645006,0.5478043720777828,0.393090119174359,0.0337580754192133,0.1045683876720142,0.12482352940297854,0.8377297787697309
0.07768080422614083,0.014900474587025264,0.31632757414659257,0.5910911470402413,0.16826401483565173,0.18758763392073563,0.8969888436609366
0.2154714919060172,0.06676991609672837,0.12522124979403673,0.5925373422032177,0.1462739798746404,0.1706963813530545,0.8569249020698287
0.17001389654430613,0.1323842106652344,0.13258699697822435,0.5650148958122351,0.1455582013866332,0.169247664676036,0.8600307819032671
0.13140691166150031,0.6338065271303619,0.05741304383567395,0.17737351737246398,0.09108125518219923,0.1177277194850515,0.773660235504386
0.21363390622096448,0.06921594296375627,0.3007267985881974,0.41642335222708177,0.1375114843655282,0.15038859614153205,0.914374413310667
0.2878530435867607,0.375441746546286,0.15858944796996535,0.17811576189698786,0.09144955270486761,0.10610647739129966,0.8618658818313211
0.07352262773564004,0.7755277469498102,0.127604162815942,0.02334546249860782,0.0795671117633124,0.11256636558600197,0.7068462355437978
0.12914210922934538,0.19181680770344992,0.628104864487261,0.050936218579943716,0.12041299211290629,0.1327409190142304,0.9071279075595182
0.41063734761131676,0.2537599149314809,0.04828943803154141,0.28731329942566086,0.0906820165872934,0.10755893893780057,0.843091401633603
0.027537962088998467,0.6204274489181726,0.04610952451328187,0.3059250644795471,0.11208212223895375,0.1408529891732726,0.7957383289968671
0.11727789682029223,0.6748570403958697,0.13895843304169925,0.06890662974213892,0.0842106416687994,0.1110591150333776,0.7582506095379097
0.5344336519356151,0.05605177636883496,0.24697024913288065,0.1625443225626693,0.0841666992669967,0.09121413228542126,0.9227374876913569
0.6447751139207304,0.022248578863270245,0.31638587001445617,0.01659043720154339,0.06522887074132062,0.074713603677378,0.8730521288062405
0.1334604974668728,0.054194823679804806,0.3450141972780519,0.4673304815752706,0.15168107351368568,0.16582506116205553,0.9147053675165095
0.08660799466705946,0.3432023265129777,0.38696965325808674,0.18322002556187608,0.12044577585033786,0.13292257879609742,0.9061348112655946
0.23036981195482864,0.1516279250607604,0.5392610629380817,0.07874120004632919,0.1118587504433279,0.12144075092488862,0.9210973218743747
0.04774094091210231,0.3504920039332422,0.20919681621592592,0.39257023893872944,0.1353828293137038,0.1544659219700109,0.8764575874540661
0.1244732570517708,0.5055337027832023,0.01910374566996274,0.35088929449506423,0.11092024508536684,0.13767730371439382,0.8056538157913562
0.22660150084321615,0.26834327423061594,0.5024789554389458,0.0025762694872220214,0.09920315642629372,0.11250874721449962,0.8817372771662048
0.5241374829585209,0.10037067176498715,0.32683325562257937,0.0486585896539127,0.07626540295688895,0.08432799473427476,0.9043900924859916
0.10440174222971793,0.10500976143578715,0.7030978261128328,0.08749067022166229,0.13240152610635683,0.143905527912598,0.9200586525541381
0.5304209781707963,0.012377647373973212,0.41961698727078106,0.037584387184449335,0.08193428040710107,0.09021651406809877,0.9081960354315401
0.4063609096252459,0.030323502411557908,0.03715125466126358,0.5261643333019326,0.12105541822089003,0.14523378292383718,0.8335210705375163
0.4406736596078316,0.2070192591029122,0.1616195750640574,0.19068750622519867,0.08568525883400883,0.09624948944939753,0.8902411776330226
0.2689922756431803,0.09324278932772874,0.08454860657882192,0.553216328450269,0.13523239744268173,0.15936910994590048,0.8485483635353663
0.40667093555748607,0.13977134749678383,0.05568655889057716,0.3978711580551529,0.10584462848054174,0.12463693994415971,0.8492235811306234
0.36409262352058624,0.23989145063700107,0.24227952622006835,0.1537363996223443,0.09116346287248091,0.10083599664567135,0.9040765788513119
0.05505538820192708,0.12389909661250535,0.24507865109878657,0.575966864086781,0.1617292150090881,0.18314107874591512,0.8830854121672328
0.7553339186266683,0.06577570290026959,0.03987993461108406,0.13901044386197822,0.053495056539610494,0.06736779193412974,0.7940746609584057
0.13878581769156853,0.5007737783492076,0.03359002829535494,0.32685037566386893,0.10823846021535294,0.13359329140404932,0.8102087992426852
0.28849486762924975,0.13661060133889308,0.41083255135937163,0.1640619796724854,0.10976991808471034,0.11728822800158409,0.9358988532355336
0.07253683820089098,0.3329135815846003,0.36048667026735903,0.23406290994714962,0.12564027000447361,0.13850165674293793,0.9071391126942594
0.29099433197294305,0.5515989127714289,0.13570926149461934,0.021697493761008647,0.06912769850985352,0.09162349936183266,0.754475642071469
0.10278057653821147,0.02481331731636915,0.8481218130112197,0.024284293134199622,0.13586767432143296,0.15139334744914593,0.897448115195893
0.06434791426258754,0.2303989489485889,0.34140583753522474,0.3638472992535988,0.14139522019265646,0.15503873764178555,0.9119992999384953
0.22516003292343553,0.04447276533280589,0.14055459993315916,0.5898126018105994,0.14666200458385886,0.17025664425177195,0.8614172165109643
0.47171384470977495,0.00918257777502377,0.5006217242895148,0.018481853225686407,0.08886668662701167,0.09847684923711093,0.902411960937539
0.1290796506763844,0.6273797817887119,0.1051900852817632,0.1383504822531406,0.08994678698163013,0.11490367413709336,0.7828016611053987
0.48587741459301415,0.1140816589574636,0.03762146324140272,0.36241946320811946,0.09583037654671704,0.1137105088692736,0.8427574328850088
0.0995956191214346,0.21365280060278447,0.09995521480574121,0.5867963654700398,0.14930016373949276,0.1763083476326674,0.8468127898887392
0.33460780193664064,0.38164673087352385,0.05272724306577929,0.23101822412405623,0.08752015848455762,0.10588007764121712,0.826597037273872
0.3293364880052739,0.1964384779331617,0.0922293937031678,0.38199564035839667,0.1105709603425813,0.12831891113603475,0.8616887360068205
0.6510014105390237,0.04358664160668786,0.30180993569702247,0.0036020121572657845,0.06206298590925515,0.07228456850626681,0.858592465747022
0.04068617532267088,0.9016907087699849,0.026601494751041486,0.031021621156302515,0.07412662156426911,0.11651573590754606,0.6361940813135125
0.12502839376157082,0.42165735279462335,0.0015006623246302867,0.4518135911191757,0.12260440014338474,0.15126376785723078,0.8105338236655854
0.4058313514391053,0.06494373195202714,0.15326905368345195,0.3759558629254156,0.11084421890302493,0.12491243833083135,0.8873753517600332
0.028580841930353148,0.5428035440095337,0.05788616773793108,0.370729446322182,0.12139667934440049,0.14894111024973747,0.8150649551413188
0.22328091574208014,0.05677386151094013,0.05718021480917412,0.6627650079378055,0.14956982242954464,0.17974028504543693,0.8321441261302917
0.08927345782253335,0.3603936181713076,0.0316487218943052,0.5186842021118537,0.13549717113495874,0.1644907674433924,0.823737242162169
0.20545695940069572,0.5311944103083549,0.20625329373423842,0.05709533655671095,0.08364980928107672,0.10331193603571096,0.8096819447092949
0.43451047267966936,0.004098508795226904,0.40965777831293304,0.15173324021217066,0.10077241985863336,0.10678684116733687,0.9436782543339886
0.08080076902049375,0.266631033086693,0.12979237395274357,0.5227758239400697,0.14430420857740386,0.16846743064804337,0.8565703650985186
0.33275187737190615,0.20545325305020776,0.1287916962435213,0.3330031733343649,0.10695615436435385,0.12201841739207529,0.8765574628023353
0.17971182615709608,0.032104393723485315,0.04056851008668482,0.7476152700327338,0.16144987460333537,0.1964295251612595,0.8219226436086557
0.2759527441299126,0.4338768648971177,0.08372476518941407,0.2064456257835556,0.08973827536051973,0.10834658742828097,0.828251978124564
0.7262752107426866,0.17049769038956153,0.08708377633716713,0.0161433225305849,0.042751573498815094,0.05799369864295314,0.7371761846407062
0.12919543403478403,0.3505929643659917,0.28876097436452597,0.23145062723469825,0.11672968778793365,0.13021213715459304,0.8964578136779024
0.6329094208456503,0.1962754120260839,0.059648263800058554,0.1111669033282075,0.05757808749438917,0.0707749261208492,0.8135379385076823
0.33574475856399266,0.015045490526269726,0.5140460412834783,0.13516370962625937,0.11190772762589235,0.11877839889928149,0.9421555490134604
0.16236460329235183,0.6539536583976463,0.11599328623599595,0.06768845207400594,0.07996073150388286,0.10635286510734861,0.7518436990218692
0.02182639730122308,0.3276207574200645,0.41642541748885387,0.23412742778985862,0.1326592791467288,0.14549322547735816,0.9117900762147403
0.25669594985684574,0.018724898038302656,0.49734346537577073,0.22723568672908073,0.12649331901199987,0.13340247777242253,0.948208167675796
0.1719416902218801,0.15047524307307902,0.3623744603872781,0.31520860631776276,0.1313699911411974,0.14173892254960538,0.9268448551612273
0.043776485082858016,0.6468272946964465,0.039680444047773336,0.269715776172922,0.10604866217215882,0.13518779671080378,0.7844544015982453
0.1302210256523872,0.2199486459820261,0.37052990834713834,0.2793004200184484,0.12944039598755,0.14031694659310662,0.9224858374584175
0.022370033388645107,0.38720921230167954,0.38140417680082583,0.20901657750884953,0.12656598755078424,0.140709497504169,0.8994843261879625
0.07040979292398025,0.06274141200088859,0.8166624747055805,0.0501863203695506,0.138336729978289,0.15262561376593026,0.9063795162877774
0.21869102115125685,0.6599885393742647,0.0809428176823218,0.04037762179215646,0.07078996519000325,0.09896022388912579,0.7153375609711204
0.07245365544080003,0.37739914913119355,0.446958820235984,0.10318837519202267,0.11554851162180169,0.12925226739248719,0.8939766702190787
0.18593729316599633,0.6185706524309648,0.05714833266694694,0.138343721736092,0.0832596857807479,0.10907494151618512,0.7633255138476823
0.16473860709079713,0.39637974544731713,0.3323012546810102,0.10658039278087553,0.10220262108145478,0.11588384762099016,0.8819401769927314
0.06465561869631753,0.1794023443671128,0.02203928154955707,0.7339027553870127,0.16393771978946034,0.2005437381976434,0.81746616106205
0.18286345003026336,0.47443503870678916,0.006561441939395582,0.33614006932355184,0.10507995186570022,0.13075665066029427,0.8036298829548479
0.36290284827674024,0.2112291872514132,0.35991163533633136,0.06595632913551525,0.08922211120068647,0.09839771890744145,0.9067497924887254
0.14957386095422312,0.35027120576821386,0.053125098034077035,0.44702983524348594,0.12488519337666817,0.14976052857271985,0.8338992561449671
0.18446916639065644,0.19917780984562333,0.3350989751653543,0.28125404859836584,0.12414748601148308,0.13468279587138382,0.921776869928053
0.16882906414886117,0.40388140537684364,0.3696650725646026,0.05762445790969252,0.09862293212598518,0.11310536537397807,0.8719562666182339
0.18973749864682943,0.7255741967358298,0.020552255740298286,0.06413604887704248,0.07049499188089792,0.10322115078308873,0.6829510361596113
0.08267476780827367,0.4436328007540788,0.46750686054567275,0.006185570891974703,0.10407093466919684,0.12176392933650214,0.8546942862002291
0.26425698565454997,0.558296126388776,0.13836500863762058,0.039081879319053436,0.0729369957197591,0.09517936131386345,0.7663110438327283
0.45507746475941085,0.3757803771965984,0.1584753116993513,0.010666846344639502,0.06131084172278071,0.07740983899287422,0.7920290562602066
0.14836572944925921,0.117031564737088,0.2350068525227188,0.49959585329093403,0.14632972265717598,0.16434820508655149,0.8903639840794955
0.1651825607686428,0.31663275077491615,0.3272147840326453,0.1909699044237957,0.11274414225927293,0.12444318196684852,0.9059889057586763
0.49731870667930217,0.0029587876838646126,0.3672585021586994,0.13246400347813383,0.09173506529088825,0.0978046727673632,0.9379415389394326
0.1669276812380099,0.11571099461508398,0.7138457384833139,0.003515585663592436,0.11921830115303166,0.13355264070182946,0.8926689919909503
0.11713991249802379,0.0036362199523553994,0.30189758780921916,0.5773262797404016,0.16334722776608857,0.1821554759334598,0.8967461830560518
0.0894695547643555,0.6333792357474525,0.003443951919919252,0.2737072575682727,0.10138398189925121,0.1311911291242584,0.772796015828363
0.33647411866379356,0.632405143029418,0.022803345764420047,0.008317392542368353,0.05608182275847181,0.08625360419319877,0.6501968617201731
0.2631320014428177,0.04130038554080307,0.3968304949247793,0.29873711809159986,0.12742566487374943,0.13556897966531767,0.9399323148136702
0.14491177197415092,0.6591486272024809,0.08853849380427004,0.1074011070190981,0.08379963481811681,0.11065558453719855,0.7573014517848061
0.45921446042194225,0.17542896333335092,0.3159737648025466,0.049382811442160335,0.07873694365058746,0.08759479968346094,0.8988769188937827
0.1670070798324405,0.24784040912775765,0.20819155258694552,0.3769609584528564,0.12730989481420496,0.14323250586580266,0.8888338163509063
0.12609141566635212,0.6468018196577124,0.09784062575607906,0.12926613891985628,0.08832727733675004,0.11431512734315624,0.772664820392539
0.45520992638871005,0.12946747012361848,0.21529335658459534,0.20002924690307622,0.09046677430473204,0.09902297552212759,0.9135937778855818
0.12240936572011836,0.04761180047004501,0.4991037062809642,0.3308751275288726,0.14682159479522466,0.1559454896893001,0.9414930504738961
0.5709839278412053,0.034450260096546094,0.3013125195439125,0.09325329251833617,0.07767873319883645,0.08455669699000985,0.9186585564951051
0.5214559783402788,0.2721985181349758,0.1704422898208114,0.035903213703934,0.062230002050162395,0.07464019279193382,0.8337331365640234
0.0837708277280501,0.5954821126228268,0.0600421214097797,0.26070493823934326,0.10450647029749449,0.13079497951092975,0.7990097990631323
0.48275447105005836,0.3941832769060667,0.05846395304920605,0.06459829899466897,0.05893717156074054,0.07691578512344979,0.7662558662847478
0.01167642574764368,0.30165758030503165,0.4071825899104275,0.2794834040368973,0.13832362843024867,0.15129905023351992,0.9142398991715774
0.1311844279642201,0.07002879128469532,0.7143772337184142,0.08440954703267034,0.13156419841350928,0.14287921631166894,0.9208071111373001
6.232619047679846e-05,0.003691484407126601,0.1318624102198731,0.8643837791825234,0.19291576780179406,0.23052192509764596,0.8368651603099252
0.32101703602979587,0.23689176062287165,0.3298711870193696,0.11222001632796301,0.09492744528269498,0.1041128328912812,0.9117746837397271
0.14298103308824536,0.24936501236932923,0.5204988373325781,0.08715511720984755,0.11582102056947417,0.1269864469159768,0.9120738738844275
0.04947713490738801,0.7929484049863128,0.12544436320348884,0.032130096902810316,0.08173860490827504,0.11542217214897957,0.7081707386581849
0.17988443265711526,0.3757021056552063,0.10251453877312021,0.34189892291455837,0.11365380144788646,0.13370265070333553,0.850048976965055
0.005207886636708615,0.08000832692504238,0.4775418456568789,0.4372419407813701,0.164784405622293,0.17750041507518366,0.9283606776496576
0.2597306148038724,0.39900933608048245,0.2500601804646325,0.09119986865101275,0.08887426662160865,0.10288739556270936,0.8638013056462317
0.05115527685081877,0.10163489015232562,0.7397862325440753,0.10742360045278045,0.14059020281984655,0.15242247190185435,0.9223718856257189
0.5201531692800347,0.15350021697694613,0.26166990414773433,0.06467670959528475,0.07333390611520402,0.0818147657689067,0.8963407207244515
0.13232211259762713,0.01569409221022556,0.8007436968910487,0.05124009830109844,0.13410460290054532,0.14754542627367323,0.9089038290607713
0.0497349018039078,0.742469139628053,0.08576949908975595,0.12202645947828318,0.09023825456916192,0.12100461696869194,0.7457422438063637
0.22873023722394034,0.26119940221231364,0.11889426168464044,0.39117609887910554,0.11892792192785795,0.13755262468179452,0.8645994375096675
0.2236237467295908,0.49483122494816123,0.11238249968375312,0.16916252863849499,0.08980054136122508,0.1093575187297132,0.821164766760803
0.06019775997681789,0.025744819458457958,0.1658657552758726,0.7481916652888515,0.17752428891077962,0.20813923545928725,0.8529112183920939
0.5883483731933082,0.10877927015324923,0.0932081302385718,0.20966422641487084,0.07529558119335356,0.08680707454893283,0.8673899170615376
0.22667511676139504,0.25483320013969213,0.22124090094637958,0.29725078215253314,0.11500811791746991,0.12818238734930892,0.8972224678891499
0.48829758744184126,0.09279010509118082,0.06384526644590992,0.35506704102106795,0.09685145727631957,0.11325678650396834,0.8551492609489326
0.40101068418928143,0.04710272233800598,0.14611616379504058,0.405770429677672,0.11438891475223655,0.1296499996232269,0.8822901279187021
0.2985045525400357,0.5227455218884562,0.12621924573608118,0.05253067983542682,0.0720013004104902,0.09275805982137077,0.7762268912172917
0.13435932119318847,0.31931161317609585,0.44121776762976034,0.10511129800095521,0.11224392409084556,0.12415727071775781,0.9040463231992718
0.19512964847284714,0.572001938398721,0.05940325564729332,0.17346515748113833,0.08754624850068908,0.1115051890210785,0.7851316092934445
0.16273730076318152,0.37556670716520585,0.19311821538411203,0.26857777668750055,0.11222770316194496,0.12823281268117262,0.8751870977124908
0.16722864304360371,0.453257941036149,0.1106819537353425,0.26883146218490467,0.10544121423068481,0.1254426594416165,0.8405530837757728
0.05269721922108587,0.8243882458839629,0.04800321984671134,0.07491131504823989,0.0809438675829538,0.11740957069473087,0.6894145605336619
0.040575769517656825,0.14194725032029332,0.06450824391152904,0.7529687362505209,0.1710178067496072,0.20654776883423168,0.8279818645093202
0.04223395671397755,0.30222717201793425,0.3289221923494621,0.32661667891862617,0.1366622458116795,0.1509977127953155,0.9050616945233575
0.16846141064079712,0.5079071951692323,0.17094987882596369,0.15268151536400673,0.09510151677135811,0.1139449703123221,0.8346267194654203
0.23210290439134432,0.08998504416526576,0.30440323574102646,0.3735088157023635,0.13130325968102216,0.14287507310546796,0.9190074715419135
0.18609059487491475,0.09826916635299844,0.08163772170214424,0.6340025170699426,0.14964681521151835,0.17789842068942743,0.8411924885649753
0.1534020046351207,0.3806794300722964,0.17454067981953808,0.291377885473045,0.11417227926530288,0.13125485428394332,0.8698518610086166
0.4406495253086494,0.19583343369926287,0.014340584027779284,0.34917645696430843,0.09450770986214997,0.11378302443122981,0.8305958673059373
0.018249774688599098,0.4763582617925246,0.12692249600131764,0.37846946751755867,0.1284423417229581,0.1523207714004956,0.8432358931878425
0.08590241245266195,0.24616539574646415,0.38909091620285907,0.2788412755980149,0.13308151850133756,0.14457196350383114,0.9205209314170442
0.10637317101623919,0.46468497649452295,0.3104803151309512,0.11846153735828664,0.10491976651624141,0.12095835805222606,0.8674040240438806
0.11098426682239508,0.07003194471203404,0.3502096641095529,0.46877412435601806,0.15340819595392685,0.1677841289160288,0.9143188747649862
0.1967619236569689,0.5899597845145254,0.04905427632145127,0.16422401550705445,0.08543536793878474,0.1103654520388971,0.7741133331169068
0.0042170665898410755,0.33119869846670336,0.1850820944558291,0.47950214048762635,0.1469309924903657,0.16943376986442504,0.8671883568897436
0.2010109729710756,0.2905826964147375,0.3955656201417768,0.11284071047241001,0.10626399332420167,0.11701022219925887,0.9081599139538659
0.27330159700225587,0.4492241008118966,0.12268640821475818,0.15478789397108944,0.0862722590233095,0.10380917860458501,0.8310658092375952
0.22073058575764856,0.37897852101932705,0.11255025248546192,0.2877406407375625,0.10537377420683766,0.1235171692520777,0.8531103395981134
0.058631863257299105,0.1962629806262964,0.4652059640325545,0.27989919208384995,0.1406717789306399,0.15123245693181786,0.930169236052687
0.3816150748844438,0.3292490775086928,0.27447612848488184,0.014659719121981551,0.07478310002042596,0.08795178548210061,0.8502738132092308
0.4469557159161148,0.08785633468993123,0.18213649781483177,0.28305145157912226,0.0990198227346667,0.10953663404861164,0.9039881825355557
0.11599921573360367,0.07031743877532268,0.01148074171057161,0.8022026037805021,0.16940483704163084,0.208766535064761,0.8114559021113232
0.037463235131254165,0.6790680268664867,0.06054545676809218,0.2229232812341669,0.10195050134532636,0.13101905892820756,0.7781348925822354
0.02722308744236298,0.8096016172579812,0.12618531821716397,0.03698997708249178,0.0835423681059789,0.11793013655624998,0.7084055911877207
0.05633167924366054,0.6640314331781529,0.06190950098692946,0.217727386591257,0.10044073637363475,0.12874037863483742,0.7801805264106569
0.6531298642835368,0.24095105809185063,0.013554325268187076,0.09236475235642559,0.050435270613613456,0.06670917676759296,0.7560469647125776
0.05940580957961345,0.1326635177412722,0.6730249371353413,0.13490573554377308,0.13840945011253714,0.14914182818672309,0.9280391141461053
0.381031071258324,0.27643117823279384,0.07803309794445386,0.26450465256442846,0.09157669910601582,0.1072921301950627,0.8535267119734187
0.6801271578067508,0.08596457712926055,0.16122965724137947,0.07267860782260926,0.05834023370591203,0.06816544643676335,0.8558622697503183
0.7342423709801479,0.03788346705320939,0.09131354385744071,0.13656061810920198,0.05834584531378412,0.06982794799438614,0.8355658012243874
0.06869192596901302,0.12252647457316573,0.4382688530655957,0.3705127463922255,0.1497935689777863,0.1611342796761747,0.929619502931472
0.32102759947742093,0.09393627970453808,0.05469724696401316,0.5303388738540279,0.12726845338427364,0.15140521783971128,0.8405816866827497
0.03294765051935541,0.3283611019409185,0.2592721134963892,0.3794191340433369,0.13841887397937716,0.15574974187135485,0.8887261854578705
0.37538973996490393,0.17284400545199152,0.22691582408270322,0.22485043050040135,0.09861433489342324,0.10813352403091081,0.911968196516314
0.6688484257728202,0.17217564565619578,0.017720732603718273,0.14125519596726585,0.05633841279540102,0.07115420204204066,0.7917791385266902
0.08314773989020176,0.010192908198934359,0.6292493072556927,0.27741004465517116,0.1522458633911176,0.16085985458021776,0.9464503358430892
0.033042863576490035,0.5150635907758715,0.3923782794980599,0.059515266149578645,0.10747510378046553,0.12600724898837196,0.8529279437755475
0.2765027677002074,0.5264377048702312,0.08585143250435542,0.11120809492520592,0.07750002855561483,0.09871401364782555,0.7850965196502471
0.12127693091569426,0.24291545543522242,0.10959536497637373,0.5262122486727098,0.14111137497977747,0.165489874569897,0.8526888750536642
0.053584416103225826,0.5400060208288582,0.35108584033128626,0.05532372273662978,0.10259973037710349,0.12202224385540268,0.8408280911362765
0.0945445651036436,0.24584166314625427,0.6073468408048495,0.052266930945252706,0.12065522003208863,0.13369366427620372,0.9024752271193766
0.6147428607986809,0.1009871801112504,0.17932293031799182,0.10494702877207693,0.06725180512587531,0.07591797889438893,0.8858482023004153
0.2548418153124842,0.15615759487732092,0.4621329866919463,0.1268676031182486,0.11072133657510382,0.1189448103258802,0.930863114344829
0.6560076253047066,0.1949692743511937,0.0701191176453936,0.07890398269870617,0.05306666589722797,0.06639550436159489,0.7992508891599488
0.2763663168454291,0.19730273790008535,0.21928432053417315,0.3070466247203123,0.11364049101410299,0.12589384021377245,0.9026691919250155
0.14517403086501895,0.7868520327657202,0.06269667741164506,0.00527725895761584,0.06844307631417072,0.10450368717109958,0.6549345594104417
0.007781412319180992,0.11932685371650831,0.8290419034734063,0.04384983049090425,0.141634759625731,0.15713549461242438,0.9013543373829953
0.3512939030139373,0.0699776879809439,0.5151517625597662,0.0635766464453527,0.10191240989198029,0.11042239311875089,0.9229324506885233
0.03730663425046438,0.43508443536505387,0.06705999929053161,0.46054893109395006,0.1333708292729328,0.1606826893970662,0.8300261202584025
0.3702466908836084,0.005464874249631166,0.344407888369176,0.27988054649758437,0.11542476757003962,0.12295920938417894,0.9387240544903116
0.36211585078719083,0.2972974513584189,0.0649863291681329,0.2756003686862574,0.09292116172330457,0.10982702306531603,0.846068291116684
0.5429108955907458,0.308206494167998,0.015277510513666836,0.13360509972758927,0.06144531902614266,0.07821521146528272,0.7855929540434256
0.12547375221030252,0.7992480545029826,0.0006264724761915909,0.07465172081052332,0.07348115389294825,0.11036587708169524,0.6657959492185787
0.47228133953774637,0.23769058198682477,0.02621323575975184,0.26381484271567684,0.08277892143693082,0.09952533708661084,0.8317371622152193
0.19509259497594747,0.30747278427119507,0.48534292187891,0.012091698873947608,0.10064472485512861,0.11435081741682912,0.8801399686393202
0.15369616173820086,0.28347776804382263,0.17243003980317229,0.39039603041480436,0.1268610790512683,0.14476483288572126,0.8763252547074997
0.39866891526996173,0.42907788723465556,0.07869716619408823,0.09355603130129454,0.06852461160119727,0.08647160826121396,0.7924521467693502
0.8501528646731638,0.005815963917699339,0.06966347065392302,0.07436770075521384,0.04273323551683345,0.058112205200712246,0.7353573207080721
0.2945755042677604,0.5693828749429679,0.1092199325212843,0.026821688267987257,0.06749563886315306,0.09123479715091806,0.7398014899019686
0.5169375868695376,0.10849023642359126,0.3147827169155299,0.05978945979134125,0.07710836778263988,0.08495644669914906,0.907622326245575
0.21989163102819406,0.22478979025921264,0.2736418953035437,0.28167668340904956,0.11751473891605024,0.12898462155420157,0.9110755801742498
0.15122726493025082,0.7742887047073617,0.04597676512023514,0.028507265242152455,0.0698227224445861,0.10499740489984533,0.66499474450048
0.6343082493968079,0.06835313023304106,0.14584973188575678,0.15148888848439432,0.06964612158399142,0.07883175319418421,0.8834780245522883
0.019235353339073145,0.3119540876304985,0.07124967309691169,0.5975608859335166,0.15242112135215644,0.18277722883863876,0.833917454163387
0.1877033681687277,0.4743549486182105,0.19936465635494457,0.13857702685811726,0.09457901759151442,0.11168766613308775,0.8468170288276365
0.4240793782330713,0.17809016901136399,0.3321666462887678,0.06566380646679693,0.08390565763213145,0.09243981422386865,0.9076787782040607
0.21727938137597777,0.366321110366475,0.30849084715998903,0.10790866109755816,0.0978434246466828,0.11054356511889209,0.8851118972094848
0.041200292283761784,0.33290056959338904,0.5944707996723084,0.03142833845054088,0.1195833333581669,0.1350297528090974,0.8856072892855816
0.090983644228875,0.1804471349269966,0.5238175781064497,0.20475164273767876,0.13397393759297047,0.14351038319169182,0.933548741306173
0.35386783798673266,0.060679791199207286,0.07685648183451839,0.5085958889795417,0.12457259221476526,0.14658849132995322,0.8498115444436031
0.3598128946316035,0.07207826756852267,0.5594117461268446,0.008697091673029301,0.09789291687606122,0.1088501589521716,0.8993364623296053
0.38581839293190917,0.3316081550975743,0.21200417438668315,0.07056927758383323,0.0768434203902375,0.08929841549159963,0.8605238958295539
0.3722333462788799,0.27652383922761276,0.14126859828216343,0.20997421621134404,0.08998646865610381,0.10278184466282803,0.875509375720012
0.26553566616052854,0.644310983724026,0.07346794948823368,0.016685400627211914,0.06476975473256982,0.09319118090008852,0.6950202165804759
0.23440416532063235,0.05296402377345095,0.29233491786262,0.42029689304329676,0.13630518125860658,0.1492241667655438,0.9134256482246934
0.3269563717915514,0.10559851885670607,0.009694902953727743,0.5577502063980149,0.1269353004784626,0.15428118033424376,0.8227529774108712
0.29351163359754034,0.1279278713486962,0.44756428757067335,0.13099620748309024,0.10815906829857859,0.1157631883332787,0.9343131426822137
0.09995915887709741,0.48591153223313094,0.06268016265534543,0.35144914623442625,0.11570484407904819,0.14051858738268658,0.8234130888601879
0.2407463874930225,0.30705289711542155,0.36825562692792335,0.08394508846363265,0.098335992279855,0.10956527985518429,0.897510528972578
0.2803581622035814,0.2436490367255351,0.04377422383166543,0.4322185772392182,0.11567244483745255,0.13790222174571382,0.8388004440620828
0.3525440868134127,0.5357448117833076,0.10648961503865498,0.005221486364624643,0.06157075808982296,0.08475947579831984,0.7264174006494204
0.3823233115082361,0.42189170139808996,0.06316937459514094,0.13261561249853288,0.07317741401700874,0.09121931415664154,0.8022140343145827
0.0333451751461027,0.11972378309387285,0.36812956788588935,0.478801473874135,0.16002729827720358,0.1754494030658701,0.9120994171585953
0.05245046753310795,0.4509780549324171,0.14905680476727978,0.34751467276719517,0.12447892846446236,0.14600213277833485,0.8525829458494986
0.189448837191766,0.05148085176531107,0.6736319823670522,0.08543832867587067,0.12552509945763907,0.13582441673612408,0.924171827672971
0.25034650363490063,0.00579284028140636,0.09731710976731289,0.6465435463163802,0.14931870462076943,0.17679928765060393,0.8445662118043006
0.08511978974222388,0.30432059101988923,0.3047298556770322,0.30582976356085456,0.1298802682299625,0.1437899912904034,0.9032636212325214
0.3593222431807461,0.060080444410963336,0.22443566984123112,0.3561616425670596,0.11628975496197895,0.1280025674886389,0.9084954875791883
0.32291498450249884,0.2255091893511109,0.24297984939469067,0.20859597675169964,0.10041011570417127,0.11048061736226547,0.9088482495977275
0.11375566239875903,0.21807750418283142,0.3179695887828156,0.350197244635594,0.1352754257853145,0.14833178497342214,0.9119786821789608
0.2075697472580562,0.08141402172976415,0.5838086673288592,0.12720756368332037,0.12286318930223757,0.13139770087028238,0.935048242765905
0.1061666997130196,0.11691900890728135,0.4111922365622815,0.36572205481741765,0.14513091106559584,0.15625373342061116,0.9288156377993582
0.1184048609097383,0.2934700243846497,0.10995030214104165,0.47817481256457034,0.13503850675919057,0.15828634740100725,0.8531279480287715
0.4853898499711201,0.04818238988047327,0.16460510784489552,0.3018226523035113,0.09813586092849212,0.10927448869109284,0.8980674456039925
0.19527081519861839,0.4624829378134939,0.13147210331047934,0.21077414367740835,0.09815486618297051,0.11673564659543328,0.8408302780310324
0.09462105618866659,0.17939760576330496,0.6613654229730022,0.0646159150750263,0.12657824998816025,0.13897893746056017,0.9107729005633028
0.11219651657782684,0.2186596312791022,0.6469059466715623,0.022237905471508487,0.11903357761612973,0.13301813823438985,0.8948672654430174
0.0026459600386015973,0.6394279964763648,0.22461039342159025,0.13331565006344318,0.10516756798004474,0.12876400581646227,0.8167466312748033
0.20308062634889595,0.1390528510100713,0.0716677700711636,0.5861987525698691,0.14178522812233127,0.16851266539510465,0.8413921160756275
0.40131278344222127,0.14147370212822963,0.35866775620773533,0.09854575822181383,0.09143872989334356,0.09898140172383701,0.9237970800662343
0.03223576421296352,0.5715271448082142,0.02896713684344076,0.3672699541353816,0.11845067677442671,0.14773378082194993,0.8017846433997686
0.14243110094664374,0.05369993731437089,0.10476670653532719,0.6991022552036581,0.16214307465196953,0.19243437879100003,0.8425889161316159
0.22857340402855725,0.4346509991437152,0.05466847473460062,0.2821071220931269,0.09961873364944668,0.12082618269704225,0.8244796899628054
0.17727548548803634,0.03134325477693457,0.10766886254887889,0.6837123971861502,0.15863234636370802,0.18782696098410806,0.8445664324895819
0.1790233814145894,0.37811922529058234,0.05574369582111076,0.3871136974737176,0.1158331072665427,0.13890715301242437,0.833888714544327
0.2196402193774519,0.5186545993299316,0.10325442712958478,0.1584507541630318,0.08787694124268834,0.10845373604597623,0.8102712220576258
0.5128860535766199,0.31864588160964313,0.13324784483170143,0.03522021998203578,0.05959415350536979,0.07392905802530512,0.8060991861274812
0.0248548560722512,0.7552332065497245,0.11182430972980464,0.10808762764821958,0.09175459356904035,0.1226010677340488,0.7483996286890269
0.10721114490956198,0.7191953273078068,0.05069655759015615,0.12289697019247507,0.08467177348675616,0.11528935900945261,0.7344283480647498
0.23329971662735483,0.35770092562691647,0.05038049443641436,0.3586188633093145,0.1089859059537563,0.13060761469652177,0.834452923797702
0.3525632999721064,0.14600737560310012,0.4980029251309758,0.0034263992938175585,0.09265750092006902,0.10373387095542357,0.8932232072963491
0.49586326194746083,0.16386552860828552,0.3371561337827291,0.0031150756615245835,0.07258428744124348,0.08287530452668125,0.8758252878319785
0.20006817842631494,0.5299711822542096,0.20564638250399975,0.06431425681547565,0.08480915506501606,0.10432121014756934,0.8129617643914198
0.3989333492671828,0.27601360052219515,0.3102806876487308,0.014772362561891114,0.07679619468158516,0.08854271535465745,0.8673349848598877
0.1785254161823119,0.09636620577505772,0.21251896285650526,0.512589415186125,0.14471187019360107,0.16345471122483235,0.8853331244429508
0.4942732278339773,0.18349018299256337,0.05220161720983947,0.27003497196362,0.0845670143403589,0.09963957460263675,0.8487291789192466
0.07429072811260229,0.5891683036490726,0.17003653562818238,0.16650443261014283,0.10153396268394306,0.12378718728741059,0.820229984289087
0.04303896461840899,0.40559584988169495,0.3746552223298537,0.1767099631700422,0.12079276476757334,0.1351315983754602,0.8938898541846094
0.08845777863645499,0.4271347904384535,0.21971941406004097,0.26468801686505067,0.11756410638543713,0.13477743038029155,0.8722833344849739
0.33513798030949293,0.00043768226031081576,0.466578000990096,0.19784633644010036,0.11628936480094608,0.1225964695979035,0.9485539443538326
0.031055193740613034,0.20973554302267575,0.6444623362161059,0.11474692702060538,0.13492132772293652,0.14683610070009312,0.9188566509165751
0.051597596136607,0.051915090027575314,0.022028516118526284,0.8744587977172914,0.18286204518589966,0.22550042319606173,0.8109166386216045
0.20623517665380073,0.4192577667231056,0.21451024782596217,0.15999680879713157,0.09764864613701404,0.11277638704107867,0.8658607417654338
0.16110861880967794,0.14805829250419866,0.2533344736965587,0.43749861498956466,0.1390861469038842,0.15467193633937956,0.8992332429245783
0.06849154200913331,0.29397770295637976,0.11770914420364276,0.5198216108308443,0.14356896384384454,0.16850735037221384,0.8520041619948139
0.16156167065470564,0.17596945137049458,0.3650351726558849,0.2974337053189149,0.12979111197119444,0.1401740047221636,0.9259285430879363
0.49797703034267377,0.05864271583042386,0.40491082042971915,0.038469433397183214,0.08249504045887766,0.09074281797951017,0.9091082059795095
0.2692705638949528,0.3524621550678266,0.31315121526292305,0.06511606577429761,0.09005365757694489,0.10266729471413177,0.8771406495875004
0.10308165566759804,0.1303272176285501,0.39177374359672584,0.374817383107126,0.14491407650828453,0.15661744953193507,0.9252741437264679
0.26094468365236206,0.2663915086762522,0.10791770727653105,0.36474610039485467,0.11300317545083549,0.13099840887628925,0.8626301374206164
0.3796026010375565,0.41730693065474705,0.16029860214151614,0.04279186616618039,0.06940670072104693,0.085776935842633,0.8091534168156924
0.01814809072470079,0.023664007408498056,0.7945050986134916,0.16368280325330958,0.15393176777577453,0.16509276991975155,0.9323955728079298
0.20954575307490028,0.25256724232660205,0.13157972553812608,0.4063072790603714,0.12286903666715335,0.141600337008378,0.8677171203334325
0.07337710532687351,0.32329536863757846,0.5577670586307466,0.04556046740480143,0.11687537018674024,0.1311449315692385,0.8911924295376631
0.37520220667151777,0.2215697027228419,0.2691593023325747,0.1340687882730656,0.09020157632852861,0.09918316280661582,0.9094444437550432
0.3641038680138486,0.3038715688638403,0.17290202028069454,0.1591225428416166,0.08631289879117329,0.09844536087964251,0.8767594330493426
0.1858069094570468,0.37095583074988886,0.3824392802287162,0.06079797956434821,0.09920853428881023,0.11265765230532881,0.8806195785079179
0.1592598395605825,0.2946863338348858,0.5407582010187552,0.0052956255857765965,0.10598609542962224,0.12035069668008885,0.8806438047579401
0.19104601167727128,0.6861030843639057,0.0959223550406302,0.02692854891819288,0.07162219917875193,0.10096027938730114,0.7094096768888362
0.43171858858678824,0.1543963358812985,0.3035390207312448,0.11034605480066857,0.0870421793532471,0.09469606429465012,0.919174202239412
0.13964157958662857,0.5368459867422914,0.07288651561234076,0.25062591805873924,0.10143021161729195,0.12488285982029336,0.8122028256179445
0.1882224470012261,0.3260335662321736,0.3141571486638596,0.17158683810274075,0.10802773849640376,0.1197784562833405,0.9018962328322219
0.9241554155482843,0.014288049957063105,0.02732354721650907,0.03423298727814343,0.03042840134606515,0.05216682833134686,0.583290230964278
0.3266814478939084,0.04933341283866912,0.27608455864930037,0.3479005806181221,0.1209797677776045,0.13148990422751905,0.9200688713581485
0.2603959305138342,0.15227676722021316,0.23813373905520469,0.3491935632107478,0.12142606581612188,0.13396680231174043,0.9063892227088
0.4277188887089593,0.030707976479754935,0.3716786273609032,0.16989450745038256,0.10043463172197402,0.10657421790588145,0.9423914497845111
0.05077513861644338,0.2724495981926073,0.30730107885101704,0.3694741843399321,0.14007697334145036,0.1551466232482112,0.902868334538924
0.1547952997475099,0.5327198122782398,0.14254203224784698,0.16994285572640316,0.09575616883688468,0.1161846511177533,0.8241722802079569
0.04246298117659731,0.18061096465840348,0.5571402681507112,0.21978578601428808,0.14102022457508448,0.15106195351522045,0.9335257574361754
0.30330815637598796,0.14438487658986102,0.26616962910009506,0.2861373379340558,0.11332601644063546,0.12339935633931153,0.9183679704861881
0.02711406205513912,0.8319925523514261,0.0915500748873861,0.04934331070604869,0.08238293328002026,0.11849433201673344,0.6952478812943254
0.14834913255189294,0.07703640600133899,0.5978423306822618,0.17677213076450626,0.1333903068263721,0.14184641728644082,0.9403854491228165
0.0021118190153809266,0.33188989088119863,0.6658764022411018,0.0001218878623185074,0.1231803666506205,0.1408030922875216,0.8748413450969152
0.23537268010119114,0.5486357450032118,0.06837572948742053,0.14761584540817652,0.08289148425699704,0.10548038589219903,0.7858473739536006
0.12521672886077412,0.5157047593024966,0.04993528106096194,0.30914323077576716,0.10792260604268797,0.1327621912002749,0.8129016632445013
0.6245696012101908,0.17200889883689988,0.173073531387496,0.030347968565413292,0.05656263836399387,0.06774432610116189,0.8349428154253018
0.03118485887333245,0.011832273285566226,0.7182960622425347,0.23868680559856667,0.15693372676354983,0.16643633041318917,0.9429054724647647
0.08440046037208405,0.08478993109376642,0.2071171146450797,0.6236924938890697,0.1634293703585812,0.1873620579916691,0.872265025856238
0.2945814355615479,0.1264736466516287,0.44138421915448556,0.1375606986323379,0.10846455657648539,0.11597794445400397,0.935217097415463
0.7019830790149113,0.10928248252823626,0.03138917889716809,0.15734525955968423,0.05786686410378682,0.07177450166171197,0.8062314995445777
0.3795078116326309,0.24326440992133158,0.1800890885884672,0.19713868985757038,0.09105976618692999,0.10212760083058671,0.891627390111548
0.20572886653693825,0.3892954835711185,0.010978818986005187,0.393996830905938,0.11181145020980544,0.13692495718774475,0.8165892654360672
0.15668409995529406,0.06236806760806855,0.0700602261460828,0.7108876062905546,0.16018600191169402,0.1923902393745849,0.8326098165500535
0.39546214582052164,0.014960209304997911,0.1414433847976756,0.44813426007680485,0.1197998173027726,0.13669468361976914,0.8764043643131623
0.4424205314520058,0.08975087929757902,0.41034580311962476,0.05748278613079044,0.08817939987397244,0.0960624011381031,0.9179387442877078
0.7624665944790011,0.00294185195087459,0.17379304210004778,0.06079851147007658,0.053683920135163724,0.06439593451978576,0.8336538717156011
0.3378955670057138,0.008279031852690123,0.16408340762180387,0.4897419935197922,0.1298983534170316,0.14787293608875077,0.8784457579111628
0.010524317426050565,0.8516758093335286,0.12672034174430652,0.011079531496114433,0.08105175056273688,0.11836526746846938,0.6847595776719532
0.09546386460843273,0.47180068655132973,0.0289859089482374,0.4037495398920003,0.12003311967139742,0.14729352273327065,0.814924631063117
0.20138119847998445,0.03186680032949864,0.38515573703558326,0.38159626415493364,0.1403509133789888,0.1507749442105604,0.9308636399359949
0.10925728834318005,0.34005506441101213,0.37001920405374944,0.18066844319205844,0.11762556952210856,0.12992790526833756,0.905314137707206
0.045417429694384795,0.36986239462117343,0.29051269552931397,0.2942074801551278,0.1292171165777925,0.1447714658753799,0.8925592885066408
0.07615526484812501,0.0007134164906044537,0.4330028645832545,0.49012845407801603,0.1645491649543962,0.1781549093901132,0.9236296968616008
0.40049988063852393,0.2226945278085644,0.22100254908753716,0.15580304246537444,0.08790960541557545,0.09743858752281748,0.9022052520516002
0.03748024962802335,0.8688306660301592,0.07571525347654212,0.01797383086527517,0.07651980580920796,0.11592321910453489,0.6600904150203548
0.1525467040296728,0.23414611614548494,0.27920775449325896,0.3340994253315834,0.12814221045108293,0.14134743225331423,0.9065761465085145
0.1657623051053338,0.3684163261561,0.11808419645699737,0.3477371722815689,0.11636445285789707,0.1360402281978368,0.8553679628401815
0.09037542674766094,0.4123493221151272,0.07686796827971604,0.42040728285749585,0.1262836128964687,0.1510145205746905,0.8362349025503801
0.12125643170803992,0.18675512333247604,0.1711016614691463,0.5208867834903378,0.14534059318587364,0.1668334573641256,0.8711717390634524
0.3692804119353814,0.003921892226362728,0.5900672223880982,0.036730473450157494,0.10351631874279925,0.11346039606285954,0.912356402188557
0.574629497582792,0.21246386511515505,0.04005850218301327,0.1728481351190398,0.06694346286097665,0.08108365977321454,0.8256097843660849
0.07402925053445081,0.15658398549648803,0.003053615419326556,0.7663331485497344,0.16616613601828906,0.20491570716155694,0.8108999467145901
0.15837320790098672,0.2292325888151021,0.1575695229044557,0.4548246803794554,0.13381410988663633,0.15348230050079187,0.8718536889922753
0.08121523746530594,0.07407242990890434,0.17858203670186554,0.6661302959239241,0.1668227395329941,0.19343906237901412,0.8624046119812686
0.29263880454012065,0.021193166881167513,0.2083853231180473,0.47778270546066465,0.13415063733232416,0.1505825699970072,0.8908775918420729
0.4807692554253366,0.05934770803726946,0.34454407608724813,0.11533896045014594,0.08851912817423199,0.09501494508678107,0.9316337350233042
0.10874627811790985,0.12075031396608515,0.34757155960864755,0.42293184830735736,0.14734955114275278,0.1608045718603579,0.9163268770163486
0.05729196186816664,0.21760659122760245,0.25564983045299616,0.4694516164512346,0.14861609848149185,0.16683668340339525,0.8907878977799639
0.05921671243513959,0.4107812409321045,0.20723408576113636,0.3227679608716197,0.1255777261524445,0.14405852794829585,0.8717132400347426
0.14416671083419186,0.1692288260142878,0.16133333066394723,0.5252711324875731,0.14398357813479068,0.16560706937682726,0.8694289360749822
0.3299855168408767,0.10064099479102318,0.08601490213090363,0.4833585862371965,0.123218532539264,0.1441465463746757,0.8548143236049919
0.23630970091617487,0.2817286736074628,0.024190000665744893,0.4577716248106175,0.11963002623283113,0.14439940346526212,0.8284662080450373
0.5934809879405182,0.1659543727746175,0.12894868236465462,0.11161595692020966,0.06515191959177372,0.07551632058296003,0.8627528339413693
0.11272925061109526,0.7905536798348768,0.09522095427329222,0.0014961152807358073,0.07217570879780427,0.10753165610160882,0.6712042891779142
0.388681416697894,0.0032516093465200756,0.3107297173466372,0.29733725660894855,0.11407814991199958,0.12228076674674829,0.9329198118970182
0.3566198406913408,0.0236173430991197,0.08683260167884504,0.5329302145306946,0.12839654398873088,0.15090333558858532,0.8508529217590276
0.13121200187034854,0.05098758116649203,0.696837164794641,0.12096325216851858,0.13491159587196128,0.14501180973107902,0.9303490255183468
0.019952349163115248,0.3419665708646587,0.5039570043358108,0.13412407563641526,0.1267550727214431,0.1398649459964934,0.9062676270909297
0.1677734798471278,0.2883721667281278,0.3001761202312665,0.24367823319347784,0.11730358594129706,0.1292283703916792,0.9077231693455606
0.021617663125443026,0.06382812853286177,0.5877510361743593,0.326803172167336,0.1584236121194303,0.16824527682907006,0.9416229394682017
0.1952457984939188,0.5158498633391577,0.13605971015818297,0.15284462800874044,0.09099228852909495,0.11073080172341637,0.8217432468011536
0.1501845191387423,0.390866185454847,0.4018808925746017,0.057068402831808904,0.10206013781716618,0.11631414694450985,0.8774524896430367
0.2506206480978524,0.06508969545688462,0.5532415386573182,0.13104811778794473,0.11876454600012565,0.126630746391437,0.9378808021316117
0.2286505889585569,0.28907065792896747,0.03293606912665759,0.44934268398581806,0.11961690500036112,0.1438593828282034,0.8314849031655266
0.5118993904221217,0.10178941955354111,0.21368371903181235,0.17262747099252498,0.08394129923046716,0.09187449933720913,0.9136517731908985
0.15777076294867354,0.2449148548999188,0.4538041184366094,0.14351026371479816,0.11707212561041883,0.1270683986636851,0.9213315571897334
0.11294346108563862,0.637811658507157,0.028933257913943505,0.22031162249326097,0.0953079985029575,0.12347355630975236,0.7718899605018483
0.19194735138151087,0.3597936867612985,0.40208640985236205,0.046172552004828595,0.09857197697974114,0.1120575208752061,0.8796551646856149
0.4084883060261689,0.33162501081331114,0.023895548761411332,0.23599113439910874,0.08216607607148861,0.10028686897444516,0.8193104133346306
0.10317745372446177,0.22090157179258685,0.18956684105753885,0.4863541334254125,0.14323251194368364,0.16341547919675933,0.8764929286241329
0.07290157932258669,0.1254776025209603,0.0707816046848528,0.7308392134716003,0.16702654715996695,0.20095647335533323,0.8311578341874509
0.0021791142082585833,0.11993043070645443,0.7936516243389202,0.08423883074636668,0.14433422223372835,0.15801533824338648,0.9134190632267262
0.2964766220553387,0.6030780833037808,0.07635637470739591,0.02408891993348463,0.06441623846517774,0.09065648591360868,0.7105530047410326
0.07653421191639244,0.25356993403764394,0.23261596177219696,0.4372798922737666,0.1416289523415458,0.15965625997514307,0.8870867472631268
0.1413942866276371,0.6810292041240753,0.06625184904547841,0.11132466020280929,0.08270263941862163,0.11114247133731135,0.744113734592275
0.12863779096245534,0.25113094248912404,0.044413623696257225,0.5758176428521633,0.14197749391835904,0.1709196007431273,0.8306682984342741
0.4197703956589795,0.26047211187456154,0.22762563890399398,0.092131853562465,0.079198672292491,0.08944997099961309,0.8853962880863714
0.10295440734994174,0.5698500454798908,0.15069188370756534,0.1765036634626021,0.09985310657924641,0.12170497194375114,0.8204521556062303
0.801444744079558,0.1116691440522643,0.041088637451556984,0.04579747441662064,0.039168525466307336,0.055884225562392864,0.7008869689457715
0.1629248602792355,0.1973570643691276,0.06537440354213656,0.5743436718095004,0.1417483866046442,0.16897024331406288,0.8388955583213444
0.38202252368652534,0.20457832371734458,0.33021173938413717,0.08318741321199277,0.08813017668396377,0.0968590159585105,0.9098809833223401
0.3724967699953574,0.11872785979602028,0.18515933637962784,0.32361603382899456,0.10825799280837166,0.12032665128246331,0.8997008697120572
0.08480134096976681,0.008387377885251408,0.1302470549410331,0.7765642262039487,0.17713304675330765,0.21017238338085487,0.8427988677861811
0.09143083051446785,0.3371019738405249,0.474474817598772,0.09699237804623517,0.11599545302818895,0.12880107326259385,0.9005783111116056
0.2953898389814288,0.5862833909379084,0.017106886423908396,0.10121988365675451,0.06975764384021933,0.0957094232349266,0.7288482312655202
0.018259054361048386,0.5367301373836284,0.3758103649510154,0.06920044330430777,0.10814793410758883,0.12732292365199346,0.8493987650109666
0.32268630516549823,0.17371149249299853,0.10715431316238104,0.3964478891791221,0.11397625538800145,0.1314872584771048,0.866823574451874
0.13408112119003002,0.23596994945219327,0.12515806750407313,0.5047908618537036,0.13893140138180582,0.16175811578152968,0.85888365298126
0.16774680591247187,0.24207310430954046,0.39777063593041234,0.1924094538475753,0.11844753957899419,0.12832143764487003,0.9230534020885748
0.08761370884196815,0.7293258266063916,0.10651734250630449,0.07654312204533566,0.08409130782429959,0.11414045650224089,0.7367353382071733
0.15985596273895175,0.27286635115794367,0.18459049409196895,0.38268719201113566,0.12652377635185758,0.14364921099816408,0.8807829536458409
0.6118118990477186,0.14518775981870866,0.18907727495853627,0.05392306617503653,0.061545585647051725,0.07131097925501491,0.8630590449046955
0.40674102716193267,0.017016352390664655,0.45279512924614085,0.12344749120126187,0.10193473283775868,0.1084025974793936,0.9403347817116245
0.2539514968872981,0.04161822661966173,0.057080905106069474,0.6473493713869708,0.14602431584442688,0.1752973656041155,0.833009186083277
0.40659246092505813,0.06040981932455982,0.0596752557010198,0.4733224640493623,0.11597631773624578,0.13705681479188647,0.8461915440859302
0.044990532267480274,0.4946070725840909,0.06515133375860832,0.39525106138982036,0.12434521806799129,0.15093980574464602,0.8238066655415841
0.09834966048283815,0.5053158505773778,0.05397574898474944,0.34235873995503463,0.11390721308879256,0.13931094160662538,0.8176472843779511
0.6246494498380873,0.15302445330049733,0.07104224924363767,0.15128384761777786,0.06411780763789779,0.07626127426932296,0.8407649656031249
0.13861727723007042,0.7423715950490782,0.03643586042572261,0.08257526729512854,0.07671878972092099,0.10933050047105489,0.7017144290968667
0.1568695312448853,0.614366674461762,0.1157585835992351,0.11300521069411776,0.08610788751592986,0.11028210044464175,0.7807965859260487
0.4904279905280832,0.0403043164025304,0.3848950283096609,0.08437266475972555,0.08723864915713303,0.09409332962277794,0.9271501976481705
0.016848672961965096,0.18250870918964704,0.5753159212297143,0.2253266966186734,0.14447531061070643,0.15482368799726456,0.9331602449184586
0.04016369356018812,0.2562601975709042,0.48100519185140544,0.2225709170175024,0.13540644988237835,0.14651141565468034,0.9242040920655916
0.6758648309241632,0.14910450855076948,0.11502881216440908,0.060001848360658284,0.05320930371383015,0.06501464222510012,0.8184203110678305
0.18255874723097926,0.15863652667731606,0.5820708117969107,0.07673391429479404,0.11741313644052712,0.12780067849539684,0.9187207597239488
0.37448965044833105,0.13535457006263357,0.20858056295892602,0.2815752165301094,0.10456674066321175,0.11513990421721434,0.9081711625010904
0.20922830877711915,0.09093888326922611,0.0010443245924556933,0.698788483361199,0.15046463336549637,0.1850433418740118,0.8131318416630271
0.08390132446004325,0.05597115478748391,0.4448671147469705,0.41526040600550246,0.1553781557374708,0.1670214365096241,0.9302887041599455
0.02578606080117664,0.49481091128194044,0.2085775671938834,0.27082546072299946,0.12060421222944177,0.1404498329095964,0.8586995778561823
0.10979992341008783,0.07211260508011962,0.6882931313037334,0.129794340206059,0.13644671856058194,0.1465545214541453,0.931030426128982
0.07488154726309362,0.511799516094691,0.00610212458636325,0.40721681205585214,0.11968227817101516,0.14908442812624237,0.8027818845685887
0.09585237209427405,0.15467727420731245,0.40552004163809147,0.3439503120603219,0.14236252529417545,0.1535477017740881,0.9271550381368182
0.4395213393404715,0.4640572951748661,0.06309524793214816,0.03332611755251427,0.057403948149375134,0.07832466542851355,0.7328974574652652
0.1045047200422932,0.48552402474386613,0.18903170961910976,0.22093954559473086,0.10861944169472913,0.1272813806520657,0.853380448407057
0.2654205665897665,0.293300001818263,0.13957764118955687,0.3017017904024136,0.10711641571799001,0.12276850221816915,0.8725073107728872
0.2709357026513293,0.10222662106087281,0.13353719904714131,0.4933004772406566,0.13126525283249021,0.15117615701687076,0.8682933567218635
0.04984547648480636,0.7307018004141893,0.17160560742290465,0.04784711567809965,0.08745629980774501,0.11674117687842804,0.7491469774955265
0.7335923969844004,0.2342810257173916,0.0012130261778248734,0.030913551120383333,0.03743618389065582,0.0570831644145134,0.6558183008007464
0.4498615419278969,0.02582300093480994,0.1975818808311647,0.3267335763061284,0.10578883828989503,0.11676677996329961,0.905984033499468
0.4333098513619408,0.09087211980078792,0.19959325776018433,0.27622477107708704,0.10021118829273903,0.1102192633479924,0.909198494426014
0.06883578200726832,0.3475701376895469,0.280448008433581,0.3031460718696037,0.12840304091737154,0.14361167358336768,0.8940989107186512
0.09973159347551792,0.43741621144576875,0.08394766736610919,0.3789045277126042,0.12098682231815139,0.1446639293433893,0.8363302646851553
0.6131225576916567,0.043426219852342365,0.2922721406480481,0.05117908180795286,0.06937892400229488,0.07744727157625453,0.8958214097185392
0.23432849968280592,0.14920214618980265,0.5370705080553219,0.07939884607206968,0.11157106564965451,0.12107036601144275,0.9215390134288483
0.5254794875584362,0.05368254791772052,0.2660487260932444,0.15478923843059897,0.08513252470551562,0.09191578568738283,0.9262013490812346
0.03536301484922063,0.1481133004797607,0.7309192642458183,0.08560442042520044,0.1378339650524805,0.15062447023731054,0.9150834843456812
0.3525220228181908,0.049207620194755185,0.1859521192475377,0.41231823773951626,0.12085143930503059,0.13535806361726171,0.8928277789696368
0.7059536127104564,0.039667791550280926,0.20997470078738323,0.04440389495187945,0.05727280177121217,0.06708740372844454,0.8537042512934353
0.0064619226415638855,0.13880108998734506,0.7600283539773119,0.09470863339377923,0.14279129452729805,0.15585775885141426,0.9161641716112894
0.11205453928643347,0.3879345381425113,0.32880729224366173,0.17120363032739358,0.11295832835773244,0.12660041886459292,0.8922429275573602
0.009007716585149393,0.24914857120439265,0.4309195063550982,0.3109242058553596,0.14444332144034713,0.15684945000497433,0.9209042265418607
0.2492757802411159,0.25884531866581584,0.17271821617620906,0.31916068491685934,0.11284455732123265,0.1275821278723863,0.8844856188172777
0.16805590104904827,0.05093374122743412,0.6781271983162703,0.10288315940724739,0.12922219153579137,0.1392602498748989,0.9279187108444442
0.05275808915405017,0.6455264460895853,0.13628988159686906,0.1654255831594954,0.09977061188078143,0.12500909738966973,0.7981068095370961
0.07664435905430843,0.2796081224569132,0.5088284355691021,0.13491908291967622,0.12441353767237064,0.13585387861222756,0.9157893682777252
0.02513040793165975,0.03734550068985122,0.8662013633026037,0.07132272807588534,0.14731154331749038,0.16183263047337007,0.9102709563985666
0.3198598420927156,0.03192854950284192,0.5804066056257922,0.06780500277865033,0.10925418670665213,0.11822985445484627,0.924082899453944
0.4082943879730321,0.03969465330806713,0.2617710785822725,0.29023988013662827,0.10825815130569187,0.1171361343239988,0.9242079903904766
0.45274415965599335,0.23376113866705833,0.08589762797590407,0.22759707370104432,0.08382222183640843,0.09749957501760301,0.8597188430952114
0.006666190731852745,0.5446974221577708,0.1362522636824572,0.31238412342791905,0.1211768076036334,0.14510154214973384,0.8351172965383654
0.09568510237669697,0.36509586789512594,0.19337727113236833,0.3458417585958088,0.12564535518920977,0.14370602055972498,0.8743221383476477
0.26702220430207874,0.18094763766666827,0.2652559797982961,0.2867741782329569,0.11515001133904416,0.12591729388040068,0.9144892475883134
0.16470098833020946,0.2970717597561986,0.23762237242129497,0.3006048794922971,0.11985337471119176,0.13398167845219383,0.8945504795564775
0.08156924210593565,0.726621036663067,0.1411589954526005,0.05065072577839674,0.08379885188210283,0.11339873042545986,0.7389752210425861
0.13994431584443565,0.4084406041683272,0.1403257095109704,0.3112893704762667,0.11469645913057051,0.1338553857331722,0.8568684666839392
0.5448273338905926,0.04448304894981732,0.2262586404433554,0.18443097671623465,0.0848353515140493,0.09227923786029325,0.9193330317973186
0.023845177397046002,0.12964212981207188,0.3567940706011676,0.4897186221897145,0.161014687662904,0.1771515307572273,0.9089093781727597
0.13486817925076974,0.14748988872975577,0.38717651417101373,0.3304654178484609,0.13719121649144253,0.14787355895375268,0.9277602937408774
0.09357298003549962,0.1653876402499308,0.43753823446668383,0.30350114524788563,0.13977955863778485,0.1501129657649092,0.9311624610541143
0.296859323914198,0.20132292060461102,0.2920772006834425,0.2097405547977485,0.10578948198267281,0.11500884942496359,0.9198377560649725
0.09545194259246603,0.7339751409280465,0.02710669616122743,0.1434662203182601,0.08604654720464872,0.11803516672709934,0.72899077106055
0.2367507026532766,0.5667755675895488,0.19145349323203661,0.0050202365251379374,0.07413137507416705,0.09673542220773543,0.7663312298877747
0.40596263391546555,0.2957869076453498,0.14246994793922546,0.15578051049995922,0.08135093050435947,0.09380330393935252,0.8672501616462892
0.10100739509755394,0.6029280934382877,0.033069771996933645,0.26299473946722474,0.10178452813561623,0.12919092677388505,0.7878612738320504
0.16364154508040799,0.20415698210650943,0.22837139568198456,0.4038300771310981,0.13258554442758114,0.14827685646303307,0.8941755820176567
0.015602308401416761,0.44104494480208656,0.11266597419660995,0.43068677259988664,0.13422244295364322,0.1592962693109309,0.8425962738126277
0.10095275640853968,0.25766210733273465,0.05334107113407502,0.5880440651246507,0.14566537633650362,0.17502303646315506,0.8322640223829526
0.7683805783991365,0.00911914318090158,0.04298944928296503,0.17951082913699695,0.05835653481048999,0.07235275441628847,0.8065558150658662
0.345200237751595,0.1770344174916395,0.06622116858778898,0.41154417616897665,0.11153842450141035,0.13100888529237018,0.851380608670107
0.21175683072292,0.46613859245133904,0.09119266110774137,0.23091191571799957,0.09672612039581326,0.11672143619410975,0.8286919999421191
0.367715288783489,0.35018281772156784,0.018187089765979027,0.26391480372896403,0.08737812722686919,0.10686394789810737,0.8176576754415108
0.06627988798273071,0.06107424474918235,0.003389345829595476,0.8692565214384914,0.179960501054235,0.2231699323772467,0.8063832754585846
0.17321962685772774,0.30072269222319026,0.5195557765600134,0.006501904359068572,0.1037487283485936,0.11791337309980092,0.8798724489102819
0.3392279022095738,0.10371350961504452,0.2534042984512102,0.30365428972417163,0.11278600642976046,0.12288321462687035,0.9178308589357006
0.018762370414476055,0.36049885887485034,0.5789249312115926,0.04181383949908095,0.12081167511108412,0.13652615834402299,0.884897638492537
0.3838147413514773,0.13931091218871205,0.04459411137979503,0.4322802350800156,0.11057322240321177,0.13119334631205443,0.8428264505137635
0.22875112023217598,0.6782940241516572,0.023248915727642348,0.06970593988852436,0.06948412943211076,0.09975677290817007,0.6965354572573589
0.3663526719659706,0.12995312842007925,0.41535182683881383,0.08834237277513636,0.09639502100957431,0.10415560613671779,0.925490471276633
0.11316440043021139,0.48467697586909264,0.13308354326805336,0.2690750804326426,0.10996822389617725,0.13059306029894335,0.8420678988948314
0.09853480273197295,0.19112701035727953,0.10945439549449659,0.600883791416251,0.15194450438707371,0.1789706637788127,0.8489911205495654
0.4806330527448227,0.07786865699483962,0.08611047240426574,0.3553878178560719,0.09905760147638946,0.11454663913791739,0.8647796410431677
0.5420716084731946,0.21393116809959004,0.11270199863804756,0.13129522478916772,0.06898095868997588,0.08035556275884884,0.8584465881595686
0.5321128819018294,0.0533723380266038,0.050882427301040666,0.36363235277052597,0.09473715594916016,0.11175106716408532,0.8477516891186063
0.07045304707735452,0.42209821650707235,0.4733908554588116,0.03405788095676148,0.10877614060721619,0.12511366962419446,0.8694185130525584
0.30195442179092147,0.028844226099856155,0.25015861716497206,0.4190427349442504,0.12939052382640426,0.14264220587706475,0.9070984497948569
0.3965437208126643,0.1623863517343207,0.09213105049967747,0.3489388769533374,0.10290535200327484,0.11886803014971993,0.8657109222190412
0.06461934180729231,0.2658820672652308,0.19499326492779306,0.4745053259996839,0.14405418648381776,0.16457632746808057,0.8753032024715519
0.23944534376848833,0.1806513366458075,0.0813555126566942,0.49854780692900996,0.1293473887248824,0.1521838161050208,0.8499418140206239
0.4609151589859953,0.49644830980523985,0.035794028362747525,0.0068425028460174404,0.05070728968970232,0.07497621550050848,0.6763116723243844
0.5796577768482001,0.180238039982095,0.1855360456020625,0.054568137567642436,0.06295385268954852,0.07307275235014471,0.8615229434343846
0.09907997684347129,0.18456744095460736,0.3817981771813103,0.33455440502061085,0.13908192798501065,0.15064170392616225,0.9232631094851551
0.772678662939165,0.0770634335805782,0.12039864140383676,0.029859262076419996,0.04487966223528329,0.05837739191110858,0.7687849827827471
0.09831101083610302,0.25767089806592275,0.0068017190373185965,0.6372163720606556,0.14846671534906558,0.18193042456333938,0.8160631499948853
0.06777719251513942,0.11428896218964471,0.49352986439089047,0.3244039809043253,0.14826604704307655,0.158304566121096,0.9365873055718404
0.38877757213300634,0.2316557154569545,0.009471098183000995,0.3700956142270382,0.09943123909750473,0.12022882355453142,0.8270166517299934
0.3719524950130248,0.26158969916492375,0.011422815183127672,0.3550349906389237,0.09847074924705905,0.11915925723345691,0.826379347549432
0.13415175593607617,0.21261616492491062,0.3556882006582331,0.2975438784807801,0.13042817245835625,0.14162315991115298,0.9209522830883036
0.30956430809500407,0.2307982687910889,0.12143671877963991,0.3382007043342671,0.10820281366107572,0.12412248601850014,0.8717422373005675
0.14726480819567278,0.345328940333108,0.39337621931410943,0.11403003215710987,0.1089307613157694,0.12120841427998894,0.898706265260938
0.3714686241581771,0.2604206516067722,0.3070036942509494,0.06110702998410113,0.08393077823010024,0.0941581293929697,0.8913811135713462
0.5791148900248075,0.2814885836780928,0.012848486059394194,0.12654804023770563,0.05852337961441291,0.07492256972299448,0.7811181574629241
0.13471390623642754,0.12361573740513963,0.361983939447002,0.3796864169114308,0.14158225404242478,0.15345734809485032,0.9226163217346511
0.38307690114388393,0.4290362878774066,0.13261570865122488,0.0552711023274846,0.0686406549374768,0.08571231621383571,0.800826041921812
0.10765393174113323,0.5616176251553358,0.09011035328365143,0.24061808981987948,0.10310648335221978,0.12686652666948045,0.8127162148991308
0.13483440101096264,0.5700195592578884,0.06732098003407704,0.227825059697072,0.09826121611279741,0.12267615890687737,0.8009805408676581
0.1753430797890669,0.26167237222748313,0.26218249936449645,0.30080204861895343,0.1213117122801703,0.1342943631065418,0.9033269116733382
0.268451574945537,0.48434757494441427,0.20845592251147527,0.03874492759857334,0.07829073564145571,0.09642893969386031,0.8119008244828864
0.6113577028338465,0.08371752736555786,0.22338775945006392,0.08153701035053172,0.06790294695988192,0.07602705255662394,0.893141910365507
0.2610840513458398,0.41973151310150075,0.22315795011421516,0.09602648543844428,0.08728187654884298,0.10217317479334305,0.854254325808908
0.03807078304022804,0.6413373085518044,0.051431842479786376,0.269160065928181,0.10720181681703503,0.13577026972379297,0.7895824103106169
0.2659645015915487,0.046972595559177176,0.40469927624862706,0.282363626600647,0.12578498847839684,0.13361460988750598,0.9414014574027412
0.00041309126832964754,0.2637344440888879,0.4549940493857787,0.2808584152570036,0.14289046337085629,0.15504241761162932,0.9216217443718348
0.10572784187661377,0.3811807321859999,0.25069262095168154,0.2623988049857048,0.11888086223044546,0.13425008775192543,0.8855179480412702
0.5082821052027859,0.14846782692756166,0.11062753212408594,0.2326225357455666,0.08367702695671125,0.09540518429272785,0.8770700206392185
0.14240093210350932,0.018121037501589162,0.12858779254199795,0.7108902378529034,0.1655827077190618,0.19535428888184062,0.847602111357862
0.19792201415900998,0.3578492833702258,0.11078008868585376,0.3334486137849104,0.11231462617895616,0.13136844641209514,0.8549589284677368
0.09896341879924402,0.1802197057498296,0.4588077810274946,0.26200909442343173,0.13581763381728348,0.14564137131815105,0.9325484413394612
0.20278731943817005,0.4420525145363598,0.10686336733947599,0.2482967986859943,0.10068828724442884,0.11988258189609434,0.8398908803257028
0.1228249294787806,0.3441897815036426,0.11571790542334992,0.41726738359422694,0.12736094582717847,0.1490957362183583,0.8542225891735218
0.3520851228592354,0.07414517766284091,0.350424569794383,0.2233451296835407,0.10946457629944917,0.11658622586920842,0.9389151718681705
0.1906320523379445,0.48949368658411274,0.21317147516855472,0.10670278590938793,0.09139347756480759,0.10888748321025407,0.8393386904565809
0.23860592090508664,0.1089542928271455,0.46420799025716464,0.1882317960106032,0.11967647665669726,0.12721418967920567,0.9407478596411598
0.13868785293663935,0.6813975163561488,0.04687297427219029,0.13304165643502164,0.08411086063149609,0.11304423560840712,0.744052628414082
0.26345281915552055,0.16415714365566572,0.22522073582251437,0.3471693013662994,0.11997702708564406,0.1328497973808766,0.9031028232709556
0.7856600083447716,0.0686578611150442,0.13463831294951342,0.011043817590670758,0.042923760905509686,0.0571900924357571,0.7505454017883761
0.09122199683195288,0.23175517427573603,0.3749119598313978,0.3021108690609133,0.1347062699228329,0.1464313557353591,0.919927765787291
0.036724285568218995,0.010290208879783156,0.7659033639962266,0.1870821415557713,0.15375673324353745,0.16404741648115304,0.9372700682622584
0.29209579792780627,0.2170144088557982,0.2532017273169906,0.2376880658994048,0.10655079685589156,0.11693063276893156,0.9112308240600069
0.37944311371324796,0.12451401129845564,0.3359158384317608,0.16012703655653548,0.09871762614122807,0.10586573508289636,0.9324794851131853
0.15029402641597794,0.18803979571482604,0.25121340658701663,0.4104527712821794,0.13594123147284576,0.15122661183035424,0.8989240043633617
0.35818471102576055,0.5057242968009967,0.048579991763228865,0.08751100041001396,0.06735359384307212,0.08909490397535745,0.7559758284458254
0.07057735006974136,0.07739828529643003,0.7187163340202403,0.13330803061358817,0.14129848319789862,0.15200744436169597,0.9295497585084334
0.2033909247861435,0.3958853967819863,0.3754886939967857,0.025234984435084488,0.09315009725699668,0.10804832119280079,0.8621151742911414
0.006572488202193313,0.10624394257686184,0.8765722857939503,0.010611283426994631,0.14117662529891567,0.15875471908209596,0.889275141647347
0.0877540829927968,0.45709871376765027,0.2014566892042045,0.25369051403534854,0.11470859781129185,0.13289169998922415,0.8631735301797876
0.10627728310057777,0.6587313119048988,0.2340458585167194,0.0009455464778041277,0.0835327255684232,0.10976074695891969,0.7610437053575001
0.1086806565053591,0.19658224150414008,0.07188920730961947,0.6228478946808813,0.15128733006801617,0.18067494194918224,0.8373453918727047
0.6351179727062379,0.09802944306269383,0.021238619560455488,0.2456139646706129,0.07187300633670424,0.08704552328673329,0.8256944598971523
0.29778623749790994,0.1644152547804466,0.02537252112257953,0.5124259865990637,0.12375586807278914,0.148990948294659,0.8306267561170058
0.014627355706713302,0.16742643524638084,0.19147768797391512,0.6264685210729909,0.16602775499206637,0.19173667459029764,0.8659154819850401
0.12332759825873162,0.4018968770926125,0.14315426940997691,0.3316212552386789,0.11839672482088984,0.13795727182142953,0.8582130050682746
0.027879197183349358,0.6220596523464385,0.02532688534698545,0.3247342651232266,0.11284764543461083,0.14280987398772996,0.7901949794053215
0.0818391089954978,0.7137285242521673,0.07936312164973261,0.1250692451026023,0.08851609614554203,0.11806135377192006,0.7497465793636771
0.3033657158872749,0.27774482727697986,0.32837153668841834,0.0905179201473269,0.09286876675986222,0.10315134721893722,0.9003155970687385
0.331433698211971,0.36336414307592485,0.12041796479641532,0.18478419391568882,0.08708369748215422,0.1022184063938258,0.8519375380069929
0.5589096928110986,0.2131455699536119,0.1394245872358686,0.0885201499994209,0.06471610183823927,0.07563199400698155,0.8556709721584936
0.2144862585305175,0.20276096016221765,0.5484529094618509,0.03429987184541402,0.10761090317032602,0.11923690222893592,0.9024966361815752
0.07487732913251405,0.09858654686478342,0.01868055910376107,0.8078555648989415,0.1727718017085376,0.2124211954759045,0.8133453976730658
0.31694948878361145,0.3489291810955177,0.1718397552187481,0.16228157490212272,0.08899631071559523,0.10243969907988616,0.8687677874394448
0.4237821300631326,0.15817927095162937,0.08182809519858496,0.33621050378665307,0.09906450660499506,0.11484285610322102,0.8626092206898412
0.23304452735460957,0.6408170642165341,0.09329595080875522,0.032842457620101184,0.07008096918758311,0.09721847532344824,0.7208606075586149
0.44820666288051353,0.08910256728001624,0.2976076640870959,0.16508310575237448,0.09285908373075069,0.09971368095735914,0.931257204018577
0.09450860091061687,0.08158293694124263,0.5656264922686205,0.25828196987951996,0.1441013454202964,0.1528264147225565,0.9429086305656013
0.4665440214804714,0.1385577746247014,0.22348074999916154,0.1714174538956655,0.08683552793234586,0.09503444288251145,0.9137269109863496
0.33679640307510406,0.29523023464604503,0.09783167916038754,0.27014168311846337,0.09610513298447605,0.11185145147572814,0.8592211519519793
0.10022606379927598,0.351328221698169,0.3417130097142514,0.2067327047883036,0.11920098920965579,0.1321420801906003,0.9020668437920878
0.08340663061669842,0.4249369353260521,0.37409177915438735,0.11756465490286215,0.11104041593888815,0.12577380382048933,0.882858056017536
0.052791695385536325,0.10598078596335891,0.5017574986795961,0.3394700199715089,0.15163211772138704,0.16192771380336485,0.9364185670250359
0.12817333608697318,0.3983366641069721,0.03891001525782224,0.43457998454823243,0.12319953240754734,0.149245349031853,0.8254832274957743
0.15847648325485936,0.4064043033413096,0.38482338486161577,0.050295828542215204,0.09940050433667426,0.1141629641922025,0.8706895886946799
0.1940234086783077,0.09287937130049596,0.5684874762586379,0.14460974376255847,0.12457709435590825,0.13293514790254882,0.9371268345617095
0.3412275658364687,0.1523525352639769,0.3807426412615188,0.12567725763803567,0.09973607650204272,0.10734557447912338,0.9291121407286282
0.1841000219714304,0.26053440102703845,0.18274772856870716,0.3726178484328241,0.1238551374831922,0.14034638659190246,0.8824960905002612
0.04419927004447421,0.0678162358183362,0.8786753305949447,0.00930916354224472,0.13929425420586367,0.15652451082487293,0.8899197542403612
0.07690909753274447,0.541200535748667,0.33634178231478656,0.04554858440380187,0.09898320368103994,0.11859327814616229,0.834644300489328
0.02998585287911119,0.09306563223003649,0.1322798994352964,0.744668615455556,0.17589001932009043,0.2081072616590884,0.8451892448050431
0.4381038872948135,0.3434899280924148,0.018593128806796227,0.19981305580597544,0.07555795319457984,0.09349120346064027,0.8081824856002595
0.260189104631767,0.3836302769185242,0.22431562165100585,0.13186499679870312,0.09207824408432354,0.10573599077632315,0.8708316194729608
0.5470496907876998,0.010446984989378075,0.2369759295950169,0.20552739462790526,0.08832415112984406,0.09570588562745506,0.922870631735804
0.31663725193123937,0.2049292426120213,0.2656585893109203,0.21277491614581898,0.10308156364726813,0.1125953507970806,0.9155046182416694
0.11726809142221022,0.17232756867723778,0.558980541834812,0.15142379806574002,0.12854013252422067,0.13812925849310043,0.9305786038852968
0.5633667382757704,0.24620598562579604,0.015277805128391771,0.17514947097004188,0.06582331872258827,0.08157622713723194,0.8068933932413512
0.07149305275568062,0.2780121952954693,0.051215745272126564,0.5992790066767235,0.14842887785196016,0.178803848026974,0.8301212724995072
0.29806962651731894,0.15729349575175366,0.008274494557175695,0.5363623831737517,0.12548558805129584,0.15243510029364013,0.823206648662738
0.29318037293579285,0.10658140845157273,0.5940436414322137,0.006194577180420634,0.10366976770124212,0.11556395470393294,0.897077016504299
0.2793750110031641,0.24468313125622265,0.001942898443776774,0.47399895929683644,0.11780654603393267,0.14344145958340088,0.8212865818298276
0.2177012554371518,0.36102069660851255,0.28220949979916116,0.13906854815517453,0.099770608472248,0.112393006822403,0.8876940949706934
0.056089850042582955,0.026798049098641814,0.4301151057836265,0.4869969950751488,0.16491432532033032,0.1787611790133065,0.9225399285828975
0.1669724910158256,0.3246320891400633,0.3072108415605897,0.2011845782835214,0.11238223795091368,0.12449053637385556,0.9027371977370261
0.3004279181108839,0.47538680745503564,0.15431679956585828,0.06986847486822226,0.07640684979259338,0.094460192643372,0.8088788266721222
0.08661750224690627,0.38573762606325224,0.39841933735158636,0.12922553433825526,0.1143419913397548,0.12788800926525853,0.8940790618031491
0.04134905143879779,0.4060346254059228,0.4500586016616163,0.10255772149366314,0.11726973935516563,0.13192120505166874,0.8889377512071341
0.17600942004875839,0.2364471044780733,0.027835158826251514,0.5597083166469168,0.1361884228677614,0.16467579712268002,0.8270093434938947
0.07515403082170169,0.36221145704480373,0.1559286101207135,0.406705902012781,0.13158835453023351,0.1524837843510382,0.8629662169670409
0.19755170405229502,0.2705232933420933,0.4899134110964737,0.04201159150913799,0.10477699458129108,0.11683157600717631,0.896820860953337
0.34980600598569694,0.03892304233662373,0.1831811000071838,0.42808985167049546,0.12281586841845427,0.1379272231663964,0.8904396507010679
0.2886035188025842,0.22324669838844513,0.21516314936775804,0.27298663344121277,0.1082711383566491,0.12010991826136311,0.901433786017967
0.24154379823530533,0.046408067256178534,0.40930515255296507,0.30274298195555105,0.13002380994669357,0.13831220846336234,0.9400747149600732
0.17688455298727018,0.01751556539542293,0.07606272575059943,0.7295371558667075,0.16208062067335643,0.19463843398856442,0.8327266992030934
0.16470415130326743,0.5072803274351789,0.0804018585804321,0.24761366268112162,0.10038671726981702,0.12248346026719607,0.8195940664219047
0.12874744119249987,0.1731679574130715,0.39795283274916005,0.3001317686452687,0.13441598448419276,0.14477820753197343,0.9284269143510964
0.0987072991606143,0.689985287106476,0.13184256847122164,0.07946484526168793,0.08594247040368644,0.11350076245826415,0.7571972957916359
0.3876323501673311,0.11973524931638871,0.05594153409204934,0.4366908664242308,0.11186351785414739,0.13202523774519656,0.8472888954007378
0.30125800452483475,0.3234822866611426,0.3133398197506604,0.06191988906336231,0.0880538709320482,0.09987403549084349,0.8816492745015898
0.13355978958436124,0.1677901695247914,0.08657928135998735,0.61207075953086,0.14981755176859274,0.17773363194220015,0.8429330461064012
0.3347953464885274,0.03395330524857666,0.06461008385432629,0.5666412644085698,0.13209240375703382,0.15707524363938113,0.8409498575109404
0.1304284665365618,0.026718541675161314,0.11876232705198803,0.7240906647362889,0.16711134925304852,0.19796308097004336,0.8441541141620065
0.10355125706869867,0.00033825143142819533,0.550796297069551,0.34531419443032213,0.15377698618807104,0.16283443430357494,0.9443763344390784
0.22758324274593453,0.0007016868211098071,0.13053435388141535,0.6411807165515403,0.15241707932491674,0.17846542665409895,0.8540426130845554
0.012282944279077612,0.5938876081029466,0.3163567544825633,0.07747269313541247,0.10476584325225481,0.12611750831049834,0.8307002307270753
0.7921818926357678,0.02766254021726788,0.15796466515988347,0.022190901987080826,0.04591289583932279,0.059064273253314786,0.7773378611197265
0.07249923604546933,0.19032534633995923,0.33193406836844647,0.40524134924612515,0.14561113906919854,0.159871276474878,0.9108023797638203
0.20793383513570385,0.34211560761488996,0.34059991246423277,0.10935064478517348,0.10106688506242598,0.11304913580325003,0.8940084711334911
0.0685231166064812,0.7977696076999287,0.028698309303235966,0.1050089663903542,0.08252087454468086,0.1178141587480764,0.7004325746715755
0.16705992033648287,0.18416980778360928,0.14521837433298784,0.5035518975469201,0.1387262206109145,0.16001107461026057,0.8669788697364251
0.10592852113243134,0.2090496833001251,0.020886545282614834,0.6641352502848288,0.15271208010301537,0.18619425873989617,0.8201760953131553
0.23311722908759103,0.06977020932898273,0.4646830118051582,0.2324295497782681,0.12573462096120797,0.1331389307950053,0.9443865908372227
0.3446634561949652,0.08925194734481143,0.015487036997089816,0.5505975594631334,0.12558347288022625,0.1522007028014914,0.8251175623283369
0.1644987432748381,0.22107331398663987,0.3740253962603005,0.2404025464782214,0.12294942557925091,0.13300745513972084,0.9243799563723384
0.22733060369003838,0.14857414960381043,0.1531540698757517,0.4709411768303995,0.13210814839351015,0.15113917699894533,0.874082756150194
0.5017031935570914,0.07311028070491496,0.1663109480439273,0.2588755776940664,0.09187354126588824,0.10198309421706366,0.900870305722849
0.40061498748169805,0.06335640408920278,0.37544150017833106,0.16058710825076805,0.10088089471278143,0.10727907956804555,0.9403594355858931
0.21394432475651398,0.22713029885262417,0.4640314892141782,0.09489388717668369,0.10876150823227744,0.118651755045247,0.9166447490877991
0.0006290739089259737,0.01410554067843069,0.9654559435392174,0.01980944187342609,0.1497802492312365,0.16818820258752273,0.8905514591803371
0.05995376722062833,0.6352999839109112,0.17128012887527644,0.1334661199931838,0.09805531754810458,0.12212163387852251,0.8029315890552422
0.11493196871455262,0.23452785045818164,0.2187571450964216,0.4317830357308442,0.13788576781699585,0.15548804801582297,0.8867933553514297
0.569893142754856,0.1341682161110091,0.22918387064019438,0.06675477049394056,0.06851817267768502,0.07713478656225434,0.8882914665536156
0.033990516182704364,0.49859960955055244,0.23656785410975342,0.23084202015698982,0.11723536514005374,0.13604260934587772,0.8617547524540048
0.43263972355332647,0.3560584396968826,0.18987618232009348,0.02142565442969731,0.0663434434838018,0.08089707244893167,0.8200969636532001
0.02282313351145825,0.09752231006596042,0.20534079739155964,0.6743137590310218,0.1729468957897847,0.1996049114526283,0.866446093591388
0.46593675272814256,0.4832394065907859,0.036030869528159155,0.014792971152912414,0.05150871817572422,0.07493518795428791,0.6873769130618003
0.24714538127962166,0.5375955520455697,0.09076419194262825,0.12449487473218031,0.08108820000661263,0.10259069816939428,0.7904049923972887
0.13305014170184887,0.2746059823837632,0.018274861930051595,0.5740690139843364,0.13943845368727542,0.169666748155812,0.8218372498023202
0.08567791074168336,0.1831973286053976,0.4516753734976269,0.2794493871552922,0.13817855467291398,0.1483832229783427,0.9312276138730445
0.16151056237532554,0.3317155417152023,0.17848004274571244,0.32829385316375964,0.11888107621217947,0.1356538614073686,0.876356006226609
0.4621165869863712,0.24022279168113497,0.22786347655103018,0.06979714478146372,0.07419687759635414,0.0842802473882795,0.8803590389872585
0.3828339782950701,0.45351747399091696,0.10122995013280472,0.062418597581208116,0.06707111478142794,0.08564422792581641,0.7831364285229333
0.1469071930770364,0.6922845244487328,0.1581227718644027,0.002685510609828145,0.07565357847457807,0.10456656210902893,0.7234968516579515
0.03514793229348569,0.02002122985212456,0.31242138281926823,0.6324094550351215,0.17544954316543296,0.19681651698882743,0.8914370899846409
0.19095426405310006,0.35189096474990683,0.028736816418440034,0.42841795477855305,0.1184455662320321,0.143372298973419,0.8261398267317436
0.3724360866345485,0.2033026176901145,0.3565367047100721,0.06772459096526487,0.08870532887056277,0.0976875989432429,0.9080510712736539
0.11776848000694648,0.20849791768506212,0.039618198034860455,0.634115404273131,0.14971603439794853,0.1809773060388861,0.8272641342433259
0.5595535202517788,0.07017191970710594,0.19089982155913646,0.17937473848197868,0.0806130257147992,0.08879272302058672,0.9078787424517768
0.3216583719115248,0.3545609308989038,0.05793627440562088,0.2658444227839505,0.093111758318787,0.1114074724018952,0.8357765983855409
0.0903640711035403,0.24818589200328772,0.035912481374468216,0.6255375555187038,0.14967467717221195,0.18131423936163998,0.8254987457089821
0.10124662799056663,0.5107359144715397,0.29137206899297113,0.09664538854492265,0.1008113346307493,0.11868143810618645,0.849427983342699
0.3352482242522129,0.04213539705783665,0.22189965130134456,0.4007167273886059,0.1230827354520157,0.13628944838148327,0.9030980528110943
0.32202270470542105,0.28806938973748736,0.084968523978198,0.3049393815788936,0.10033846628824096,0.11733534573000373,0.855142716493343
0.5828848294062035,0.29844788494879776,0.10172613671078116,0.01694114893421769,0.05119619882800063,0.06681956661389306,0.7661857360409154
0.08095252369006684,0.7087646368060935,0.1882711040928946,0.022011735410945074,0.0838755877463511,0.11243712582376945,0.745977693149282
0.1380537025598442,0.03436745231690548,0.544760374347807,0.28281847077544314,0.14344454602063994,0.15165568295953963,0.9458567145084148
0.6814078953421842,0.25894714447714995,0.0443646946001195,0.01528026558054641,0.04146521532637139,0.05935963187939953,0.6985423260477074
0.1457823909995542,0.010817053005035123,0.7660032243827963,0.0773973316126144,0.13405279151028587,0.14595552712597887,0.9184495726193407
0.34428378304355756,0.1671513499196474,0.23791560465158768,0.25064926238520746,0.10440346333002612,0.11426411223971263,0.9137030103642688
0.40766296227955995,0.24420609997828965,0.023191269052686557,0.3249396686894638,0.09371431033986723,0.11255507779265782,0.8326084631428364
0.11403697238649156,0.25290789290758364,0.6211713567196256,0.011883777986299134,0.11553675105646437,0.13007416987874473,0.888237466086986
0.17176212610434446,0.014320305581225106,0.5387323255062095,0.27518524280822093,0.14028456130034825,0.14806813178234252,0.9474325069932268
0.22481887523263713,0.4648275501824793,0.11906954569946872,0.19128402888541474,0.09315154364942954,0.11174484122324226,0.8336093427644925
0.02167854151770762,0.44119989762341094,0.13324978287258163,0.4038717779862999,0.13207938669214014,0.15564474408618093,0.8485952254128635
0.08588698346806954,0.5201968784439026,0.32791336854626496,0.06600276954176283,0.10051908035072689,0.11898562286996611,0.8448002197759602
0.42085173516749497,0.054995997038951173,0.24181226687921373,0.2823400009143402,0.10500659471082659,0.1140984330110992,0.9203158355436118
0.2593753520155685,0.17798919387430487,0.5095635091887044,0.05307194492142237,0.10469566597410285,0.1148367983847758,0.9116909165588738
0.7672264910116542,0.02867136489923474,0.02401771068240121,0.18008443340670988,0.05697106864688167,0.07183126818220588,0.7931235252922154
0.40062164362363084,0.10116999012054338,0.2861300774115662,0.2120782888442597,0.10042950156149752,0.1080247564688151,0.9296896826653787
0.36564819288187383,0.014780353496792418,0.5064413495387057,0.11313010408262802,0.10693981184974441,0.11397009125150186,0.9383146988428439
0.09131342553150602,0.14620325688530153,0.3049296652447815,0.45755365233841105,0.14931067674700066,0.16498236635835242,0.9050099113179657
0.2446517007516688,0.294176649556143,0.09869290006784136,0.36247874962434684,0.11278508441900896,0.13156962687384824,0.8572273639352166
0.12548742877107416,0.25545917745864255,0.13727664832529632,0.48177674544498694,0.13733873733531832,0.15921474108915717,0.8626006385829016
0.15809148997150424,0.17053371722584804,0.23832628854092944,0.4330485042617183,0.13745783413872253,0.1535030273406847,0.8954731155474124
0.17590917018418445,0.4913183110139276,0.1649795895966162,0.1677929292052716,0.09621598945520538,0.11464786208821641,0.8392305595822752
0.6891446489498039,0.1885346334644367,0.007628139256577527,0.11469257832918195,0.05106305387582967,0.06684762345703704,0.7638723896990577
0.42291816067059423,0.16999323107966352,0.33795846101602084,0.06913014723372152,0.08487768798813575,0.09322445175466706,0.9104659388236793
0.15173143026209712,0.7036173644331051,0.09097745612633792,0.05367374917845984,0.07666921237020195,0.10628922754801721,0.721326273027677
0.12856753430622042,0.09027720949293269,0.5374723848773384,0.2436828713235084,0.13824818734693214,0.14665302320959103,0.9426889696597185
0.1327571670522934,0.3529771697580384,0.2340107236455383,0.28025493954413,0.1185161416797653,0.13365598941135245,0.8867252578932971
0.4294803395687259,0.1776998688002308,0.013556225513889781,0.3792635661171534,0.09891474465790483,0.11909954280204466,0.8305216152030996
0.25503306492453726,0.04597011550164128,0.5645569198282849,0.13443989974553658,0.11989008730695569,0.1276562587752333,0.9391634100608287
0.16390972425938766,0.4078370486202793,0.14203229824344876,0.2862209288768843,0.11037581840050148,0.12872598309288427,0.857447857445051
0.6190686447116814,0.2730347630809655,0.09936136322360876,0.00853522898374412,0.048105056590191354,0.06383245739220872,0.7536143610235343
0.11417707129039646,0.20216213850784057,0.1941845882201231,0.48947620198164,0.14345781975070324,0.1633131651334583,0.8784216485760383
0.3516211669384926,0.23981651775334498,0.01646728851830854,0.39209502678985386,0.10470867821722106,0.1262218472189706,0.8295606547064049
0.45205679474910326,0.16759712113174238,0.04553854977807169,0.3348075343410827,0.09456522370913133,0.11170789944687058,0.8465401657123408
0.4313054737063987,0.2595845749043105,0.17057418101318,0.13853577037611073,0.08009031094462886,0.0910268146081965,0.8798540439908696
0.14864497204040494,0.6431258236597216,0.030837193109285767,0.17739201119058776,0.08809568830149904,0.11594094438602355,0.7598324195823852
0.11794554962023487,0.4260653038470369,0.17396911826144734,0.282020028271281,0.11468285565517058,0.13293576869303803,0.8626937413660635
0.6200571060262715,0.020947963382467263,0.2536600205803494,0.10533491001091175,0.0729834846465329,0.08019626812657803,0.9100608588337201
0.4234082639146754,0.022740363275473265,0.3167964130669577,0.23705495974289356,0.104990444616199,0.11198296342375294,0.9375572980588693
0.06575449325038085,0.3995059770492269,0.2218711744531334,0.31286835524725887,0.1251348554758753,0.14276840017817644,0.8764884618704539
0.15844427382440568,0.2684860505341536,0.1891511497001907,0.3839185259412501,0.1271192866571575,0.14410617963350947,0.8821223835122616
0.09803549031272099,0.2118362339241588,0.4339439342009021,0.25618434156221825,0.1331177046235245,0.1434153420393344,0.9281971003284603
0.3767905323477608,0.010570178689848537,0.5050144018993837,0.10762488706300695,0.10555286085275356,0.11262167996848156,0.9372339400574891
0.25336176247105496,0.29269454763094416,0.0184434639754008,0.4355002259226,0.11542241836441731,0.1396665222634097,0.8264143510835886
0.21558219714866936,0.558529857075544,0.21985929386454536,0.006028651911241068,0.07759335840019148,0.09943567199047551,0.7803372456478576
0.39110714063053537,0.028233600292275885,0.32791207055612326,0.25274718852106537,0.10953474312070158,0.11678841432052475,0.93789048989127
0.5498192967586202,0.2705235323165726,0.06841186124993706,0.11124530967487,0.062443874319797046,0.07634744642278365,0.817890803760563
0.7192371438661258,0.086556834770319,0.17287691756989618,0.02132910379365901,0.05064107970546108,0.0623491978173338,0.812217020880135
0.32017751766885694,0.4264722879349168,0.029693074153493877,0.2236571202427324,0.08544199568039189,0.10576791800388906,0.8078252582909896
0.5460735939925726,0.014809598359344436,0.32739855155985004,0.111718256088233,0.08341157771662967,0.08982542376816817,0.9285965400164202
0.06518243533612365,0.18512448018712668,0.6603934657288605,0.08929961874788929,0.1311813059287283,0.14320812661261012,0.9160185879924582
0.16446502773686147,0.31539395034593465,0.2614508157059841,0.25869020621121963,0.1163225406770942,0.12957011865916634,0.8977574604456461
0.4893473393257389,0.2708438023480063,0.048718214190699737,0.19109064413555502,0.07427187390659118,0.08925722854164042,0.8321104645540472
0.17012684469782274,0.05035201929183259,0.7174473437918484,0.062073792218496265,0.12695903825686125,0.13865808452918496,0.9156266559425803
0.05796658200759974,0.08099963533513024,0.16557475298734972,0.6954590296699203,0.17075732499569765,0.1993019403834558,0.8567770322113348
0.36687479993482464,0.15550734223568732,0.15921936372718354,0.3183984941023046,0.10578561333473305,0.11877247902040541,0.8906576187279783
0.028128241788235475,0.09049424593430458,0.13129790927114995,0.7500796030063099,0.17660776904310052,0.20910573903945373,0.8445859489766488
0.5439557275514096,0.18986710624650344,0.08804857091974386,0.17812859528234307,0.07300281668271363,0.08506139878052016,0.8582367293427574
0.057774789604581864,0.1701810863715168,0.14246181111738473,0.6295823129065165,0.16035390608700884,0.1875110271438004,0.8551705386586942
0.24686556502603357,0.21113471622499722,0.10997587690965326,0.43202384183931586,0.12261789134058164,0.14216321606565643,0.8625148947386783
0.1563508407803731,0.038692828529582675,0.47409623059360656,0.3308601000964376,0.14312196942100677,0.15204533860483216,0.9413111295242181
0.11992917850578433,0.07154433579852951,0.12790754569095633,0.6806189400047299,0.1627166069306022,0.1915027916886392,0.8496826886741164
0.020496477845782245,0.03571190982756725,0.07224993995341482,0.8715416723732357,0.18805558871250472,0.22843718305022076,0.8232267015443
0.001235267056929966,0.1449529697927644,0.5382116505397145,0.31560011261059107,0.1540231833297075,0.16469915818714126,0.9351789348837893
0.19019202908923177,0.04723159312872672,0.021205493194101598,0.7413708845879399,0.15856505299749873,0.19412568692542836,0.8168164425267949
0.34471747922008333,0.04932630809924289,0.12382187258096569,0.482134340099708,0.12534734005843512,0.14449653973554719,0.8674764135379415
0.25487011611683574,0.3363017059633189,0.2341509166130552,0.1746772613067901,0.09869661149308534,0.11116549839573298,0.8878349210628264
0.015482097170568464,0.01752866472883093,0.6078843391274413,0.3591048989731592,0.16454027913817756,0.17451403779006047,0.9428483875670719
0.03863739059448846,0.6322454445101461,0.24366162831893873,0.08545553657642659,0.09867028049072613,0.12194702301227893,0.8091241430370215
0.08455245846707879,0.6130852186675642,0.3004245598812616,0.0019377629840954707,0.0900582510550794,0.11374433707828041,0.7917603053337071
0.2862606061303929,0.0008248899252371576,0.49515865835850986,0.2177558455858601,0.12360792228832296,0.13023428102267556,0.9491197042566782
0.5587249317360327,0.009007567742821276,0.03889831658865173,0.3933691839324942,0.09631361265151475,0.11484943251462841,0.8386076495349444
0.101417380677112,0.20521602065866443,0.1676661923980952,0.5257004062661284,0.1466834791725887,0.1688193241651951,0.8688784882769358
0.04742219777318087,0.148334497692906,0.12866577402533513,0.6755775305085779,0.1657472309994829,0.1952712831317049,0.848804946335561
0.49059156723480163,0.13376127709226265,0.2379007392961897,0.13774641637674612,0.0824095149109321,0.09018174332811851,0.9138159439997979
0.18072301589367956,0.2140744119552153,0.3795217964494655,0.22568077570163944,0.12066409376248637,0.13030266272463017,0.9260293783672473
0.5275469245877105,0.18763806574507413,0.047558777119970586,0.23725623254724473,0.07827066617135393,0.09276801618817807,0.8437246950779184
0.6804621169432012,0.0961567861002838,0.04146895755991752,0.18191213939659734,0.06294298887919099,0.07634507951189236,0.8244537733356645
0.33780127124817483,0.07166548050205819,0.051707800338021435,0.5388254479117456,0.1272938686931599,0.1517414066952259,0.8388868369253415
0.027138714670497423,0.740791102258391,0.18922736107957044,0.042842821991541054,0.08935082001174109,0.11894765621739792,0.7511776427812636
0.5046680662411052,0.11080524549783737,0.29360779100360745,0.09091889725744999,0.08007467661170184,0.0874250778131108,0.9159234239731308
0.10583150429808891,0.5130930085745794,0.22492442645442043,0.15615106067291135,0.10300201678892767,0.12143551175468655,0.8482034233692973
0.15665217334872275,0.22236213487358367,0.322292226808465,0.2986934649692285,0.12678091992324075,0.13834818111242053,0.9163902185329035
0.4088816411188624,0.20131200120870377,0.15259508140511863,0.23721127626731534,0.09260099037121737,0.10416559129740688,0.8889786849750508
0.11457059732304774,0.0011318610662563076,0.3512193785582036,0.5330781630524923,0.16166918161532792,0.17777054402088588,0.9094261510294628
0.27635840859443517,0.4755619697682342,0.1777811169236227,0.07029850471370787,0.07954337453695008,0.09721068112495301,0.8182575578778872
0.0960181898896311,0.271565976300553,0.48221100804983186,0.15020482575998412,0.12330259849830293,0.1342439924781487,0.9184962114291503
0.1066523307163898,0.45137281123711515,0.007735889075783005,0.43423896897071207,0.12173732055643573,0.1502896859253471,0.810017798672531
0.05433525467687685,0.03432451447024715,0.2717589492842884,0.6395812815685875,0.1721695198128156,0.19481002746917156,0.8837816104720853
0.12983725745468924,0.20321304693705755,0.6180967697795118,0.048852925828741345,0.11930675906736285,0.131723434992113,0.9057367739803202
0.17367186364882697,0.31420344812135115,0.29482904995086584,0.217295638278956,0.11315116378989219,0.1252748960054048,0.9032229712249008
0.11506676077738275,0.21158997114252223,0.037578206021882644,0.6357650620582123,0.14990237651044908,0.18137020805424578,0.8264994461803504
0.11267974561780802,0.009380229613351639,0.2782203968076355,0.5997196279612049,0.16458719609867709,0.18492030342503962,0.8900439435272456
0.09723300665357666,0.49041818084797345,0.15630569695074278,0.25604311554770703,0.1109284104445825,0.13101285239046223,0.8466986896367895
0.46653804394558523,0.16851099108819947,0.246157480449865,0.11879348451635018,0.08180884922583545,0.08998883123650951,0.9091000305451756
0.15505152879202552,0.041826176786782014,0.028048119874671824,0.7750741745465207,0.16525091584142018,0.20225136928176227,0.8170570930039258
0.36549566091898417,0.37742564402169343,0.12034204045021193,0.1367366546091105,0.07912834528925212,0.09421827468010381,0.8398407374568678
0.41185082464063455,0.5034924735708202,0.024581276889692312,0.06007542489885286,0.05918376615599453,0.08227062722957089,0.7193790560371691
0.04754540521727986,0.19402930929625484,0.47762618293908193,0.2807991025473833,0.1423367077054224,0.15293074731173886,0.9307265556956885
0.29003754937982346,0.016727317494720745,0.07563739984148302,0.6175977332839728,0.14183681984524393,0.16875105948065552,0.8405092109155211
0.019370530747396704,0.6408493299717819,0.07110430061983176,0.2686758386609897,0.10964767653814537,0.13766505113146532,0.7964815734781928
0.008752704854467419,0.4220358423598409,0.08415975450087854,0.48505169828481304,0.1393518658943726,0.16686599633281596,0.835112419287833
0.15713714606399676,0.5543570101635866,0.2867153304257291,0.0017905133466875338,0.08531313586592787,0.10658927726384884,0.8003913532009935
0.1118960881238121,0.2606761193812461,0.16216858387854102,0.4652592086164008,0.1378623794242248,0.15854324206078607,0.8695569589233444
0.1753594025957281,0.3490497430537802,0.06731848505042808,0.4082723693000636,0.11969291668325613,0.14249517105224063,0.8399787571704805
0.10016803157854312,0.05414928921488574,0.2600910733858385,0.5855916058207327,0.16192579304863516,0.18248550894441523,0.8873350765509687
0.40049371690108043,0.07230909035584367,0.33003711263619373,0.19716008010688202,0.10200909357973613,0.10881310646127357,0.9374706494207204
0.3364258361342139,0.23790797133885894,0.03172919224796695,0.39393700027896017,0.10692885360939149,0.12790230921520448,0.8360197268172562
0.23179195492121785,0.5256061032801033,0.0610768506753885,0.18152509112329027,0.08689481215399791,0.10905139879854418,0.7968243700800466
0.34936104581389016,0.22783334755196671,0.06229224765982734,0.36051335897431575,0.10438206418875272,0.12279941251303617,0.8500208759359635
0.03723608953040916,0.2102185629672993,0.5604567105318797,0.19208863697041176,0.13794625517218345,0.1484603134722526,0.9291793338289411
0.01844041684612679,0.2464910667820856,0.19137548194244774,0.5436930344293399,0.15506811218890368,0.17833889952505233,0.8695136764995027
0.33836799560173236,0.43731057239375604,0.14744793100553072,0.07687350099898088,0.07487098983022336,0.09157936616073907,0.8175530468163609
0.36204366731770277,0.21660759251152698,0.18514125972208145,0.23620748044868867,0.0974160898702109,0.1086303868612288,0.8967664820586182
0.005227868789516842,0.14485493008529654,0.3765094124759841,0.47340778864920263,0.16140237208299923,0.17700785739417543,0.9118373300433514
0.28597480181297047,0.12367864886514779,0.176949347867566,0.4133972014543157,0.1235988439278178,0.139247209816465,0.8876216915996195
0.24843060593744962,0.07565476097363592,0.18919974331030726,0.4867148897786072,0.13598738483917105,0.15382975727578152,0.8840122174500791
0.0667868639055127,0.08362632417613888,0.2530610319566288,0.5965257799617196,0.16445389075627823,0.18606627047011026,0.8838457950534143
0.40485997236245164,0.10915737104449888,0.10878471593058134,0.37719794066246815,0.10749551094244479,0.12333073365290227,0.8716035959453255
0.41287176638242,0.32453080445030835,0.11794780710094475,0.14464962206632687,0.07759668711757707,0.09125941165948212,0.8502869534937939
0.12853918058206612,0.35121609885351124,0.025117848904435018,0.49512687165998764,0.1299489621990499,0.15787507565190376,0.8231125886240098
0.09167722137445301,0.46674906273235833,0.31874653605161557,0.12282717984157317,0.10688339519481112,0.12299320849247225,0.8690186759487039
0.1313698773048558,0.17682892147412177,0.15358479365348307,0.5382164075675394,0.145686422610816,0.16823651705530687,0.8659619514289062
0.23607365759469684,0.05089331829971692,0.5807243337498597,0.13230869035572676,0.12185439356649842,0.12991600046526386,0.93794754402926
0.2187861189568386,0.2124024646294337,0.5608550326579386,0.007956383755789111,0.10496342655304573,0.11779142899372962,0.8910956208760592
0.42604709497361765,0.005481753878451743,0.2396719470881556,0.32879920405977514,0.11061529754614234,0.12069373935588706,0.916495736535044
0.14479878825691767,0.5564700684012832,0.008924982103730666,0.28980616123806857,0.1011488601164015,0.12819353078435222,0.7890324846934328
0.022680995811048824,0.649741857696654,0.05808277543997586,0.26949437105232127,0.1085468404814474,0.13729012681934852,0.7906383583160164
0.2576137748504151,0.3261697881636992,0.29714148260266837,0.11907495438321739,0.09637037393551097,0.1078606768854956,0.8934708803822669
0.2872612718416114,0.2210162369157964,0.3628800484716736,0.12884244277091852,0.10141685784587272,0.11028868192892066,0.9195581638307574
0.6063272176928618,0.21356078069473544,0.16602214723236644,0.014089854380036442,0.054797091963350975,0.06726088727114583,0.8146947533185206
0.3586318727469179,0.456540791949257,0.12675537283326105,0.058071962470564155,0.06975819131048834,0.08787478975956355,0.7938362242613098
0.08218665497706319,0.11538292970221871,0.620356432684655,0.18207398263606311,0.13918879960860744,0.14858629770344256,0.9367539386869225
0.044008758652411585,0.6135306142950732,0.04795688802861148,0.2945037390239038,0.10992159918277584,0.13806886216428024,0.7961360545724381
0.1058293261862562,0.2837085521365147,0.45253011015690564,0.1579320115203234,0.12144210400088169,0.13244910155068643,0.9168963970239352
0.2587115934807061,0.41110141733613464,0.13570425875790243,0.19448273042525677,0.09320351598188027,0.10966514646467557,0.8498918661628033
0.5464988578576938,0.1772011966396563,0.03505654604866453,0.2412433994539854,0.07684122272002658,0.09181065032681428,0.8369532559294407
0.08620097417594204,0.06442722526741235,0.008916734415354687,0.840455066141291,0.17566244864279912,0.21712050390466783,0.8090550891496092
0.05886872283414897,0.24644898920590622,0.09603728997604229,0.5986449979839026,0.15256339679428327,0.18087695064780224,0.8434651084501629
0.02450130345956158,0.507988557174433,0.013600608520076956,0.4539095308459284,0.12887122251859878,0.15973328204351345,0.806790049449385
0.417780026266882,0.2095301370695795,0.33651614069185687,0.036173695971681616,0.08073487041832306,0.09048937050770617,0.8922028075269636
0.12707859214474285,0.2706178928360062,0.5915369899473528,0.010766525071898249,0.11236867784789785,0.12680958033426865,0.8861213604815603
0.49510277300804467,0.13510664022242386,0.16227332757213375,0.2075172591973978,0.08520397125103019,0.09493526911333282,0.8974954413339735
0.1553806532090335,0.5876473255671505,0.03148910395839082,0.22548291726542521,0.09406287490072489,0.12017117827636954,0.7827407224417755
0.01675158448775468,0.4482119322797394,0.07941014357786452,0.45562633965464133,0.1347466564169448,0.16189489608787724,0.8323094777725651
0.3947489826161933,0.20543759044192111,0.16006764931192402,0.2397457776299617,0.09423491390603929,0.1057799663270904,0.8908578550181065
0.11482248016853804,0.41140745141867513,0.2888690996664989,0.184900968746288,0.11140552990191047,0.12605096196248153,0.8838134050501717
0.48801042857056587,0.28959595829594814,0.08772667418288878,0.1346669389505973,0.07012431456968046,0.08370969324823783,0.8377084164163586
0.1446999967262278,0.01944477482430577,0.5229113179097864,0.31294391053968007,0.14528061396662995,0.15372157295689548,0.9450893012093206
0.391796086935351,0.39362511419975194,0.0283470720666953,0.1862317267982018,0.07688808590233431,0.09563591138052638,0.8039666772913763
0.18589265131094307,0.07876338612236566,0.09385869168941105,0.6414852708772802,0.15160714798365216,0.17959919988988646,0.844141555622762
0.05751488105172899,0.17319665505588666,0.20504261743277152,0.5642458464596128,0.15687962538178496,0.17939028929595197,0.8745157053789591
0.5174825048467517,0.06343578460635795,0.41623069346419483,0.0028510170826955153,0.07779496245554841,0.08761240536350975,0.8879446025111614
0.33800821537308195,0.510950591978064,0.071930680702488,0.07911051194636602,0.06913841024057253,0.09042739831635498,0.7645736969971848
0.4383582100113351,0.14184070564769374,0.17039308746964085,0.2494079968713304,0.09413657609027747,0.10466261045877259,0.8994288951674733
0.12106445744067612,0.22657788631951462,0.04934857978281619,0.603009076456993,0.1462858434500006,0.17595242086045373,0.8313943208887052
0.673312052664185,0.15046353164259543,0.03937561915170814,0.1368487965415115,0.057274790449323904,0.07089967476678005,0.8078286767566377
0.17828779704970057,0.08980639937776283,0.4574422334303566,0.27446357014218004,0.13336125294042692,0.14173171548226066,0.9409414998375477
0.17370732799224492,0.1004131688122826,0.713923057921582,0.011956445273890682,0.1199828161197201,0.1338050532532778,0.8966986911369201
0.4623360151397074,0.14741751651903473,0.02250733998728921,0.3677391283539687,0.09648987312801371,0.11550970527380787,0.8353399647180387
0.11755033498828055,0.2899962846258899,0.19315409539859849,0.3992992849872311,0.1314837179308139,0.1495078937566529,0.8794433165169451
0.14007357825929795,0.72458719995264,0.12748677559937036,0.007852446188691698,0.07421608113951465,0.10519000782920906,0.7055430707830634
0.8203079515115064,0.0831192780914995,0.05878604057850929,0.03778672981848485,0.03859976054710845,0.05514259741519713,0.6999989546460951
0.19084644908654416,0.2999233804046482,0.18346340350135854,0.32576676700744917,0.11748442953674987,0.13324891095690825,0.8816914802008663
0.2971378647865527,0.5204829085956131,0.0625399681894912,0.11983925842834314,0.07572540781151628,0.09734218148654764,0.777930046924018
0.16546458586551224,0.20790130182363695,0.20373626530148467,0.4228978470093661,0.13300239204206077,0.14994961992208589,0.8869805212655362
0.5005950128596696,0.044277896548239215,0.28086959736603206,0.17425749322605918,0.09009329126568678,0.09675676523773945,0.9311316996214172
0.40167749094442684,0.10053452388474618,0.21131596198435648,0.2864720231864707,0.10406276542576838,0.11425439622181248,0.9107987864531868
0.06464103300538936,0.7089535275424486,0.13942760878836072,0.08697783066380146,0.08922927503909359,0.11744788260314441,0.7597350676861386
0.38558160600199326,0.3503788786452373,0.2638405041999563,0.00019901115281314926,0.07185403148576255,0.0861700428776506,0.8338632439557356
0.23234683555427388,0.06408270426706422,0.06057850631268042,0.6429919538659815,0.14681789272987836,0.17592856391811174,0.8345312975908601
0.16612738503299154,0.45021489318404445,0.19995981560034862,0.1836979061826154,0.10157114380011832,0.1182133802846326,0.8592186735169629
0.1645135737768835,0.05347932446824992,0.6859962558323247,0.09601084592254189,0.12913543174767225,0.13947294944861313,0.9258815580956106
0.6394073610195986,0.13418333034707372,0.216526542413534,0.009882766219793717,0.056636514950675974,0.06762321140721173,0.8375306906030188
0.1814549842567688,0.35310225830977104,0.3133534869755994,0.15208927045786086,0.10576713490473143,0.11815756513466703,0.8951363781420687
0.07804176920635471,0.4875556385086856,0.1995598486874733,0.2348427435974864,0.11259225610235336,0.13146819539483715,0.8564220096290677
0.29284048735977464,0.14560999176351744,0.08069047519161936,0.4808590456850884,0.12432488958640231,0.14586531780094839,0.8523265945648526
0.07739418976744686,0.21602699695853766,0.058744678291283485,0.6478341349827319,0.1550483023226855,0.18645763740728255,0.8315470713812108
0.040448792261751534,0.7679626125194349,0.16139597032114372,0.030192624897669773,0.08481427924930099,0.11652569272494069,0.7278590434944282
0.10581585327094435,0.5682628142164311,0.11099191080751764,0.21492942170510707,0.10152938502271813,0.1246024297695108,0.814826686851347
0.06259641457317239,0.3647664861886487,0.19888829471241665,0.3737488045257623,0.13136858743668384,0.1503182253179896,0.8739365247213444
0.08367113338170268,0.35105612421599797,0.07620682348941939,0.48906591891288004,0.13549155866874282,0.16152638773029987,0.838819963552783
0.4033914034350254,0.011255280239460687,0.2756408031103501,0.3097125132151639,0.11214432079504806,0.12114134318834095,0.9257311983134855
0.14297901262986706,0.004456321938232073,0.6809430137233747,0.17162165170852606,0.139637305188485,0.1484503213627896,0.9406332293968771
0.2627739779156376,0.057434171998737,0.11648901308584086,0.5633028369997845,0.13940979096105738,0.1626032212481362,0.8573618031116055
0.056809996065076356,0.2601970058080798,0.008919657072669458,0.6740733410541743,0.1555026070996024,0.1907990486440397,0.8150072456058867
0.17957710443914063,0.02719086606312927,0.7220267072383775,0.07120532225935264,0.128039973250829,0.13936083876593114,0.9187658052624343
0.4607382597833262,0.07484279499736013,0.3919481221114281,0.07247082310788555,0.08774014378377307,0.09506255995495,0.9229726595344475
0.12528056318916378,0.15756552188522704,0.5869754056244159,0.13017850930119335,0.12761721049965022,0.13740821734394357,0.9287451141310881
0.20852041168860364,0.39009613499699886,0.07280847628008592,0.3285749770343115,0.10811340453243719,0.12889776485706775,0.8387531362729375
0.2768740679104405,0.5385759560870335,0.05458074026924611,0.1299692357332798,0.07741875647134402,0.0999776646322354,0.7743605209836258
0.5105710439294239,0.15947374564307917,0.17154614242936397,0.15840906799813279,0.07878831803763517,0.08802373364547253,0.8950803922379135
0.04106904287905642,0.39457280954047885,0.4288457030143233,0.13551244456614145,0.11987082189079143,0.13390183177693454,0.8952142050639217
0.05576894740824889,0.10233348520038413,0.2532216989312177,0.5886758684601492,0.16399715144390437,0.18551159250439872,0.8840264332268927
0.08626937764881884,0.1834944501061993,0.21913957202322465,0.5110966002217572,0.14966025490824547,0.169629787594752,0.8822757902980223
0.5359724888819867,0.2758247191759667,0.040035659978096785,0.14816713196394973,0.06566595550946187,0.08070611915444206,0.8136428339938041
0.39489250602747583,0.33009722638202527,0.015505721891374299,0.2595045456991244,0.08523142339082232,0.10420269591383047,0.8179387552631433
0.13887954001336006,0.32338935657907314,0.536990795458181,0.0007403079493858487,0.10611152666940663,0.12128730406365607,0.8748774448289771
0.4956773029386795,0.39322309926255483,0.0036510702919823066,0.10744852750678333,0.059476529052306444,0.07905282465332292,0.7523643755063014
0.13522500006169136,0.30266113786479165,0.5100865835687924,0.05202727850472458,0.11080922288803302,0.12371319987508629,0.8956944206432097
0.16863122800994337,0.32712174811955996,0.17801914646264533,0.3262278774078514,0.11821959437953515,0.13480676485522614,0.8769559488093602
0.26412280968126023,0.32857138553144855,0.21101424542505698,0.19629155936223433,0.09919290186703202,0.1119868509146974,0.8857548994085851
0.09805288463432306,0.06803144198383745,0.5692281360837355,0.264687537298104,0.1450449865037362,0.15367894233061682,0.9438182245664732
0.4459586397114993,0.04032412240286459,0.5130638938646526,0.0006533440209836579,0.08883211424632513,0.09943065798082336,0.893407687832637
0.14351355360573412,0.16298323115798433,0.5463021584674564,0.14720105676882517,0.12566463237705708,0.13490892511929628,0.9314775302370489
0.11556040673504353,0.12500609922389191,0.48258606289233014,0.27684743114873456,0.13881903074396973,0.14795929475104924,0.9382244689496623
0.3675659104131164,0.07864840238502198,0.33212624966285736,0.22165943753900427,0.10700753133244333,0.11421414557153639,0.936902612167428
0.026455928064923806,0.5344053861445867,0.14195746994923844,0.297181215841251,0.11866735925205552,0.1416737316726925,0.8376101755137756
0.1797818469979496,0.2923375112990116,0.1410824813170581,0.38679816038598075,0.12258126700564467,0.14121277112665528,0.8680607711869076
0.013452147623420164,0.11147987449831273,0.5699215497627728,0.30514642811549436,0.15459015225486508,0.16465334307438367,0.9388825599795295
0.1909649772690063,0.17369897542562124,0.5384915343434078,0.0968445129619647,0.11612086056907771,0.12581567497239457,0.9229443039951578
0.5702606076037972,0.12309004553982718,0.02001793234552937,0.2866314145108462,0.0803504880938625,0.09663074566195166,0.8315209361516961
0.029618453936520846,0.42098314005342863,0.13464768218002024,0.41475072383003014,0.1332084859754795,0.156550826184341,0.8508960905682124
0.27283185143809263,0.11723555202631096,0.24521889446034592,0.36471370207525056,0.12338870025470562,0.13580199479869756,0.9085926936316918
0.11333192658615102,0.633600080286922,0.1618987600638149,0.09116923306311192,0.08913730477400218,0.11341509566020946,0.7859386288493437
0.2900175893403649,0.05891778366779759,0.43368349510187587,0.21738113188996167,0.11845334728682684,0.1253778736091994,0.9447707468388229
0.039722605362241134,0.1538572937228066,0.2999560091058196,0.5064640918091327,0.15785068239554076,0.17576430991833958,0.8980815415193134
0.29826344423513185,0.1639488959450492,0.45853690189810103,0.07925075792171779,0.10207237846991479,0.11086303869055052,0.9207070244107877
0.07922945222950005,0.1016709512420722,0.4173658212744102,0.40173377525401766,0.15165318387350013,0.16365316150193768,0.9266743305273973
0.030459960609423277,0.7245837311996534,0.08609879706226078,0.1588575111286626,0.09601638218123584,0.1259038236318143,0.7626168881258164
0.022539156290321927,0.21244349706833066,0.20223276738758247,0.562784579253765,0.15821365887947997,0.18145118895909956,0.8719350905721676
0.10976598830952225,0.013907911438174473,0.4729892354943942,0.4033368647579091,0.1547846318426036,0.165410695216052,0.9357595144644721
0.50492889491524,0.11276143147708394,0.3453282950814824,0.036981378526193646,0.07718739806916176,0.08568132435849209,0.9008660714230841
0.2274397339617671,0.044092228652984074,0.31958759174023516,0.4088804456450136,0.13734947857498223,0.14940076058662388,0.919335872425802
0.08001432094797478,0.3675231057833511,0.4377062441969364,0.11475632907173756,0.11593410626768205,0.1291990178021089,0.8973296255646123
0.14183351334603597,0.4580575087972054,0.24662982886631474,0.15347914899044388,0.1025910000107611,0.11876111588870349,0.8638433484146769
0.24863298605266157,0.6990713201182662,0.014602441998955265,0.03769325183011704,0.06363666879519857,0.09606197095799596,0.6624543319335424
0.5787462424066872,0.3625566012195692,0.02412415979577028,0.03457299657797341,0.04748711021846381,0.06712885815935446,0.7074023232413114
0.2592203763370907,0.11944881523828182,0.2334076934218577,0.38792311500276977,0.12614160160725416,0.13962730155977907,0.9034164536456988
0.1773606215796063,0.183734369948005,0.09256260842522004,0.5463424000471686,0.1395614896011692,0.16433191467539188,0.8492658889592312
0.003752174813138579,0.6293552251961982,0.017712760797813767,0.3491798391928494,0.1166227912182386,0.14782241138784682,0.7889384980485219
0.048523679823761864,0.10060388543994904,0.38336755589086124,0.46750487884542774,0.15901885472998642,0.17354995543881066,0.9162713659471521
0.21223788165046836,0.3188219216098773,0.35537498729129613,0.11356520944835832,0.10258158212906686,0.11391486028068964,0.9005109770253218
0.24913829426070513,0.07846987009608199,0.5607741484522364,0.11161768719097642,0.11691531649797059,0.12524700375853554,0.9334779514835527
0.18838897856373563,0.7635843411278228,0.042820940579992375,0.005205739728449113,0.064682972482911,0.10030330333186184,0.6448738011040572
0.6029770645462363,0.08785755081889049,0.14234465439140967,0.16682073024346347,0.07292541405565121,0.08229639656325594,0.8861313143838339
0.4622982370880819,0.28698243251458944,0.0034663155396083365,0.24725301485772014,0.07930528532026818,0.09750431516117923,0.8133515443821414
0.2478632291040419,0.12634924657804147,0.396113229832283,0.22967429448563365,0.11915355521451292,0.12714196107357403,0.93716939874446
0.1883659781504894,0.0882615209865315,0.16060698965329792,0.5627655112096812,0.14658977672199794,0.16880265572255695,0.8684091852377728
0.5949516186480455,0.043732683687108566,0.08012137914908392,0.28119431851576204,0.0832173908065735,0.09648248802788639,0.862512902678475
0.45346722343977175,0.2740700159314577,0.04322890679258309,0.22923385383618738,0.08058535237012242,0.09653066136838179,0.8348161219220426
0.022655358276243435,0.6388903841180169,0.13807743023914804,0.20037682736659154,0.10596241406297659,0.13122832379371638,0.8074660332440396
0.3967148024132919,0.4546692854366697,0.08700018045445333,0.06161573169558513,0.06513431943611775,0.08417404036817468,0.7738053104166347
0.07512429929498159,0.543651956279346,0.2841853611942519,0.09703838323142051,0.10159360375087576,0.12079307039985124,0.8410549000416904
0.11924861364627222,0.41018663533020683,0.12104378895126536,0.3495209620722555,0.11915879750318083,0.1400494028883534,0.8508340274622488
0.147983742611627,0.2044670063147038,0.4080752426640383,0.23947400840963085,0.12637845337579373,0.13610826950549074,0.928514144180604
0.06247766169545927,0.17252393040881542,0.6579938789569129,0.1070045289388124,0.13342621599382568,0.14491169505654375,0.9207415311908642
0.17863584062188942,0.019477831386722263,0.3404020374079323,0.4614842905834561,0.1482933287373894,0.16181131643566446,0.9164583293922477
0.17984396497017446,0.128326874044804,0.03669711590998551,0.6551320450750361,0.14911073688404483,0.18041659417638062,0.826480166997664
0.16101241557494375,0.29601198602379764,0.3813432767737145,0.16163232162754404,0.1134690431747307,0.12438373602524198,0.9122498390923368
0.21841947949673443,0.19941635825406498,0.46284268791845184,0.11932147433074898,0.11161823272163682,0.12071999636910831,0.9246043412754725
0.21025745719845187,0.0788217745365917,0.5623183285544658,0.1486024397104905,0.12379091058679843,0.1318473392222737,0.9388957814166169
0.4414325548801099,0.19438730598657025,0.0055118033046596985,0.3586683358286602,0.09499620017809311,0.11497006767079969,0.8262689768096955
0.009618619616984,0.3690895511517028,0.06907392296697519,0.552217906264338,0.14683331067087277,0.1764134849344029,0.8323247552502625
0.27101172053369044,0.10889147077007177,0.5348337130263069,0.08526309566993076,0.110320313452511,0.11907923188021209,0.9264446176768075
0.28452710595013986,0.0012639532883804996,0.06707956402380937,0.6471293767376701,0.14526682880029487,0.1738704828103573,0.8354887296122552
0.029754454731183686,0.5675346114301941,0.3810170904979228,0.02169384334069936,0.10181384413756556,0.1230736885338594,0.8272592245381112
0.5733655411494378,0.008378672017772915,0.09712141742745889,0.32113436940533047,0.0908489043594178,0.1045495656860881,0.8689553491995674
0.05809854258679387,0.3404697674930616,0.5350667009660747,0.0663649889540698,0.11852785751197535,0.1325504864008767,0.8942091480034842
0.7015269842838776,0.10738917290076454,0.167515875336566,0.02356796747879183,0.05138875658497434,0.06300399976927641,0.8156427651127288
0.36803365533482335,0.16870211038000488,0.0007656685621728445,0.46249856572299874,0.1117843842622225,0.13582782093873216,0.8229859206284776
0.3388483081891019,0.5318784765784723,0.08071954869654384,0.048553666535881876,0.06582712513593306,0.08825327450555948,0.7458887560232829
0.16264137475142965,0.14891967582079274,0.4370551434570127,0.251383805970765,0.12951223751518898,0.13840574982459053,0.9357431875433441
0.11982115085977275,0.3701418690430019,0.01785307065082805,0.4921839094463972,0.12942109633710924,0.1579223697754038,0.8195235198228795
0.5363049970446879,0.13121382531046372,0.24672361340503682,0.08575756423981144,0.07407112257134403,0.08207086659378127,0.9025263853733525
0.5924145976191459,0.04935070263460911,0.13333040818920266,0.22490429155704242,0.08028326067659444,0.09047047047161007,0.8873974044579286
0.0014275296215456416,0.1132872470732147,0.1690980411415131,0.7161871821637265,0.1765608004915282,0.2065057634164432,0.8549921201737724
0.03238914889575178,0.0863762807682323,0.10219444862073614,0.7790401217152799,0.1778313142678577,0.21274019428793015,0.8359083945705834
0.3716377809840467,0.08159812041290151,0.5268844647833294,0.01987963381972243,0.09615322053002792,0.1062872271707268,0.9046545204870116
0.06780674761912507,0.21348663898216802,0.35651359733960175,0.3621930160591051,0.14221584249389554,0.1553445285587982,0.9154866528824449
0.3074267526104088,0.30236606244865966,0.35774773853576736,0.03245944640516415,0.08746820948501229,0.09940489856325081,0.8799185025007266
0.42634465186129156,0.18435028200341694,0.2133064973032709,0.17599856883202053,0.08862710113935976,0.09772168689447006,0.9069338030878288
0.19889041850167644,0.49559383909690957,0.24168883385553172,0.06382690854588223,0.08768808389432341,0.10550547081846104,0.8311235731576869
0.27400267973037257,0.37622486073147926,0.001648336804708936,0.34812412273343923,0.10168786891320519,0.12509481348934973,0.8128863705597407
0.09298534022556873,0.16616880109483814,0.4132428458459155,0.32760301283367765,0.1409985523247729,0.151945279414322,0.9279561225479093
0.11285410089898155,0.41768132863144936,0.2956078688265401,0.17385670164302888,0.11060729567476787,0.12531303513564,0.882647966790091
0.40933103873492904,0.02746852745750436,0.42321708330613217,0.13998335050143457,0.10158865029293063,0.10783764003009677,0.9420518685736994
0.2641290153540705,0.2191425497488032,0.3327857672055271,0.18394266769159912,0.10732895740864654,0.11644974455330762,0.921676194485031
0.14661305426446458,0.12593114356279114,0.680722678024126,0.046733124148618334,0.12320246766802723,0.13553616348187036,0.9090007013848158
0.22323682021319385,0.3675918551731215,0.32113157185058233,0.08803975276310223,0.09597385259659018,0.10881295657859912,0.8820075808459921
0.41839842549574263,0.1923138348536553,0.015596847366373385,0.37369089228422875,0.09890764251147248,0.1189894727866789,0.831230193689415
0.6251506592629165,0.05481417057227598,0.027053605231139033,0.29298156493366856,0.07899435889672222,0.09491216243132365,0.8322891068242261
0.007308051411026929,0.3480479939576823,0.3904636258478857,0.254180328783405,0.13391513023912216,0.14764680676900496,0.9069964543739428
0.24575205360915164,0.004219085679861657,0.6969794509468541,0.053049409764132666,0.12036717666462798,0.1315559902577388,0.9149501777061602
0.14004911616098253,0.712473956261597,0.08047644565051588,0.06700048192690444,0.07814572249448973,0.10821581647115527,0.7221284747717015
0.5459914888004835,0.11937777343864822,0.19812286770435675,0.13650787005651172,0.0762962780836709,0.08449740018758467,0.9029423143705341
0.1561682250867504,0.09319487479949438,0.05240264110000148,0.6982342590137537,0.15715425370545058,0.1896740166012323,0.8285491946735606
0.17665696781231838,0.03670220887638386,0.25547643088029115,0.5311643924310068,0.15065663709583826,0.16860149616535458,0.8935664304430784
0.3970259372326003,0.3434173212603753,0.1503437150777069,0.10921302642931753,0.07637389378039781,0.08979437082519857,0.8505421116995606
0.7312385336311327,0.12160651490795432,0.00021094809839026642,0.1469440033625227,0.05255766960344253,0.06834879952749866,0.7689625855432486
0.05417691449748863,0.4810796953083878,0.13976928931333663,0.32497410088078704,0.12071933053469483,0.14268963683729596,0.8460273164220531
0.016502080959123356,0.5493808570557542,0.23277356419226067,0.20134349779286181,0.11397143580049673,0.1342628721856268,0.8488678511429736
0.2955809772223899,0.0026845459871654427,0.6467274467151031,0.05500703007534164,0.11411006078588316,0.12432651156831451,0.9178256459257473
0.49638787207375396,0.14551810777644347,0.10508082072259145,0.25301319942721123,0.08647878797965709,0.0988166634142693,0.8751437762790258
0.5748893519860044,0.2966091526719905,0.07531903504574854,0.05318246029625666,0.05419477504287303,0.06940382700112101,0.780861479612611
0.13292479591929282,0.3312345877039246,0.1986899551383111,0.3371506612384714,0.12307854257610153,0.13980904699692254,0.8803331774288592
0.5205471584824839,0.02668266676017755,0.1741222685025238,0.2786479062548148,0.09412665136920363,0.10427205239084246,0.9027025862729654
0.05812879120078129,0.70100063485288,0.18773155463353877,0.05313901931279995,0.08902015732130802,0.1165183008792313,0.7640015057683984
0.03696004793440141,0.6443903784725915,0.22839795807617866,0.09025161551682848,0.09815654426656194,0.12207039231125942,0.8040978849013518
0.1653733764120251,0.016062768077301785,0.5872814644787852,0.23128239103188802,0.138780559171847,0.14651461715376282,0.947213062203895
0.488581659876057,0.15908218967443918,0.20474329629574858,0.14759285415375537,0.08113745174984525,0.08971469405395371,0.9043942311284017
0.033223910307310846,0.10480113241144569,0.21596181096614486,0.6460131463150984,0.16959745838288884,0.19470181609701154,0.8710625395419307
0.6240470532220695,0.15359389661629397,0.04008135812815304,0.18227769203348357,0.06570025595350164,0.07932992738566852,0.8281900427576948
0.0016860670414132767,0.1235600279835082,0.0769859095250979,0.7977679954499807,0.17978440881843466,0.2170103102324572,0.8284602175161775
0.6977916089458989,0.0016210306976842882,0.1747637063739217,0.1258236539824953,0.06544859108034319,0.07422740185576275,0.8817308627819364
0.06811990199120192,0.08878074925114116,0.07898210548185933,0.7641172432757977,0.17224781496484237,0.20719306993895462,0.8313396534719613
0.17051455472524793,0.2460196549551025,0.012863746730092107,0.5706020435895576,0.13668163766878746,0.16641997016738636,0.821305505170516
0.35763028030719923,0.07307130504554316,0.5578251742874731,0.011473240359784377,0.09823602117440985,0.10906115459561655,0.900742537878452
0.19381060405858874,0.3042590596680221,0.2500119233376129,0.2519184129357764,0.11305981734573053,0.1259326056179732,0.8977803388640007
0.7314657914684389,0.13900378160027282,0.0785879417816819,0.05094248514960638,0.04633626883856144,0.060180754597716775,0.76995160908666
0.02454725223287486,0.3234981025618786,0.0028878442064512737,0.6490668009987952,0.15338234905471573,0.1888520612655829,0.8121825519236135
0.19765312569743043,0.3284017621374514,0.06220061165632808,0.41174450050879013,0.11862017771377746,0.14120590168754957,0.8400511331052707
0.06406783215461491,0.73777893011141,0.19371016054132287,0.004443077192652198,0.08287102127061988,0.11327032123316005,0.7316216672506378
0.057077632385488325,0.40096857295948746,0.19843378970444295,0.34352000495058116,0.12767842220065656,0.14665184868781875,0.8706226572871143
0.0908013446175641,0.6098446661786069,0.0187414416149683,0.28061254758886073,0.10343887928487117,0.13196799451239014,0.783817922421785
0.5269303546888162,0.02704049607747214,0.02034113260538972,0.4256880166283218,0.10062021503567219,0.12124354989533018,0.8299015916519917
0.1863332609156799,0.3242374960851342,0.44261239745528863,0.04681684554389748,0.10217851867134578,0.11497528889670551,0.8886998210819333
0.09515131381811218,0.43205931452580754,0.07200267407579775,0.40078669758028257,0.12310491892059496,0.1477704601260851,0.833082057236309
0.08233443775102703,0.031631078182830084,0.7360021798154319,0.15003230425071107,0.14426765205027564,0.1545211073931185,0.9336436586831017
0.7336831428441867,0.21123596184384194,0.004206571738446153,0.05087432357352512,0.04026603066142462,0.05851230409078008,0.6881634775303512
0.0957867746625268,0.21417004507077528,0.3253630885642734,0.3646800917024246,0.13864812027333073,0.15204764274982474,0.9118728693575261
0.17351716067575282,0.639337966291869,0.12642212718213575,0.060722745850242406,0.07933186910131473,0.10493655512084422,0.7559984126595035
0.749795352710045,0.12393699892180497,0.1203838500798298,0.005883798288320219,0.04290583414836576,0.057473897255224914,0.7465273140924026
0.18747604348089614,0.0913030016889845,0.04949514268928201,0.6717258121408375,0.15191016481940664,0.18315909252844834,0.8293891541082619
0.15418226671617205,0.08805594988783755,0.301293095861486,0.45646868753450437,0.14573526371259585,0.1604415126468311,0.9083388788124486
0.011285346765397969,0.3957454649712588,0.36103921517055426,0.2319299730927888,0.12846976637743696,0.1432257250422178,0.8969741039158201
0.08150787312803166,0.3867649565036561,0.355716972236028,0.17601019813228427,0.11726328987967763,0.13093664521283868,0.8955727381671121
0.18475681873999897,0.07047134339934527,0.39173055732529044,0.3530412805353653,0.13799597011862078,0.14802466355252394,0.9322498481454432
0.04558454731836247,0.7641451906933799,0.056237445624356446,0.1340328163639012,0.08964403441133757,0.12221155034529538,0.7335152377828295
0.2420815824940302,0.0943206961664436,0.6555808831509549,0.008016838188571343,0.11138458049188915,0.12415547568874677,0.8971378819499368
0.1600500381375086,0.24431018870538954,0.5155959730335699,0.08004380012353192,0.11365086995186931,0.12472710853595081,0.9111962209811916
0.16436024031184954,0.39660528290882213,0.004384493658928045,0.4346499831204003,0.11863724528277382,0.14580956359780425,0.8136451571175293
0.015105116023902953,0.03447755733911522,0.8880588624086412,0.062358464228340675,0.14839605354118043,0.1636497048768814,0.9067908411617561
0.19590643123434046,0.47705972642789,0.3079626239063173,0.01907121843145236,0.08732094674687718,0.10503605548755075,0.8313425931843639
0.055604597425399076,0.21994427589948978,0.408683891472981,0.31576723520212996,0.14096422202284542,0.15276419042862469,0.9227569735245479
0.16584850760391048,0.4623995536479328,0.15144190183226994,0.22031003691588688,0.10246323156545137,0.12085287793496573,0.8478344356895635
0.00033485513893833686,0.5894757015963339,0.1984158955042162,0.21177354776051158,0.11338709009225689,0.13581732992753123,0.8348499425865421
0.03589590880400366,0.5106659786120873,0.32589111398105086,0.12754699860285812,0.11085760349665544,0.1286205134210734,0.8618967577413849
0.29816364132397116,0.329431882313229,0.03329119955945002,0.3391132768033497,0.10183983988299289,0.12260893060213707,0.8306070315013239
0.46012612087354654,0.19668846340698706,0.34268830314281157,0.0004971125766547362,0.07447338284271271,0.08528883844619332,0.8731902579456065
0.45381273965548746,0.01146910668294263,0.1681377766402466,0.36658037702132334,0.10841583416121739,0.12136790724296628,0.8932825540460202
0.24485295706591673,0.2793457166528049,0.02385949073483455,0.4519418355464437,0.1184185500265286,0.14289765513955258,0.8286948439488534
0.36738583424144217,0.14820141230043998,0.46165873105669825,0.022754022401419546,0.0915214296846483,0.10149485897656318,0.901734635699943
0.5512928026408834,0.15758790443810144,0.0034140555423398445,0.2877052373786754,0.08011016517057083,0.09746047011009933,0.8219759773380103
0.3154864781688011,0.24069570283516398,0.013781084563367673,0.43003673443266727,0.1112329383328761,0.13442323853334273,0.827482952698581
0.10487395322781791,0.28678381198566616,0.24013409276773987,0.3682081420187761,0.1318340882224692,0.14790175539138278,0.8913625661413229
0.39499500920291297,0.03369684678532413,0.3424365470424206,0.22887159696934226,0.10739848090926249,0.11420221615499165,0.9404237897056625
0.347705961648441,0.36323064771327096,0.07791330503051244,0.21115008560777573,0.0862972774490298,0.10295846013746111,0.8381756810835481
0.13603995305128067,0.11227920651797361,0.5727113226304675,0.17896951780027795,0.1322809454719095,0.14095644488628783,0.9384526232810637
0.7451135530023094,0.14066777769613947,0.009665018458716734,0.10455365084283422,0.04710949843615031,0.06301953287885584,0.747538045493136
0.13446945395340038,0.5332000033087158,0.2034624399343445,0.12886810280353952,0.0963063758615377,0.11561870117246191,0.8329653843618507
0.6138982470834572,0.13507116871235614,0.17391644491923589,0.07711413928495087,0.06324324134640963,0.07268276629682759,0.8701270544400018
0.2437507703809278,0.12423521148917997,0.29031658200004595,0.3416974361298464,0.12545845473783732,0.13663412196686345,0.9182073477096998
0.18351224118295886,0.4425102196542804,0.0723732970262248,0.30160424213653586,0.1058228031806997,0.12734876688635,0.8309684166407301
0.5278668095515338,0.022768007025654086,0.440971550901599,0.00839363252121323,0.07997555582230896,0.08962882831539155,0.8922972365641771
0.17945505881146478,0.31333303826183717,0.0053129902263759085,0.501898912700322,0.1266991449285787,0.1547900308666007,0.8185226414081476
0.1741130413181466,0.3543905322604903,0.3747507014453879,0.0967457249759754,0.10385134829660052,0.11637726635331581,0.8923679989295572
0.10867286071217912,0.05955401856396207,0.7509659385309071,0.08080718219295176,0.13514856573194733,0.14715689174095362,0.9183978006946149
0.13646878203053112,0.28123535609550177,0.19154635201240416,0.39074950986156304,0.12929770534146898,0.14680643002164287,0.8807359822209921
0.06121649758840207,0.42096960944042955,0.27770246258457554,0.24011143038659283,0.120369858077603,0.13632460111231148,0.8829650488280973
0.6549127321296646,0.2585809878739753,0.05671991741423131,0.029786362582128762,0.04566418392233202,0.06205994436589212,0.735807683827523
0.1806847572439822,0.17941389735646476,0.18865238311286853,0.45124896228668454,0.13472031788409936,0.15260101035056947,0.8828271685397567
0.3387595766841276,0.0711394667083279,0.3290116041767059,0.26108935243083864,0.11332456531593912,0.1212013413719243,0.9350108178108845
0.32841861545439993,0.3286426975759464,0.3406770602101159,0.0022616267595376572,0.08112724552282917,0.0946097758160122,0.8574932645501399
0.22446478298520475,0.3716209028577324,0.052472246239287604,0.3514420679177753,0.10866200937919358,0.13032745579400593,0.8337614566108273
0.05281094294960804,0.5178272447163044,0.059870367038723914,0.3694914452953636,0.12018297010401478,0.14676730497301796,0.8188674591122969
0.50825888564227,0.044407441927473694,0.16596666702836066,0.2813670054018958,0.09444209978240183,0.10494783404160718,0.8998956543015428
0.569492749408511,0.07618827787685807,0.11502007485275977,0.2392988978618711,0.08183582523983848,0.0929660287096297,0.880276659933971
0.02042557662886657,0.7194169256175763,0.2334166401252475,0.026740857628309706,0.09112836387025675,0.11948287542486304,0.7626897456745836
0.056711401191083345,0.64441428958467,0.0696488157199601,0.22922549350428673,0.10253564935359993,0.1299695548181104,0.7889205244804937
0.105891134021077,0.3853038800005621,0.21357745858764865,0.2952275273907123,0.12017121854675064,0.13694384680934374,0.8775218554657346
0.36907266789269844,0.543254481825028,0.07867399072063945,0.008998859561634084,0.05901013760602867,0.08323132714553046,0.7089895070740504
0.2732553718668245,0.5130142196088251,0.14341314362627294,0.07031726489807748,0.07695152733351068,0.09665713928097501,0.7961287485430165
0.4451109300976906,0.3550720121192037,0.04758671349101885,0.15223034429208684,0.07134133533236826,0.08797043904301963,0.8109694132307407
0.23178350186072186,0.30349515068826005,0.3623608510111621,0.10236049643985604,0.10070655752503817,0.1116781552913688,0.9017569932301829
0.49227087643008527,0.47972350857340534,0.024475054163764942,0.0035305608327445242,0.04780343341985373,0.07221701978352218,0.661941375636233
0.20951768561277137,0.41867516468805577,0.15238952587173718,0.2194176238274355,0.100239568886667,0.11709712575353177,0.8560378253660396
0.27349843546172314,0.01794724392460783,0.43984469847114266,0.2687096221425264,0.1264449049831337,0.1336880061964345,0.9458208599307095
0.022436611575465844,0.05008771488024894,0.6351954946338869,0.2922801789103983,0.15769023225028944,0.16714420635170665,0.9434382183638238
0.6130709005953544,0.19896858226476502,0.10210101137912672,0.0858595057607537,0.05867627162946039,0.07059938847934588,0.831115862237622
0.004483312632565245,0.7179061575365195,0.03877792721051594,0.23883260262039932,0.10392630688586493,0.13556197365381722,0.7666331795320429
0.458205434726513,0.1273381829722159,0.003351920211531026,0.41110446208974016,0.10080146195226307,0.12213759339018218,0.8253106939011116
0.05866412267262039,0.5456309680293077,0.11407018810012651,0.2816347211979454,0.11280492267011201,0.13636906015544978,0.8272031980093099
0.23190060151183062,0.391765447957204,0.10605953590715436,0.270274414623811,0.10202540669807626,0.12020251484411511,0.8487793024163274
0.21858852953932095,0.1325533817039481,0.052452698871293967,0.596405389885437,0.1407994901178443,0.16862790144654985,0.8349714899492694
0.4172182059197685,0.44026051938141314,0.04182976109077987,0.1006915136080388,0.06557536736031903,0.0850731308100304,0.7708117326344769
0.2796089632654338,0.5935042905376063,0.012766458039411286,0.1141202881575486,0.07187650594036253,0.09818109566744912,0.7320809108080917
0.038694230875778744,0.24094262244294434,0.11264555374305603,0.6077175929382208,0.15608021983762424,0.1842501843065736,0.8471102507985696
0.045667389560302474,0.22669600062733306,0.47636994174121805,0.2512666680711464,0.13849089271053136,0.14927290646502886,0.9277697874997599
0.15261187676639104,0.04650989749294396,0.3874208840022655,0.41345734173839965,0.14711253130785365,0.15879009571944427,0.9264591134687459
0.02827634084646279,0.45427828290891303,0.2871901551383587,0.23025522110626553,0.1214945741125601,0.13834468300733752,0.8782019769138238
0.2657450260086241,0.5121538042021139,0.19591067461558145,0.026190495173680696,0.07579036704139382,0.09546866019178782,0.7938769318553114
0.028600385090232723,0.44491142579642956,0.35769064888785473,0.16879754022548296,0.11912891288582954,0.13469815470450422,0.8844138447714455
0.19371315812954631,0.3687697411218928,0.10774936871915868,0.3297677320294023,0.1118040967548777,0.13110970847078546,0.852752233674522
0.2627945713288994,0.20928702045453954,0.39892314233304565,0.12899526588351545,0.1055435073850557,0.11432210788607533,0.9232116983902386
0.41571376364861923,0.033642700010681016,0.10288123940592407,0.4477622969347757,0.11565390957156381,0.13388753644405682,0.8638138593272893
0.053580568185834405,0.41774841749224406,0.3651597086022851,0.16351130571963643,0.11779021802244381,0.13239806025638842,0.889667248858053
0.01246241603676358,0.14900836477410773,0.6830414095229155,0.15548780966621312,0.14423360721660275,0.1553094048421516,0.9286855961053632
0.08051985859099531,0.07274651107333452,0.38649015841045803,0.46024347192521214,0.15672487109356445,0.1705037775576583,0.9191870898025452
0.09733181465680014,0.3098695331454729,0.5319574716899426,0.0608411805077846,0.1155993604683674,0.12883082051928302,0.8972958489468351
0.13756264461673942,0.02280493237941727,0.5577004579386138,0.28193196506522944,0.14438905986273196,0.1525338066048762,0.9466036616837183
0.3555864710775166,0.4267519412160985,0.07856036071870888,0.13910122698767613,0.07658866481201879,0.0943454170000205,0.8117899867038814
0.4069482577121508,0.2605004963513984,0.299048710720444,0.03350253521600675,0.07793181355010885,0.08878421787871084,0.8777665154022353
0.03275383137688067,0.0975733259844015,0.11308621413883253,0.7565866284998852,0.17576546726724765,0.20926859809122617,0.8399036877507368
0.667707434982567,0.15074472785214985,0.16980075046347298,0.011747086701810131,0.05172580955918481,0.06383706126688891,0.8102786771923979
0.2493165316845014,0.3625900587065586,0.2485100698595392,0.1395833397494008,0.09556081317196018,0.10839944602432265,0.8815618222856808
0.13565740527248255,0.5855223686296067,0.14941274675700297,0.12940747934090777,0.09199312179125413,0.11424147958544228,0.8052514911840896
0.24847401928887344,0.33474237341835306,0.24345665035878084,0.17332695693399272,0.09958533546567785,0.11191614036997567,0.8898210315014949
0.3353683137385944,0.0995564488428969,0.5008590244691177,0.0642162129493911,0.10164841395402054,0.11027694827035772,0.9217557753304593
0.359224828040229,5.721350673667652e-05,0.3668563721960723,0.2738615862569621,0.11698927458707942,0.12423577573162119,0.9416713816783666
0.38916842709372423,0.001019532599500638,0.12845876534401668,0.4813532749627584,0.12339420561799372,0.1420303062353587,0.868787858652624
0.1665000854764689,0.2532941226922464,0.15996681843249125,0.42023897339879346,0.129103407742619,0.14776677032507474,0.8736971611317086
0.11030258152400164,0.05469235102606555,0.04004789272969626,0.7949571747202365,0.17103313505580636,0.20871397282756707,0.819461834484405
0.11486525546548579,0.23653191225867043,0.4944832914986032,0.15411954077724055,0.12385094084765523,0.1340601599844531,0.9238459872196049
0.08456774553095796,0.5398499251897229,0.14516835392102018,0.23041397535829908,0.1073388978337126,0.1289079419925278,0.8326787021387289
0.17180440157977672,0.36379229337826474,0.12825460738300212,0.3361486976589564,0.11536947920731566,0.13427962757593942,0.859173363003785
0.34270328949855394,0.14079008303878673,0.4788972689085714,0.037609358554087924,0.09606583364978945,0.10565296672949744,0.9092582690625824
0.5892041361589979,0.2462302105051879,0.0018420514671138057,0.16272360186870044,0.061841225552350276,0.07817750464553941,0.7910360637979095
0.046947879139470995,0.06248714529044861,0.04129709647784483,0.8492678790922354,0.18136119804324466,0.22197144572019759,0.817047424522596
0.3843942687221627,0.12466477201194985,0.13690736323957634,0.3540335960263112,0.10775724310647843,0.12210177421892468,0.8825198797953013
0.09375807917742303,0.017798107796751218,0.11278214871902872,0.775661664306797,0.17517068429853475,0.2088309114665839,0.8388158777277793
0.09575203690097722,0.3079186761741016,0.589918508643847,0.0064107782810742635,0.11323928002299856,0.1286763357151076,0.8800318985902191
0.2507566665648388,0.4017712837308091,0.05137479197288822,0.2960972577314639,0.10006479353467942,0.12077481840751834,0.8285236513214272
0.09277222046172484,0.25689430550026804,0.0639707378078874,0.5863627362301197,0.14670620371146031,0.175616323575792,0.8353790850663451
0.48481707451163014,0.021330280790451333,0.3750444615985614,0.11880818309935709,0.09120776700521983,0.09745513946110787,0.9358948897879191
0.04341608114840539,0.06761155781338972,0.6199750155899264,0.2689973454482784,0.15239685209805004,0.16162595426754503,0.9428983902287269
0.03523255918412768,0.27102561724996943,0.4698486391920079,0.22389318437389508,0.1349323771447606,0.14635072260150436,0.9219795758177802
0.04454296356764844,0.33430723120953115,0.5293612703446785,0.09178853487814191,0.12205426298335031,0.13549471766449886,0.9008045855010473
0.23227298801004673,0.07169140375860056,0.42813322186472436,0.2679023863666282,0.12746431857633728,0.13534451505162123,0.9417767578370029
0.08103878609442632,0.4837763441527176,0.2362203384542007,0.19896453129865535,0.11071107684043995,0.1284240402155327,0.8620743955308892
0.24028864981028,0.06191596438664623,0.6187982952481861,0.07899709055488767,0.11775905290147627,0.12734602609550577,0.9247171389012205
0.4212829277276233,0.02683963447164857,0.3953645735982936,0.15651286420243457,0.10091169184779882,0.10702373664252708,0.9428907550187369
0.04889745146617005,0.749103078456331,0.11048486806382954,0.09151460201366945,0.0882908151335749,0.11901883088145097,0.7418222350168874
0.23810174939286094,0.18885150357454344,0.1744435227512269,0.3986032242813687,0.12386881350703303,0.1400471472477965,0.8844793767049189
0.41807996395512886,0.1983843905702143,0.3073135235161777,0.07622212195847926,0.08358995953814008,0.09230642426193283,0.9055703349632683
0.3201667662440775,0.18159541946033542,0.12851126196001825,0.3697265523355688,0.11233701444822153,0.12833764912492227,0.8753239225916791
0.6080953846766255,0.22698021562774995,0.0669884057139191,0.09793599398170566,0.057685982440904005,0.07109053612624773,0.8114439077862776
0.502222367810995,0.09871264113522225,0.25414350474124325,0.14492148631253945,0.08406015520937984,0.09128495402430616,0.9208544399003302
0.0685817263423229,0.36030920717548226,0.19225107981531886,0.37885798666687603,0.13120253833480325,0.1503191350656051,0.8728265917545452
0.5602864023734554,0.28187841902974775,0.1431486476091586,0.014686530987638138,0.05534682071845287,0.06941177913694618,0.797369285251372
0.30903460771141983,0.41540460158260367,0.020965542077924188,0.25459524862805233,0.08932289530230976,0.1102976721333279,0.8098348185838063
0.15471321767858545,0.051464942551271826,0.005179540430678083,0.7886422993394646,0.16520220126465537,0.2039482730198135,0.8100201037181916
0.007991660501893124,0.09585889058127142,0.8778297506732814,0.018319698243553968,0.14220835780042984,0.15939358986966584,0.8921836688458541
0.011021660516897439,0.05028254651380271,0.687107703770086,0.25158808919921366,0.15712398487165977,0.16678071472182743,0.9420992417122444
0.17850837797473418,0.5017288097802227,0.06095610835404594,0.2588067038909972,0.09959594127541661,0.12227257570725461,0.8145403063551186
0.18412282990404227,0.08216915213005474,0.2568349790533179,0.47687303891258515,0.1433341518876994,0.15946510614563497,0.8988433604828656
0.3231941744921247,0.20517841797690395,0.04947624393184953,0.4221511635991219,0.11267804205782758,0.133610537000794,0.8433320049986625
0.18954950098319667,0.23343638825217553,0.2360043087876144,0.34100980197701347,0.12373414391086107,0.13763452228874834,0.8990051467703345
0.12826496762532158,0.4337161088458939,0.1721014662322361,0.26591745729654853,0.11192413836586412,0.13002809997361275,0.8607688521833161
0.6146149743055458,0.025261462175384927,0.22423011329824954,0.13589345022081978,0.07487380887728926,0.08223308972478521,0.9105070614259329
0.18712203453325704,0.6556897615109744,0.0329973177966819,0.12419088615908686,0.07942849889775301,0.10766417040131751,0.7377431006219041
0.3011929567242063,0.15373187550971434,0.37103825939138474,0.17403690837469454,0.10724821100381075,0.1149843993136004,0.9327196701816
0.14012608597897797,0.3731681979062251,0.17164835529649725,0.31505736081829977,0.11768302103114986,0.13531536130554014,0.8696944670267205
0.33077202144469375,0.10791916997813926,0.17978748939177985,0.38152131918538723,0.11744216957320805,0.13155422765217784,0.8927282054645839
0.20354429973844265,0.028199621696396195,0.3463149646192296,0.4219411139459315,0.14238032699558734,0.15444198770845852,0.9219016739434869
0.07012015078568094,0.6964267571660152,0.19956416329063406,0.033888928757669814,0.08686468626246376,0.11437222337189325,0.7594911045841449
0.1369923550962004,0.43844491264068475,0.07310372384135125,0.35145900842176386,0.1146883512473274,0.13769735756059026,0.8329016132125969
0.28039551215775915,0.4013455880554273,0.24270984281076194,0.07554905697605152,0.0852183892238597,0.09948705774019004,0.8565776409470979
0.3197253976158146,0.2218999501173467,0.26394517301872994,0.19442947924810872,0.1004051762629618,0.10998594503701968,0.912890971925248
0.06168696782502971,0.31312583999635435,0.2722617729480986,0.35292541923051735,0.13457689794456368,0.15044178565733649,0.8945446729214681
0.15906844245340795,0.5860166573219283,0.16080347303518877,0.09411142718947496,0.08714534125477645,0.1093236983870732,0.7971312948655312
0.013159041884919233,0.5232926072289995,0.23260002172637784,0.23094832915970356,0.11797333243462574,0.13774622262417074,0.8564542111365644
0.7639337805510302,0.030824040693034557,0.09233367214594622,0.11290850660998897,0.053868110603422746,0.06583233523261772,0.8182621870100835
0.4518296230046993,0.1539041329366748,0.25608791037333706,0.13817833368528884,0.08585873505871955,0.09372228828135423,0.9160972980191403
0.33495081004635324,0.13634017555464045,0.3779001255951128,0.15080888880389356,0.10308962508979753,0.11042461845265342,0.933574655129998
0.47895615197915703,0.37162397478470544,0.062434254047549216,0.08698561918858823,0.06235506321936255,0.07913405708936447,0.7879674758611992
0.09018502209051645,0.21948848115665,0.45017053975021,0.24015595700262363,0.13272466648583206,0.14299040942851468,0.9282067728618206
0.14670460055532508,0.05051731816767225,0.15077462918285914,0.6520034520941435,0.15948718907910112,0.18590182322086074,0.8579108387206202
0.36448136007572474,0.1256793320921228,0.4628609055222004,0.0469784023099522,0.09491199673828359,0.10386692437784847,0.9137846076293881
0.5418586897976437,0.10148398742087311,0.005303968559330312,0.3513533542221527,0.08900731904374408,0.10784749009807257,0.8253072831162235
0.2597541625809418,0.264619813805285,0.34727010631469907,0.12835591729907406,0.10148016962500846,0.11133344280973241,0.9114976332712257
0.13673093441862486,0.2977307835131339,0.5125219512151039,0.053016330853137325,0.11105733238718493,0.1238471560959945,0.8967289672853197
0.25403723275060214,0.39669098837856803,0.27559978592848483,0.07367199294234499,0.08892348031925353,0.10288767566951494,0.8642772785040286
0.27072311496675233,0.08587146962331324,0.06649037830727096,0.5769150371026635,0.1367820293395903,0.16262085695578238,0.8411100021246486
0.2224903344847679,0.445941529015259,0.17654563416546604,0.1550225023345072,0.09315205931248484,0.10962731670638519,0.8497157652957426
0.248052422278717,0.3494566063657453,0.24578784210648527,0.1567031292490525,0.0976318130569598,0.11020823857671812,0.8858848877164149
0.2355455162361048,0.2007739456663788,0.029278589323614358,0.5344019487739022,0.13003726467469123,0.1566747758449106,0.8299821332019179
0.2885178378490117,0.09204948766486239,0.2148249741264426,0.4046077003596833,0.12535910708442366,0.13942943734826166,0.8990863727815694
0.13167979600020566,0.732887172254919,0.04773081126369819,0.08770222048117711,0.0786357637636386,0.11033745983054884,0.7126841952352697
0.3156820574634205,0.3078190415624525,0.20484620559241706,0.17165269538170994,0.09291844397384463,0.10484700249684481,0.8862289026969641
0.1472537707956767,0.17882210197038254,0.45719822548916095,0.21672590174477988,0.12738753672617043,0.13645080005935709,0.9335785255253609
0.019077481328683595,0.2286204410157341,0.6482400598633105,0.10406201779227199,0.13443339303562601,0.146945517583055,0.9148519481694499
0.2366719797843173,0.31147837296010616,0.09066697853372939,0.36118266872184707,0.1123735062273226,0.13173986338058136,0.8529954665482568
0.2906447747196113,0.056756307406416975,0.17666438513941393,0.4759345327345579,0.1314724013306651,0.14893414909042654,0.8827552454127937
0.09232947457237076,0.5133188343047784,0.33852426458169255,0.055827426541158354,0.09972303288826746,0.11806970476686052,0.8446115206706052
0.23123957157447786,0.23482710184789332,0.13185712069314637,0.4020762058844824,0.12125649784171053,0.1394399452714602,0.8695965679393353
0.01093558438814085,0.7067673714144344,0.1297244376504,0.15257260654702484,0.0996656146437382,0.12774217803882715,0.7802091382334573
0.1346975478532923,0.07856052011274002,0.5463506606835681,0.2403912713503997,0.1382240407375728,0.14648444230523172,0.9436090178747678
0.07806302195330524,0.550179951919708,0.26241954505000853,0.10933748107697816,0.10130428504634258,0.12082134666428221,0.8384634656310336
0.3300043904256269,0.21843095079647903,0.12910841319237323,0.32245624558552083,0.10574776546022623,0.12068049658537662,0.8762622664998226
0.22442866830121588,0.13253058470886633,0.4894487524046878,0.15359199458523007,0.11790142607339416,0.1259247912122826,0.9362844674059237
0.10710832308310338,0.13081018118962687,0.5477833954703327,0.21429810025693713,0.1363260085168733,0.14522116302787344,0.9387475328971657
0.05715785083066373,0.04079249751898461,0.7035636281770583,0.19848602347329322,0.1492303807641596,0.15879116832067816,0.939790180665397
0.006157421973879927,0.3962043101461424,0.5307893847888941,0.06684888309108357,0.1208456344862584,0.1364620740286968,0.8855620533866838
0.3201637992503659,0.5474530129062033,0.08484316077837321,0.04754002706505757,0.06695946641820905,0.08991469847109577,0.744699893974888
0.11142980525209563,0.5281001276950458,0.012068434649391918,0.34840163240346667,0.11068619672179725,0.13835370312106354,0.8000233764971479
0.2778766688527692,0.3786596886291189,0.09789437793583981,0.24556926458227218,0.09586172118792412,0.11319917900480193,0.8468411346327666
0.16801534795192902,0.01067952435324349,0.022732973601122877,0.7985721540937045,0.16723225052267496,0.20546420488368458,0.8139240147321373
0.008613741202411665,0.6364322826461359,0.35129919208695326,0.0036547840644992466,0.09814837023522059,0.12271136431985066,0.7998311385357437
0.06656082497977885,0.6614323972139029,0.006121492019652324,0.2658852857866658,0.10172676526484979,0.13242758439389463,0.7681690014239945
0.19022906127812142,0.3282514236625807,0.22480613148912965,0.25671338357016826,0.11184577731934618,0.12575333712976683,0.889406037820935
0.24105468395195792,0.20169858153769704,0.38220419341702555,0.17504254109331946,0.11127913161789568,0.11999726880987344,0.9273472031618405
0.24040923512383994,0.32448876047362213,0.12960328602456414,0.3054987183779739,0.10806263451490974,0.12484911563629535,0.8655458548037521
0.31308319670957857,0.1272444878894954,0.43472163437629574,0.12495068102463007,0.10536715944782662,0.11288629680159405,0.9333919389083791
0.06639708798919511,0.6552454372865891,0.2633202244610664,0.015037250263149277,0.08970060609163495,0.11508819668611842,0.779407521140301
0.8445665032569079,0.03292503352005323,0.09424455280419955,0.028263910418839536,0.03898554741593972,0.05509853911241061,0.7075604552128401
0.29561003720976936,0.24357248974920398,0.3090295262117546,0.15178794682927205,0.09967429332425726,0.1090879145427225,0.9137061033944457
0.4643982463933306,0.2984964781923856,0.22603538644870302,0.011069888965580895,0.06630200416175523,0.07923141753271351,0.8368145645555324
0.21166659866029747,0.5009154797750458,0.2837880099832743,0.003629911581382234,0.08259159937122675,0.1017115227250946,0.8120181190724567
0.4853044352491264,0.14718643290296166,0.28846530797774816,0.07904382387016383,0.07908769997888485,0.0870401370203435,0.9086348285550152
0.027674943170006502,0.0157580816962734,0.8917233209202831,0.06484365421343698,0.14838379356286913,0.16346047538957872,0.9077655819195617
0.06851087661885207,0.19288501556675383,0.23110242697283584,0.5075016808415583,0.15103786883628686,0.1708046264949833,0.8842727034722505
0.4110014915705338,0.06589287612031959,0.300865101891033,0.2222405304181138,0.10241040252711077,0.10965201290691895,0.9339582540454099
0.13413109035942916,0.45537713102787347,0.13307344981108216,0.27741832880161504,0.11000370421112507,0.12983456944302957,0.8472605153082429
0.10876107929602775,0.44333139464100557,0.2484216153524604,0.1994859107105063,0.11036884365576127,0.1265377102897985,0.8722209640350924
0.1329134611754169,0.18188760202663343,0.4724431231569198,0.21275581364102988,0.12880803256711662,0.13799467714399719,0.9334275439675523
0.2410841621649535,0.02560787009619736,0.40941173076185516,0.32389623697699405,0.13280524115970999,0.14136887855212757,0.9394234609475248
0.01217155909744933,0.8501085783843569,0.11916450027532927,0.018555362242864398,0.08133677915872625,0.11851497661067531,0.6862995841101132
0.5680074612234122,0.0507540157627029,0.1597236624186251,0.2215148605952598,0.08317445180970318,0.0925501778421164,0.8986957534710792
0.08061411943183203,0.4339092730231643,0.24984708016129284,0.2356295273837107,0.11658889900119421,0.13307784710207815,0.8760954699827989
0.278088574996916,0.2259735818044065,0.438702451547128,0.057235391651549436,0.09863236828862587,0.10879473814212137,0.9065913478258467
0.1923875962816644,0.1762332231384312,0.19888959782027185,0.4324895827596325,0.13251543377029076,0.14934357115455696,0.8873193050482863
0.2667399330479484,0.16871939096561253,0.20582928323854424,0.358711392747895,0.11976182706391249,0.13344780147255453,0.8974432380479737
0.5036469833057515,0.05909536079312104,0.3430994788804844,0.09415817702064296,0.08450617215783476,0.09126295868544212,0.9259635384943401
0.4483238661076867,0.2330977958382851,0.06733849283488501,0.25123984521914317,0.08563206599989508,0.10045572530167307,0.852435893949679
0.21641146463947689,0.1524476289376721,0.394219657823238,0.23692124859961292,0.12151676171183487,0.13009422424743333,0.934067307098242
0.04096694694555641,0.6930132731106646,0.19162241873809815,0.07439736120568081,0.09295310310850853,0.11969252695473263,0.7765990532029049
0.061861593507974,0.12612449131032433,0.623728284452227,0.18828563072947466,0.14128231507561118,0.15092987126963192,0.936079212730622
0.01579831736867579,0.04346759017914828,0.7767350046395965,0.1639990878125793,0.15266876591836923,0.16373420146640086,0.932418300825791
0.44174141181561705,0.06823629082802544,0.39287727448136944,0.09714502287498808,0.09197196434147716,0.09880457933321403,0.9308471830167488
0.21992202776717937,0.21842696552906526,0.21532741329027993,0.34632359341347535,0.12125215881861522,0.13530599729053525,0.8961329227577179
0.01994778275136404,0.12806595693938905,0.023730142457608724,0.8282561178516381,0.17857431757975345,0.21945348363759942,0.8137228656376542
0.26637783823884803,0.6128268428669426,0.08169365318146772,0.039101665712741776,0.06829981688523146,0.0943491049815424,0.7239052972319452
0.25653970842133617,0.25473805437734076,0.17261427382260164,0.31610796337872143,0.11207619172397511,0.1266204994747094,0.8851346518843948
0.07105769163031773,0.6047992711262873,0.057734763561176884,0.26640827368221826,0.10569897208206666,0.13254937583762108,0.7974309302787863
0.6117795573315106,0.08018468820154089,0.24870226763329592,0.05933348683365281,0.06702055683246302,0.07531727302579941,0.8898431148656377
0.4194376177831287,0.038464257326612114,0.19103977642618877,0.35105834846407047,0.10994888652526784,0.1219670058772352,0.9014641765981851
0.08949109963841906,0.23106959525668963,0.6344564666564435,0.04498283844844772,0.12212973134889271,0.13550418079999235,0.9012986213994336
0.2636980492371808,0.6089933895793445,0.10938386218335228,0.01792469900012259,0.06789601738282508,0.09361966299535798,0.7252324480829591
0.14898966059479105,0.023729014116942785,0.4788164573336076,0.34846486795465853,0.14615626639105467,0.15533749768804334,0.9408949453053063
0.1133747949749402,0.04431881834390984,0.7424517947850602,0.09985459189608964,0.13670850078054944,0.14796078083044645,0.9239509281666242
0.2914370239596748,0.2229367521156316,0.3436833611436432,0.14194286278105045,0.10137538985504428,0.11026632188255553,0.919368562624398
0.23469513016445356,0.08083643706959362,0.19587232075047264,0.4885961120154802,0.13745252371382757,0.15528697779347286,0.8851516441812359
0.1656215902134011,0.04355416388840956,0.027336433077876237,0.7634878128203131,0.16315925080220076,0.1995938514006687,0.8174562976625547
0.5504490012327493,0.29835730330889665,0.07432024546788737,0.07687344999046651,0.05841671807455417,0.07311236692882865,0.7989991369233062
0.10414850791074495,0.42373187410884744,0.3033317799453206,0.16878783803508704,0.11100153594464972,0.12584298600865124,0.8820637483682943
0.11343937039121979,0.09820009687393691,0.7326144014975933,0.055746131237249905,0.13018418066108894,0.1429302445793735,0.9108231854231084
0.10940657328256426,0.1853930657381404,0.17147212957603955,0.5337282314032558,0.1476321117843782,0.16968574005702922,0.8700325185531851
0.014643194663687792,0.5584614251046741,0.10821028672663936,0.31868509350499874,0.1193537253605966,0.14455159670467943,0.8256825111689193
0.3749429338199322,0.02941043877718186,0.03320370565485831,0.5624429217480276,0.12702672958863565,0.153048398081491,0.8299775180985556
0.4372957118714784,0.36211313095211345,0.11409373664257207,0.08649742053383616,0.06850737800723056,0.08343010471854959,0.8211349876443202
0.1337993862595095,0.46962585188374795,0.34852814951982886,0.04804661233691396,0.09743834225240966,0.11428421057284041,0.8525967127392997
0.2737370777421254,0.01766576791605914,0.5123445905418638,0.1962525637999516,0.12281354665023653,0.12959605036557692,0.9476642714325965
0.06407499459128733,0.3793021394821477,0.2115692552515261,0.34505361067503887,0.1285787600783128,0.14676075503345962,0.8761113285973382
0.2875337309826962,0.23273489986967208,0.22499521890592605,0.25473615024170565,0.10673863049476101,0.11817243073002512,0.9032447740591408
0.04564814977581992,0.40081832811918283,0.055566825209748934,0.49796669689524814,0.13689860912437118,0.1652184951894413,0.828591308542072
0.31368877433712417,0.16797675893224204,0.5173247164426864,0.0010097502879473474,0.09583280613599185,0.10754743582994873,0.8910747652554009
0.18360038101806792,0.4082351297722568,0.010223229780362275,0.39794125942931285,0.11337020305733625,0.13917546436180406,0.8145846940565343
0.21084992324239743,0.11551763284279577,0.6666775677165341,0.006954876198272772,0.1136958431609783,0.12695450239578862,0.8955636942006545
0.20728247939896763,0.13591291431986063,0.21316956995879205,0.4436350363223797,0.13436199634866436,0.150687799548096,0.891658095423838
0.4549739830072543,0.07987158046185987,0.08269812032497104,0.3824563162059149,0.10358647158240392,0.12021350769454282,0.8616874556693956
0.16355592404456198,0.03754277474545312,0.42707044655833465,0.37183085465165033,0.14432585062715322,0.15436174335381161,0.9349845855028005
0.008191397681046349,0.1767185960939409,0.3309299884768713,0.4841600177481415,0.15900563150135577,0.1760609984296965,0.9031280801514302
0.22141671401710905,0.14316738307040566,0.09392532142220185,0.5414905814902834,0.13683696560665753,0.16072244651177697,0.8513867762498922
0.3819096049871462,0.24045146208029453,0.05488531489241192,0.3227536180401474,0.09725331528725481,0.11479191028883777,0.8472140157137154
0.0032069644532522457,0.6643537047226056,0.28946652780367554,0.04297280302046664,0.09858343839429211,0.12359601857775157,0.7976263275202138
0.02627917996704636,0.15389786846360862,0.36975360768134985,0.45006934388799513,0.15677534432159504,0.17169915038554723,0.9130816545659017
0.10442247135312736,0.32476950566676854,0.031674202723441285,0.5391338202566627,0.1374002092835851,0.16652023141776376,0.8251262210828741
0.20463135834763266,0.19408781238008935,0.14531926311021806,0.45596156616205985,0.13066897673250358,0.15000416716734402,0.8711023113559893
0.7961657436200744,0.053458889673179494,0.14590869834914302,0.004466668357602913,0.04244507557341609,0.056986775068152175,0.7448232598292283
0.4497068435004284,0.3573430716857085,0.09484782727686986,0.09810225753699328,0.0678557774869373,0.08306070043617213,0.8169420331228843
0.3702591651776041,0.13746019930821907,0.3435764441427179,0.14870419137145893,0.09830470215082689,0.10559827718928054,0.9309309277330328
0.21080255051891217,0.3141743106399588,0.028994671198552247,0.44602846764257675,0.11976314696347357,0.14454279218884541,0.828565334527389
0.07528745299197419,0.09920322420285513,0.08913194662189464,0.736377376183276,0.16909524198397874,0.20235311866551342,0.8356443582344316
0.11897578875036816,0.34529777714589616,0.2989288885241689,0.2367975455795668,0.1187492025697588,0.13213764294844638,0.8986780747715388
0.08359879108796389,0.01551411398492673,0.26475319942103087,0.6361338955060785,0.16969772281507448,0.1920934238000468,0.8834124534722002
0.18910312450735509,0.21699393294757924,0.286511868958533,0.30739107358653267,0.12342663285756414,0.13535235887501204,0.9118912583676474
0.08499264535533087,0.19170253799113626,0.664278413123798,0.0590264035297349,0.12656607324100283,0.13937812824846116,0.9080770048467072
0.10939512652512937,0.2695180212444032,0.473076445197755,0.14801040703271234,0.12161771220381654,0.13241181890420536,0.9184807912940315
0.6207283990038006,0.07007870579541692,0.005129707453486326,0.3040631877472962,0.07890217105323738,0.09621321092253127,0.820076269118257
0.09934262168367972,0.5805093630532748,0.1458371619032747,0.17431085335977065,0.09936025280484817,0.12171336306122343,0.8163462935032749
0.604038412851526,0.14473382870980814,0.05665094401533236,0.19457681442333344,0.06962514075368363,0.08258490870029574,0.8430734119517687
0.7441380932291047,0.036658418376811254,0.09994401540389719,0.11925947299018688,0.05629234805958083,0.06767097488669212,0.8318536588816167
0.2678921007138563,0.20940950255368243,0.2674333190395348,0.2552650776929265,0.11118452058755042,0.1216860004221838,0.9137001808079894
0.1579807842462287,0.020697065968105582,0.6079355068666695,0.21338664291899628,0.13847606491649164,0.146399708467426,0.945876643923117
0.0512628785441405,0.21967365620411566,0.34183443385024875,0.387229031401495,0.14512338486300722,0.15931170868383873,0.9109398553436591
0.610067606449724,0.19361971625033078,0.09578754970417486,0.10052512759577019,0.060227890241297904,0.07208358810702017,0.8355284721936913
0.48350374869646184,0.32898671823317416,0.10211832351939656,0.08539120955096745,0.0650951356883544,0.07945225324772115,0.8192987993102822
0.10687245522766718,0.21412877607718983,0.6082653337331914,0.07073343496195181,0.12251295048232569,0.13450914366121974,0.9108150356743914
0.2370781974201858,0.14523509791063122,0.14168675933414845,0.4759999453350344,0.13136102376927705,0.15086134788515487,0.8707400908897971
0.46435545107438164,0.2622078906333382,0.10668474158731228,0.16675191670496778,0.07699475594491172,0.08963132886298424,0.8590161154768827
0.00514372714014654,0.29436124095321214,0.5532119084302869,0.14728312347635447,0.13314657236934171,0.14552139740174347,0.9149621618995428
0.5208942338117769,0.03534614318909754,0.37833675410309164,0.06542286889603406,0.08272720159414293,0.09000243506417048,0.919166259614638
0.026159533241165336,0.23600464494511253,0.3773473209763931,0.360488500837329,0.14574331412490596,0.15926239376807586,0.9151144264297766
0.6995023868545039,0.16205743325872102,0.04938584413342704,0.08905433575334797,0.050552811835884205,0.06448909405137088,0.7838970694116857
0.29832247384436816,0.3514675025305212,0.054195576562963754,0.2960144470621469,0.0979014005508978,0.11711041936154536,0.8359751513539958
0.20609289451165716,0.09981504042244638,0.47644704951344846,0.21764501555244803,0.12610497125731127,0.13385294462621086,0.9421157794433579
0.2544587450240672,0.6599948517306767,0.08103733784843119,0.00450906539682499,0.06434622827825841,0.09369577152113005,0.6867570140424875
0.6155885370427046,0.26052908515916695,0.08086489819014026,0.04301747960798823,0.051282037352114465,0.06599902441254019,0.7770120514443634
0.4531611699605291,0.09041485721904216,0.22488264518755524,0.2315413276328736,0.09543292570925155,0.1039445798785649,0.9181135353160574
0.5588036926515683,0.08394313919513428,0.15854694988147514,0.19870621827182225,0.08057537973327648,0.08979332328810256,0.8973426618229705
0.6318586933553855,0.17357813850669299,0.05394067601569253,0.14062249212222905,0.06100324338937591,0.07403931032074007,0.8239304651151989
0.6184839615816485,0.03501532135670035,0.3407995835492946,0.005701133512356448,0.06708091596146747,0.07687878932985191,0.8725542707710155
0.639187173547041,0.12423516433181588,0.18500409022742026,0.05157357189372274,0.059545532887025514,0.06939133954746152,0.8581118807527591
0.48831768660627295,0.011501790958058896,0.011732944194239031,0.48844757824142915,0.11002093637661127,0.13360196376740135,0.8234978983404448
0.044316701144286,0.017986466088823084,0.32488630983565714,0.6128105229312338,0.17344043771069867,0.1936611932351993,0.8955869516927805
0.11528779954628733,0.46146008801662236,0.007737203387419332,0.415514909049671,0.11887152447013641,0.14697498058190797,0.8087874820564461
0.1217737714750016,0.04303749334987019,0.49718575704780893,0.3380029781273193,0.14762655914662615,0.15685158985741768,0.9411862466986957
0.19247209151030106,0.08709786739712247,0.34478983262577356,0.37564020846680285,0.1367928091352312,0.1480404376117691,0.9240232691959854
0.40971477126087474,0.029996885666081108,0.03383102401555844,0.5264573190574857,0.12066019483567408,0.14499101959340957,0.8321908155004006
0.547981842076516,0.07741362444627,0.3682028646877461,0.006401668789467834,0.0728893540138247,0.08247129147769718,0.8838148731251075
0.19459204730984722,0.06735903602935582,0.42016281652249887,0.317886100138298,0.1352086159742863,0.14415677486085912,0.937927586856673
0.18376315572240054,0.18463515887747817,0.5403209226001857,0.09128076279993573,0.11590401518588649,0.12590453727982326,0.9205705980896417
0.06252102608222451,0.36036291221476036,0.4230666419486206,0.15404941975439457,0.12074570461984972,0.13371006942548733,0.9030412229883534
0.4039948878271343,0.18313596139605806,0.4058988747930586,0.006970275983749107,0.08317830146997535,0.09375042843334866,0.8872311610726183
0.055108840653330916,0.8303764626087715,0.0050815321597984815,0.10943316457809918,0.08187739193527024,0.11958418128658371,0.684684136767646
0.39783845899070786,0.2263919834890588,0.023947788011342105,0.3518217695088912,0.09776073012752784,0.11721290255946276,0.8340441025929998
0.6431000682390055,0.11989603119349145,0.1846812579735751,0.052322642593928034,0.05942144076314638,0.06923951412989436,0.8582012960355393
0.09012104124020161,0.44969385566716763,0.3885602895768378,0.07162481351579289,0.10588999686119002,0.12184220550233359,0.8690748532056239
0.37174871672968274,0.31413361968405584,0.2527324516862342,0.06138521190002713,0.07961123784541813,0.09136506459521482,0.8713531610591967
0.04041797009051551,0.6618085120617646,0.2932845026939014,0.004489015153818472,0.09202543368098275,0.1178218775535029,0.7810555695753024
0.20774542947917024,0.10109381801252802,0.29107674749626006,0.4000840050120419,0.13490978897730777,0.14775257933955507,0.9130790784184358
0.1899585730483854,0.057613015611663536,0.1993730940343459,0.5530553173056052,0.14834911012005708,0.16874799424454187,0.8791162868879872
0.5609898468102082,0.030498406970532542,0.28296645676583637,0.12554528945342308,0.08090871182970151,0.08751899368400962,0.924470316944288
0.0008615896398391667,0.3291092066994067,0.3857055107060536,0.2843236929547005,0.1377754414586034,0.15160877422120364,0.908756384096762
0.6930560414178069,0.01779699362825841,0.1663248503567616,0.12282211459717303,0.06462006085528307,0.07356227840757192,0.8784401768696658
0.04673485511286769,0.03367591248580091,0.02957694482726088,0.8900122875740706,0.18573101021516666,0.228747140824416,0.8119489911252352
0.35989524489629726,0.08665145820014375,0.12235145191584645,0.4311018449877125,0.11783659375685548,0.13518494221712957,0.8716695204676735
0.7436416276700527,0.03941100850582819,0.19034823545642945,0.02659912836768965,0.051503664140811374,0.06286160134268881,0.8193183603459311
0.0035837060565696395,0.28828018143666695,0.09276610779821472,0.6153700047085486,0.15724020393314003,0.1873160512790981,0.8394379598513664
0.012946240928408521,0.26930268883607433,0.6781614185620042,0.03958965167351298,0.1287522561560966,0.14394082775323563,0.8944804484299791
0.09008626200910795,0.25419696005579795,0.10713326417309127,0.548583513762003,0.14538220482245232,0.1711078926012183,0.8496522434606688
0.05169104258202249,0.3039316719846724,0.025811887902354978,0.6185653975309502,0.1498939005821108,0.1826133400459864,0.8208266742416733
0.1300447167435429,0.4590092121930533,0.20681023343412785,0.2041358376292761,0.10658024172935898,0.12376598745624717,0.8611432261794577
0.31051651940505787,0.23910622354805702,0.08011176792220401,0.3702654891246812,0.109017629049732,0.12745071897032592,0.855370843966085
0.04417141644373647,0.3165747647963088,0.3552308862496551,0.28402293251029964,0.13313288130412454,0.14661727520232318,0.9080299788712417
0.28401755096178044,0.32374077575977145,0.2623485474076679,0.12989312587078045,0.09367311260772589,0.1052291808477804,0.8901819044208755
0.05664164203821891,0.485432998104805,0.358610603550862,0.0993147563061141,0.10876768450195286,0.12566863750327792,0.8655117670000662
0.13580003421579423,0.5767060623040039,0.10974627131413761,0.17774763216606426,0.09509689217592966,0.11803232260117781,0.8056851723341477
0.3043942626654434,0.2060096206271111,0.18471734455095726,0.30487877215648823,0.10919191481114789,0.12211308075977888,0.8941868809775626
0.14685778607066186,0.10806367667015326,0.27973191808547043,0.46534661917371445,0.14553072463588743,0.16120184595676776,0.9027857204247951
0.014431426158306296,0.5152814768565115,0.14528489011196738,0.325002206873215,0.12315150679456005,0.14621157974944987,0.8422828547888896
0.07357208484027376,0.2544841564698548,0.1844353661782532,0.48750839251161826,0.14445231607875694,0.16549829191933935,0.8728326703768048
0.4645549906357078,0.01184880278323577,0.0064557390365875406,0.5171404675444689,0.11451697037192257,0.13959597220913808,0.8203458062554773
0.18928352813221927,0.36333388559067054,0.11727062217509927,0.3301119641020109,0.1128320287006584,0.13177076438056573,0.8562751322804004
0.1631066798099815,0.18014935498462104,0.13588931422031836,0.5208546509850792,0.1404269157751867,0.16268378408745782,0.8631893864707133
0.04086183518395886,0.6923907732616713,0.15917934576966344,0.10756804578470654,0.094675101854387,0.1215878062741128,0.7786562218331942
0.17637570499762176,0.5584857905827387,0.002448897351858586,0.2626896070677808,0.0955267754570791,0.12220620931246502,0.7816851205394142
0.30750525386613503,0.16023094356449882,0.35559650212186994,0.17666730044749626,0.10603920653461736,0.11389250211864807,0.9310464215120193
0.4944970207389862,0.05261916892209734,0.26610376334400226,0.18678004699491405,0.09084485613990968,0.09781092246581885,0.9287802818918967
0.7217971339141092,0.024609312259049197,0.08627867035386669,0.16731488347297493,0.06256337178409062,0.07416002328838839,0.8436266469442504
0.371044425283695,0.03381593041910304,0.22358976218767582,0.37154988210952616,0.11763644438506772,0.12965325941940967,0.9073157505784774
0.12308393250591923,0.26772599080826925,0.36016213749102177,0.24902793919478985,0.12503240646930847,0.1363973128303096,0.9166779306338675
0.0969469236691983,0.1190122101386327,0.3743509164852214,0.4096899497069478,0.148360420597261,0.16112117352689168,0.9208002731714162
0.08818105637472402,0.47217032550104027,0.012972673890890704,0.4266759442333451,0.12209663384286994,0.1507840352328761,0.8097451010267742
0.27175422409681865,0.4449508715877582,0.011237804056129353,0.27205710025929397,0.09267873615335766,0.11535477272280484,0.8034235078947515
0.24845760830336383,0.02061580365413417,0.2936083487779117,0.43731823926459035,0.1379171585914615,0.15110029516472911,0.9127524101862581
0.37347509341679397,0.14465040724352732,0.13200159424525612,0.3498729050944227,0.10736985053105576,0.12196279443434008,0.8803492165707913
0.1598119290778066,0.1734637537419774,0.4400811362628356,0.22664318091738045,0.126679507966396,0.1356676450456145,0.933748853116773
0.08760990533359615,0.5273710166685464,0.07146961395422052,0.31354946404363687,0.11209850417533063,0.13689047680951655,0.8188919111686344
0.1854926464947597,0.09292707635566504,0.6408570391753433,0.08072323797423216,0.12248795174593967,0.13279177252058766,0.92240618090213
0.0780572597151554,0.20040372154059788,0.5002617853562425,0.22127723338800415,0.13488412018318216,0.14480166566892821,0.9315094516355817
0.0018905981646866047,0.03845591410902893,0.8194776993256485,0.1401757884006359,0.15368653852990022,0.16580434888598566,0.9269150029085294
0.04073766373645135,0.18767933816475219,0.21820927986603683,0.5533737182327597,0.15735844257271916,0.17935436097901364,0.8773605599204347
0.05513756434579976,0.32658449478761836,0.5227757714174089,0.09550216944917304,0.12148046552449523,0.1345792930649654,0.9026683285210378
0.25455990448255994,0.02749826169228191,0.08831557466209304,0.6296262591630651,0.14618866444003792,0.17330811203144583,0.8435188793327387
0.3300266894000148,0.0065910129649561664,0.4708914689549297,0.19249082868009937,0.11619379077480656,0.12254889376658888,0.9481423063362245
0.4824319117510778,0.12420976510016697,0.30857520228991836,0.08478312085883682,0.08158622630728837,0.08909795632824012,0.9156913319843357
0.2995838526939761,0.0628575430461732,0.6359507563057285,0.0016078479541222605,0.10610588810379537,0.11851993243927647,0.8952577504898476
0.19699398188406328,0.05860474989472536,0.6112311657888795,0.13317010243233182,0.12636090748511034,0.13495758084939563,0.9363009227775159
0.02998893756768263,0.31200105569097303,0.33692040257619593,0.32108960416514837,0.13719583386918083,0.15160071156412458,0.9049814638313836
0.043845321466634085,0.25810280534013447,0.22430406730268168,0.4737478058905498,0.14733927407665431,0.16712483500489078,0.8816120839990211
0.25738927677403745,0.4656995940500496,0.2193070497835855,0.05760407939232738,0.08216363046498752,0.0991301510475946,0.8288460130111063
0.14677531049160203,0.021437812776336038,0.7282117567886522,0.10357511994340964,0.13438294061115533,0.14503660823000464,0.9265449754454109
0.39272678479320766,0.3498811633758129,0.1135207367782166,0.14387131505276288,0.07814859065945612,0.0926160933821082,0.8437906178685037
0.17260084013867857,0.008607774093835773,0.5547585948130618,0.264032790954424,0.14007490840218614,0.14775383391837302,0.9480289254597
0.42955736076560147,0.1889102802366923,0.2573409911151784,0.12419136788252788,0.08525428907566282,0.09366783587056222,0.9101767782216521
0.8749403399327097,0.012506453281443205,0.03366008524707973,0.07889312153876744,0.03920189562317067,0.05680101436741432,0.6901618934055527
0.32285646300959886,0.3212928385681316,0.3334258451234383,0.022424853298831156,0.08344647538824317,0.09607985309099383,0.8685116879728569
0.10418612994155746,0.6455668550321774,0.0807355936449905,0.16951142138127473,0.0932860257740871,0.11976460875852663,0.7789114559057548
0.15539448009475462,0.48508738853241146,0.2900863947284622,0.06943173664437163,0.09446331333730755,0.11157377003388598,0.8466444515464359
0.17640037919795834,0.0004701061165017432,0.11595945435486893,0.7071700603306711,0.16238884523147884,0.19224375855404044,0.8447028213185435
0.6890015719683688,0.09920350707628521,7.163364213547208e-05,0.2117232873132106,0.0630796794436698,0.07891561838966847,0.799330737449155
0.03556471049912553,0.6340625314561584,0.10169747710829297,0.22867528093642306,0.10608534916544216,0.13230508202219862,0.8018236907002769
0.08180383253168191,0.2591505867359372,0.5294485009708555,0.12959707976152557,0.12511330882008267,0.13630343470638587,0.9179028326732332
0.07073512443907395,0.03254647621415069,0.07602098562948564,0.8206974137172898,0.17923558641165283,0.21671746325764923,0.8270472702911105
0.051904636392913046,0.23819437896998596,0.008251838281500059,0.7016491463556009,0.15927930426910247,0.19564011526422573,0.8141444000581608
0.05654619019632335,0.43296928068820895,0.21289045270699125,0.2975940764084765,0.1228911566398451,0.14125955721372938,0.8699670242765067
0.293898531723088,0.22614935746000803,0.4180308598806107,0.06192125093629324,0.09679730482601258,0.10669205220184692,0.9072588147698685
0.46049413627602304,0.2690794787088575,0.05845516515418764,0.21197121986093181,0.079207964980455,0.09415677962657085,0.8412348563172681
0.46006604847204946,0.22172032990441784,0.20801265833113106,0.11020096329240171,0.07796383547090024,0.08752040941888187,0.8908074812328304
0.011219956147132764,0.2611723233730589,0.041844899155349495,0.6857628213244589,0.16193576089725098,0.1966581270783306,0.8234379290755199
0.5191816620586671,0.17170796490769963,0.20586240223372923,0.10324797079990396,0.07393214527975249,0.082734886360821,0.8936030317044462
0.044248481607644295,0.8765495059759278,0.07817159911373799,0.0010304133026899592,0.07417525757806653,0.1145307033726211,0.6476451763047353
0.4110365665590582,0.3248766548642494,0.008956834469910323,0.25512994410678225,0.08333161116352163,0.1023250982824264,0.8143809540599604
0.3019568305611012,0.4114798470344622,0.08389277531693796,0.20267054708749865,0.08796075161867481,0.10576659287809101,0.8316496657887087
0.41237125885542475,0.08466244235753538,0.24956725953075173,0.25339903925628815,0.10228869292300637,0.1108629581082264,0.9226588814557006
0.3317242461834592,0.05764843286333018,0.6090861031247904,0.0015412178284203064,0.10234103425850491,0.11427319202452729,0.8955821785090129
0.05178358984796669,0.3548525018073485,0.39413903329461847,0.19922487505006642,0.12484117692767979,0.1378810927211524,0.905426367487207
0.5207938036873765,0.020458407735334982,0.27811287780326127,0.1806349107740271,0.0896918784405156,0.09631053483527766,0.9312779603385849
0.22073752828299625,0.4471855986742484,0.06267517587618851,0.269401697166567,0.098999358287599,0.12003009267076985,0.8247878184943506
0.38655566078545356,0.31329649289402434,0.012127814786084965,0.28802003153443706,0.08908504624309094,0.10858414991359365,0.8204240334706381
0.04029125242435615,0.1373959335098261,0.07639196509106384,0.745920848974754,0.17106650495278533,0.2057498618438596,0.8314295009471504
0.03949553865555701,0.07022625792842074,0.32056348692949216,0.56971471648653,0.16773321516483042,0.18676049398419,0.8981193591136554
0.11219243384666769,0.023037943208039098,0.8436510987639735,0.021118524181319657,0.13462787435235604,0.1501606898829139,0.8965587095885788
0.28705917292062216,0.13226150010165327,0.16213869769584235,0.4185406292818822,0.12302841897628096,0.13935593492891352,0.8828358766279933
0.42983441378197174,0.4315933297425309,0.09297018348355846,0.04560207299193892,0.06187416347853815,0.08030989445998604,0.7704425948332756
0.1116983797140612,0.2695585974609915,0.019371254132815964,0.5993717686921314,0.1438831112748993,0.1752117417060095,0.8211955995296423
0.006611671865473804,0.1413433036857057,0.8041579193492545,0.04788710509956597,0.14022737361761023,0.15537953767303442,0.9024828862130551
0.41043481649058977,0.3980832486457524,0.16764899684471793,0.02383293801893999,0.06598846086551015,0.0821123817193472,0.8036359375258755
0.14085529245503528,0.12570090505993833,0.15060707441212062,0.5828367280729057,0.15077457597969562,0.17472586571853077,0.862920755090613
0.07020763732004168,0.4416737929981735,0.27549889829461943,0.2126196713871655,0.116170087277899,0.13232324756626998,0.8779265126463801
0.34685616993685536,0.15811126222540595,0.28407479194049307,0.2109577758972456,0.10280768572503861,0.11126434893552727,0.9239948528761094
0.19468107817629676,0.14249263637218712,0.5502791582358799,0.11254712721563602,0.11891940528808823,0.12804636805932532,0.9287214240468854
0.45172226285204287,0.4221731152732107,0.07678151949092447,0.04932310238382191,0.059968411726568666,0.07852316786400138,0.7637034184666528
0.08220106467253056,0.3636684777122455,0.5513888929266108,0.0027415646886130834,0.11035746161002202,0.12676963007651423,0.870535486641506
0.19310842109111487,0.19478109686328063,0.4613528467053961,0.15075763534020847,0.11685129927610305,0.1257918090268998,0.9289261374014832
0.4590051987172493,0.08045527804685017,0.45313884913254676,0.007400674103353706,0.08426293562817726,0.09413637038488339,0.895115620919546
0.20181242168819483,0.173431558589981,0.25906601564731047,0.36569000407451363,0.12817436069706187,0.1413984630273632,0.9064763361130579
0.1914621437427198,0.05880198656700756,0.16201563692790882,0.5877202327623638,0.14979177402620403,0.17281409418055077,0.866779846496237
0.07306175376564539,0.5193968248643935,0.10034815839760158,0.30719326297235944,0.11430988916993258,0.13791826148664882,0.8288234490325151
0.6037922266735031,0.2123542340994779,0.17025364217016087,0.01359989705685808,0.05519866665732926,0.06756168355643206,0.8170114146315436
0.5743753137529621,0.14663128917859208,0.21008396114673897,0.06890943592170688,0.06704617787391291,0.07601506446116611,0.8820117216129555
0.43539680591829827,0.1273607725851593,0.43693440278723805,0.0003080187093043379,0.0832249543592737,0.09362832200416915,0.8888865311029263
0.1602938675292925,0.4413158698671133,0.11823245690414073,0.2801578056994535,0.10786441791679559,0.1276088279470531,0.8452739489273439
0.27258758040346454,0.1467937743736911,0.2609492695482679,0.31966937567457643,0.11880358138138314,0.12997099662719586,0.914077636275692
0.5579539671168295,0.14494824893249192,0.25859692603988516,0.03850085791079341,0.06779516725575248,0.07694448753669936,0.8810919329785252
0.14047862412543966,0.6870543983936835,0.15585036436814317,0.0166166131127337,0.07760425764783485,0.10586283309445188,0.7330642434119967
0.1257875190354611,0.5613427077255666,0.1831631172513831,0.12970665598758907,0.09522553870672418,0.11593939017595178,0.8213389648005576
0.14659493461913645,0.14758743475439567,0.6842834914728282,0.021534139153639612,0.12021237067684257,0.13371601739120098,0.899012496948275
0.28767043878042964,0.0838433954754585,0.38209092617988444,0.24639523956422738,0.11821513329871883,0.12581775142912355,0.9395743601832888
0.13040738759330506,0.3724852209427733,0.4158273064226937,0.08128008504122794,0.10731222618950988,0.12077574583775061,0.8885246408138308
0.11857210267025695,0.09218160657483333,0.18508713557750897,0.6041591551774006,0.15741905588574995,0.18103765154604703,0.869537659936504
0.044509213101450146,0.005207505178618652,0.8315472158119132,0.11873606590801797,0.14973400517792285,0.16205847894764464,0.923950453874719
0.0006724745956870172,0.5076024835270447,0.03201534592658739,0.4597096959506809,0.13228986441793117,0.1627910488135515,0.812635985713477
0.1993444376108429,0.23306356677949427,0.45861928843981764,0.10897270716984503,0.1108887731267231,0.12074141748287996,0.918398801657651
0.009709486721260574,0.2817130890444526,0.18165348845959808,0.5269239357746889,0.15254691639141438,0.17602610252341874,0.8666153155957046
0.30016273102838464,0.3805239675490104,0.2438975568827036,0.07541574453990132,0.08430771478938423,0.09788994686186354,0.8612499801267055
0.2997113847806987,0.37194690608202463,0.008674788479999977,0.3196669206572768,0.09726511352481107,0.11932937989614381,0.8150977873970687
0.22309633975763135,0.14317237325478221,0.5954580423835962,0.03827324460399014,0.11145734820132484,0.1227246323182399,0.9081905245582841
0.3542143050518713,0.3356331433734194,0.036844859579927114,0.2733076919947824,0.09076687347312233,0.10946626907451008,0.8291766426362838
0.10755193822386411,0.10971427891170031,0.5000852707542802,0.28264851211015535,0.14137353132346941,0.1504523641760366,0.9396564294467017
0.1346076003126819,0.8221896627415836,0.03068141666361564,0.012521320282118968,0.06735190495413063,0.10609669562512994,0.6348162358618993
0.43391130238475345,0.03594081485433498,0.17150535758863916,0.3586425251722725,0.1086483917602489,0.12138002060183829,0.895109353430143
0.42696298047444164,0.2962692078215141,0.19466934330794475,0.08209846839609937,0.0748981993324064,0.08649243111308842,0.8659509088659721
0.10186821257721419,0.36983824046677993,0.32480880886909236,0.20348473808691353,0.11734431003196544,0.13081658624063944,0.8970140056713335
0.1933083856803404,0.024339052507731374,0.7075229410359748,0.07482962077595336,0.1266642666997349,0.13758319551784695,0.9206376274586843
0.6955437851319021,0.013715835950118202,0.23968012875973016,0.051060250158249554,0.06103505356475575,0.07011463038291002,0.8705038196939942
0.03645433228571515,0.03918724536989922,0.308871195758008,0.6154872265863777,0.172900318502584,0.1937780422128249,0.8922596003560038
0.297287321342802,0.21736221271499498,0.10322867742061219,0.3821217885215909,0.1130697606343157,0.13087249087567496,0.8639688897014168
0.34825255669100397,0.2877441230502947,0.18930395822855156,0.17469936203014966,0.09044260588765338,0.10208647989608062,0.8859410764257895
0.330671640616158,0.5998705665808717,0.027417121412584365,0.04204067139038588,0.061125074962949014,0.08843748904898499,0.691167010961745
0.39695170767989163,0.2503028913229864,0.08452972096401941,0.26821568003310253,0.0917828306974303,0.1068515922386866,0.8589748526386441
0.30573748949192747,0.031683950684243414,0.28380316969810715,0.37877539012572187,0.12665817981759603,0.13792491476167926,0.9183125473483087
0.2491653632091763,0.5251087572966441,0.002712344153817107,0.22301353534036233,0.08675047896609364,0.11138793112772424,0.7788139889825246
0.014021810104576551,0.06856664173816611,0.07765175872789018,0.8397597894293671,0.18467982281882012,0.2234802273914041,0.8263810403923171
0.5094637026520319,0.25622913590697155,0.2112918273521523,0.023015334088844337,0.06442215448712035,0.07622419150750469,0.8451667799031708
0.22848004825830712,0.2066261610360387,0.2592161485233546,0.3056776421822997,0.11905138295265198,0.13095403120640092,0.9091081951116969
0.44194473267307405,0.18156034186570616,0.12224005307376992,0.25425487238745004,0.09073510102261641,0.10311420528097426,0.8799476345220697
0.4805119138551488,0.24778228821576398,0.05754291448109932,0.21416288344798803,0.07841901231396896,0.0930214529849698,0.8430207204636948
0.051129862708599115,0.14754009611570776,0.6952074906417106,0.10612255053398237,0.1368560376853246,0.14858668978777692,0.9210517973096584
0.37105405858500146,0.22129477069907436,0.14462182013661348,0.26302935057931076,0.09721085825698941,0.10999129520388617,0.8838050145404124
0.48703766023774975,0.14417453376777867,0.1481632171678296,0.22062458882664204,0.08618237090900235,0.09659607962686434,0.8921932571374684
0.2100916058738368,0.3802782999119132,0.16062954500665996,0.24900054920758982,0.10471585470382762,0.12087007094626125,0.8663505687059968
0.6828866480794203,0.2975545448263244,0.004592966328273583,0.014965840765981755,0.0381686642018685,0.058964628877971846,0.6473145838136131
0.4555989496929466,0.10598314982251403,0.16043970618294415,0.27797819430159515,0.09619239426919557,0.10724706705362981,0.8969233090644217
0.20705757291305724,0.05695662571875069,0.4249688455377642,0.31101695583042793,0.1340768332553239,0.14270310648737322,0.9395509078646961
0.35368232822300966,0.6264797345426355,0.014142136156232584,0.005695801078122219,0.05418770862150401,0.08461645089073136,0.6403921229392945
0.48012099239077216,0.180506600939751,0.3256326472602164,0.013739759409260529,0.07383073088448258,0.08388639273365714,0.8801276163930221
0.14048585253878704,0.26495315500674804,0.4199653300276642,0.17459566242680066,0.11927036989075786,0.12965424319511618,0.9199110414864582
0.45361461228056965,0.2753790913336585,0.0341683977475648,0.23683789863820698,0.08084166802874361,0.09732107430481667,0.8306697044418317
0.3417491277427429,0.26098070238671645,0.3049568394335518,0.0923133304369889,0.08930982372435556,0.09916457058182757,0.9006223008918274
0.410570571707507,0.014846516504298898,0.5577665426897882,0.016816369098405892,0.09627892281260048,0.10660611520193264,0.9031275797849827
0.11340778492626627,0.15181872807179822,0.4040681109340797,0.3307053760678558,0.13964675851723432,0.15039658478857443,0.9285234682260101
0.7911526450710664,0.0693102468073706,0.0846010032632581,0.0549361048583049,0.04435214163908697,0.05841090394657775,0.759312707772014
0.07422745813635287,0.41636525562740073,0.15616631613112433,0.35324097010512207,0.12470325849733818,0.14519161785596307,0.8588874505210741
0.23111384551261022,0.10093309538590732,0.5378215686351133,0.1301314904663691,0.11838712697580653,0.12654069404702234,0.9355656523569725
0.2649980417615396,0.12747763561722542,0.13860093710816918,0.4689233855130658,0.12879821299727512,0.1478102966391765,0.8713751066455657
0.3951108096324636,0.06894506687777735,0.23437477415485095,0.3015693493349081,0.10819845686430295,0.11808056854217394,0.9163104327843622
0.14370275977410224,0.6672810227238674,0.011388063591951577,0.1776281539100789,0.08681756710696129,0.11636299641364009,0.7460925705139758
0.41897794816001976,0.02749362589669236,0.47018110916787575,0.08334731677541239,0.0975007425062327,0.10477809628304653,0.9305450849464294
0.006762647863142489,0.5525981808567864,0.3719845812670154,0.06865459001305572,0.10834573080990136,0.12814441804010016,0.8454970764001347
0.22651283146236365,0.1004757342124217,0.3842974901978182,0.28871394412739637,0.1269509703792688,0.13570528949852295,0.9354902144816586
0.07531541634015104,0.23063243291528107,0.6156547840793485,0.07839736666521956,0.12567826957581887,0.13802150704252,0.9105701877106835
0.15301311424290703,0.1267361204236674,0.7121622690194934,0.008088496313932226,0.1203738303302253,0.13463387942668123,0.8940827586846619
0.6930210613657163,0.102399031561112,0.017125441362813913,0.18745446571035773,0.0610880627830858,0.07579158247748376,0.806000624162108
0.08592427926828444,0.3443806128763593,0.025634178785873256,0.544060929069483,0.13848244111848843,0.1684822232749403,0.8219409646114636
0.32458740736361363,0.026367943426224713,0.4658502282705683,0.1831944209395934,0.11485392261561192,0.12131626084284679,0.946731475382297
0.5512015303192461,0.021859344272537082,0.414139583858347,0.01279954154986995,0.07723503059418856,0.08657873779171504,0.8920785006128766
0.0894257090460581,0.04616569564133365,0.6653302869402884,0.19907830837231977,0.14463531759132173,0.15365670905475434,0.9412886588621528
0.3173465732422726,0.12014240087812092,0.022288546685782555,0.540222479193824,0.12614467736794613,0.15228025898015557,0.8283718337016008
0.10279799429369865,0.7308626828099695,0.04666217454391648,0.11967714835241546,0.0841511035346424,0.11546477618213719,0.7288032447393328
0.1392421080148212,0.25939111874680987,0.3303990143059514,0.2709677589324176,0.12469562440494936,0.13639281865872363,0.9142389286415255
0.27706952585500827,0.5575472454578871,0.12398404580929351,0.041399182877811004,0.0714471411461085,0.09392530458013075,0.760680430747548
0.2965323613220222,0.4051842768041627,0.10872165833500794,0.18956170353880714,0.08851413606074446,0.10528293730866026,0.8407263163758972
0.3611880267521494,0.25209315401044163,0.3540031680804186,0.03271565115699033,0.08451388675923475,0.09523956838789101,0.8873820848812253
0.23930211662020495,0.25001895358111553,0.3829119039729085,0.127767025825771,0.10527755984417267,0.1148984237528886,0.9162663542764741
0.08247409453302602,0.23401704471589546,0.2662083142755347,0.41730054647554377,0.14142203145721216,0.1577438924812839,0.8965293630876497
0.4436555136767081,0.37951617020546263,0.10418280033584194,0.07264551578198715,0.06559576539469027,0.08148429704308838,0.8050111220816404
0.4103911499906794,0.4960132899622475,0.01715146895163441,0.0764440910954388,0.06079029185900384,0.08355690890415537,0.7275316027874348
0.193869431650459,0.26040316336387725,0.04171567621571611,0.5040117287699477,0.12916530725482755,0.1549721295117284,0.8334744296396356
0.3518250144945658,0.10607179825703716,0.3814328639676745,0.16067032328072248,0.1038105204191796,0.1107330903081489,0.9374841804766296
0.24675567926447195,0.058121092206997155,0.2906008179713412,0.40452241055718957,0.13349819484691833,0.1459108138744964,0.9149300953234717
0.2804663247795685,0.5576073058025933,0.09564888015193866,0.0662774892658996,0.07224466777774363,0.09492914726423979,0.7610377830177614
0.26883422016057285,0.22525717280081609,0.1376062354034836,0.3683023716351274,0.11544609613681661,0.13196945025177984,0.8747940975472815
0.056308703147621805,0.47303217115170715,0.28598415296295066,0.18467497273772024,0.11407104353555858,0.13088655998887747,0.8715260263945523
0.0011934989672053463,0.2601356715846783,0.3894857007687909,0.34918512867932533,0.1464932478414553,0.1602258493381158,0.914292222176452
0.16729635150767208,0.19146385250262746,0.39833377175708123,0.24290602423261912,0.12507966731542336,0.13456223639417472,0.9295302357269541
0.2618982072133471,0.4482491189190471,0.2069175908055493,0.0829350830620564,0.08424005770184392,0.10038937457947515,0.8391332056277897
0.046126170173564095,0.047189098681031494,0.14071970319569516,0.7659650279497093,0.17852672138043962,0.21105775874069552,0.8458666596558369
0.059630102385457046,0.27565391131076383,0.12818304051452215,0.536532945789257,0.14702242107449234,0.17205970622487327,0.854484901202502
0.3129971114773061,0.0012347665703192514,0.5300970057032205,0.15567111624915408,0.11699514999478236,0.12379430876317052,0.9450769681068655
0.34146221145437766,0.028717701149733113,0.4822062536422719,0.14761383375361747,0.11069318810663316,0.11730311414564219,0.9436508903693535
0.027966791550463038,0.12674268259496418,0.7427637034784662,0.1025268223761066,0.14135124360964801,0.15372278128028935,0.9195204668585603
0.01340669777170997,0.5041232400440326,0.37348980034241536,0.10898026184184206,0.1133762831782472,0.13098653602734983,0.8655567710758789
0.2282273964978531,0.31296173317471576,0.17773661287449444,0.2810742574529365,0.10934721267394865,0.1241477219031723,0.8807830783977885
0.6802102249594236,0.24186074754201306,0.0744609540490644,0.0034680734494989185,0.042397214624388835,0.059266724023130685,0.7153628840332393
0.16159130489795204,0.2397596848681987,0.5084148355838384,0.0902341746500107,0.11432406430631084,0.12507035772354977,0.9140780148643047
0.2781128547298751,0.09921698281049417,0.20951037058770128,0.41315979187192947,0.12656595985387317,0.14117363536445274,0.8965268870999283
0.3219228618003254,0.1628680612872849,0.2550797770850306,0.26012929982735916,0.10812704805434288,0.11795132769289261,0.9167090372723146
0.08292488831839523,0.07304459383731139,0.350008553206448,0.4940219646378455,0.158077295243516,0.17351825480549377,0.9110124777402446
0.16914497196330056,0.5988660623021016,0.19495090548787153,0.03703806024672636,0.08195377167293913,0.10499841036738758,0.780523927802186
0.5682656285563403,0.26667092600099634,0.056546247036264256,0.10851719840639892,0.06021765412791598,0.07453553532636081,0.807905301333751
0.09679853272443611,0.01771888006002082,0.8154288825518582,0.0700537046636849,0.1395013655742059,0.15271628633700157,0.9134675084120754
0.32048820168068626,0.037827849679661844,0.26053695179599545,0.3811469968436563,0.12436765564932065,0.13612150713126006,0.9136517679707635
0.3643781903657973,0.5982663911516469,0.03221610496344794,0.00513931351910788,0.05502648963627,0.08347042481295348,0.6592333722941666
0.14518510623707404,0.08584898475445658,0.5541419883929515,0.21482392061551797,0.13499921343959975,0.14320045835852896,0.9427289199145169
0.08864210914502013,0.07986013141932415,0.8052742688124633,0.0262234906231924,0.13339888982876108,0.14842090532957894,0.8987877383751269
0.21984468529958182,0.4649322263702686,0.0695377294737896,0.24568535885635984,0.09650988074425085,0.11735348402523404,0.8223861570526421
0.4281844183027262,0.27428981806651614,0.13164004323792228,0.16588572039283545,0.08068712619496608,0.09295731874440283,0.8680018667150341
0.3761932344340573,0.4002635017258435,0.18818134043423182,0.035361923405867336,0.07084189555579844,0.08636032607988382,0.8203060221225804
0.7598472466057723,0.050196726804354094,0.03018461516558456,0.15977141142428902,0.05519269036811572,0.06955593941221314,0.7935007539906015
0.018137349090916934,0.21916523828757628,0.44952876300800093,0.3131686496135059,0.14576735803585,0.15755326890286134,0.9251941203817365
0.3705635002295871,0.23785622323124161,0.2009005575982675,0.19067971894090374,0.09233223305869953,0.10285912182837578,0.8976572171475394
0.18490144723623064,0.05131790458814211,0.006940506248530664,0.7568401419270966,0.15969938658859348,0.1966985494017787,0.8118991577430991
0.1575999985451721,0.21178927582924761,0.3718943379994813,0.258716387626099,0.12550467750409278,0.1357237962376699,0.924706506767007
0.49813441992022395,0.02503621497289549,0.22299787327710857,0.2538314918297719,0.09593120280402782,0.1044289198575387,0.918626783987583
0.5641130028503414,0.00018828550428777504,0.12365861711400046,0.31204009453137055,0.09225225151568116,0.1047376684462866,0.8807934421701545
0.5354022870230385,0.07835603238795032,0.08361273045872541,0.3026289501302858,0.08926066760248327,0.10310279605885261,0.8657443931155073
0.34272570225791926,0.6035082856905584,0.041595826624760905,0.01217018542676164,0.05777350512256394,0.08573843817303478,0.6738343542713848
0.23364586884622363,0.056031119112984716,0.5459987278534851,0.16432428418730655,0.12335976173031747,0.1308689487314104,0.9426205599274398
0.6684557693056575,0.2689257821288566,0.016545938048011306,0.04607251051747458,0.04389031294582972,0.06186659292094121,0.7094347833558052
0.41935149679283606,0.47437139466990913,0.07151681352806304,0.03476029500919183,0.05927260859379819,0.08020406175799648,0.7390225294654558
0.02248638829901302,0.035096585224020635,0.789390349739855,0.15302667673711132,0.1519203765400622,0.16322580174268417,0.9307375115826094
0.25081817994004657,0.2637379766884075,0.3640600676600169,0.12138377571152906,0.10236378725829781,0.11224556144247932,0.9119628958402469
0.06145796368170948,0.23131982362158354,0.46138610321421686,0.24583610948249007,0.13579668430577557,0.14650267076833057,0.9269229263438841
0.11940474384285457,0.15096573909017225,0.14559697278913158,0.5840325442778417,0.15160175138710724,0.17612574083970495,0.8607586299669995
0.10702183811413588,0.3888556646380827,0.03927484564420567,0.46484765160357583,0.12822109045429453,0.15528190988931748,0.8257310239530704
0.05407542821481454,0.00020362757976792516,0.4322315027852435,0.5134894414201739,0.16862837619670137,0.18313565046386046,0.9207839968328727
0.3016464317045017,0.1285854305726913,0.01196805791851126,0.5578000798042958,0.12838913342281427,0.1558725025468234,0.8236804524534195
0.11588158878137567,0.22090331990486248,0.5662910612366582,0.09692403007710375,0.12210932936988736,0.13317157188145076,0.916932402649636
0.007120128584020312,0.087959851485419,0.6926471263404502,0.2122728935901104,0.15265123984474935,0.16276898971767845,0.9378398189330888
0.627420517569335,0.042137097221900746,0.2695812876681337,0.060861097540630515,0.06810741981526591,0.0761106878342247,0.8948469886858655
0.07817159815906431,0.055008574484913156,0.3258392322819462,0.5409805950740761,0.16248603603423237,0.17994720795892077,0.9029650300066088
0.046018706606640154,0.4515061844706576,0.004674180935435977,0.4978009279872662,0.1327871197828475,0.16413026655599894,0.8090349365121051
0.3712800863769126,0.1526331238287806,0.37995485781419025,0.09613193198011644,0.09432953546370472,0.10213584740988249,0.9235693231696588
0.1367532559740983,0.4402936427853697,0.021280790387176358,0.40167231085335564,0.11708220084320543,0.1435647043337032,0.815536112351532
0.11887126693861245,0.22453858071460064,0.10400183039814492,0.5525883219486419,0.14421306493824443,0.1696460202773765,0.8500822165026424
0.20687865555970808,0.11590340082408901,0.4905235216542775,0.18669442196192548,0.12316822380940712,0.13102428019319584,0.9400412170003534
0.1532055474709527,0.32988383270848426,0.19288324250183914,0.3240273773187239,0.11989394107803361,0.1362395482908889,0.8800230372317784
0.034290361638820266,0.22145290881248741,0.36279011335102834,0.3814666161976639,0.14689935109183755,0.16081811206840374,0.9134502899110899
0.11701715461306286,0.5182448991516502,0.19402423992867782,0.1707137063066092,0.10186386328350029,0.12095794939071244,0.8421427760358654
0.6227281371703176,0.062794507003566,0.10224584918796055,0.2122315066381558,0.07463335693948121,0.08569639956517308,0.8709042307281731
0.19329482074914864,0.31958980508851237,0.3022567894187609,0.18485858474357808,0.10854741813270859,0.12029043153315845,0.902377826309378
0.29466662720233244,0.12625581112643,0.3744082208958305,0.20466934077540694,0.1118263406123527,0.11941715522452763,0.9364344712625023
0.06546927621857415,0.014178158684036464,0.2869982335261381,0.6333543315712513,0.172022457975425,0.19382606750455122,0.8875094056757137
0.27799801068453733,0.23985925494295066,0.13805802312888157,0.34408471124363044,0.11187575377775562,0.12778821595086676,0.8754778595607805
0.1507549056870292,0.103818721073966,0.09556459951236515,0.6498617737266394,0.15458945326110088,0.1832336778675426,0.8436737998178027
0.054014593460309374,0.29142503465557673,0.25010377330219574,0.40445659858191807,0.13988693000680955,0.15728318612747053,0.8893953222275003
0.3307449554943937,0.3977341252580032,0.1085057477905186,0.16301517145708444,0.08333518433794278,0.0995300749388762,0.8372864622991685
0.2643393738378891,0.15885686230313556,0.10941034677729627,0.4673934170816791,0.12629700327090754,0.1465241201712712,0.8619536709947803
0.0547091843861855,0.8353533326201454,0.0018742307240261283,0.10806325226964279,0.08146270203366637,0.11955658955198462,0.6813735850021502
0.038300613884222005,0.8587826766804441,0.0799103326717136,0.023006376763620374,0.07746862489879665,0.11604748195421528,0.6675597229189401
0.4048211343930695,0.2635507579755159,0.19034830624061352,0.14127980139080085,0.0833531819603997,0.09407750631844221,0.8860054355422451
0.17796988736970135,0.19766086941382705,0.08521441644580915,0.5391548267706625,0.1380087864273658,0.16289644220485236,0.8472179291295461
0.1919337565451107,0.07573311512544947,0.1899351887446246,0.5423979395848154,0.14610985941834045,0.1664586475475323,0.8777546950609384
0.17631959965237776,0.03320684428340027,0.6285988065815414,0.16187474948268063,0.13251564197665291,0.14087272641031326,0.9406763491655648
0.3116795825373904,0.3292617180019792,0.3001729146430071,0.05888578481762322,0.08608500607086206,0.09812204779291123,0.8773258203145778
0.24061474972565952,0.26250222149477465,0.3330257256001941,0.1638573031793718,0.1059127699750509,0.11585994731660801,0.9141448138727816
0.2866479777365693,0.007820497320435245,0.6043847165413001,0.10114680840169542,0.11716746352869595,0.12559180785436824,0.932922819811298
0.22169231746653068,0.1193024527789369,0.08025133456915652,0.578753895185376,0.1405734972663049,0.16639031167200402,0.844841841172878
0.29692037734565524,0.1994214007360058,0.4492398095296035,0.054418412388735384,0.09816755950562112,0.10796236579385238,0.9092757349636645
0.02106795047745731,0.20236483076784592,0.2577635584402722,0.5188036603144246,0.15701216299222412,0.17701690208533438,0.8869896667637613
0.105160214897136,0.14071959975331125,0.3688512618584604,0.38526892349109243,0.14433505025766205,0.1566730876149207,0.9212497976194628
0.10128105160574852,0.35353993225709857,0.28643245359871017,0.2587465625384428,0.12148759683760696,0.13566970891908794,0.8954658914324121
0.17248868898868702,0.06137093382591399,0.7000615404759521,0.06607883670944681,0.1259707375608699,0.13733680275383833,0.9172394801316229
0.11923365595441873,0.024044651981730416,0.23756673521851268,0.6191549568453382,0.16353380040965404,0.18579651092593494,0.8801769182567933
0.02552052687123454,0.041986790801743105,0.8068621676340495,0.12563051469297298,0.14960491397724873,0.16170945907787676,0.9251463385651506
0.22950514521367538,0.3805659287565609,0.27543734618287025,0.11449157984689352,0.09544363581404201,0.10865470872374922,0.878412329618444
0.005094112296040779,0.38567269783812785,0.3259464367769547,0.28328675308887674,0.1326482872289083,0.14823672652636283,0.894840909788424
0.03044092002406258,0.023980712450425344,0.03294939893377441,0.9126289685917376,0.18975567183042472,0.2337832827955371,0.8116733992326638
0.02474137735632213,0.24436396912915512,0.1698382749118057,0.5610563786027171,0.15528732234348158,0.17979914127241656,0.8636711012329212
0.6088489835425591,0.08135211778397612,0.10793143357346362,0.20186746510000106,0.07443483597174927,0.08519504018709041,0.8736991708471353
0.4223375149552367,0.5252961748573025,0.024089362983010554,0.028276947204450266,0.05448627642745755,0.07940728114601445,0.6861622214122651
0.6703547295134406,0.18956024686666392,0.018133737123780854,0.12195128649611468,0.053786629738725354,0.06885942301127643,0.7811077610963607
0.016198825198935257,0.4518696211190395,0.04817073239791703,0.48376082128410813,0.13593262409882065,0.16527078122894998,0.8224843078009832
0.43550879313422414,0.25994429355416343,0.2304544791835748,0.07409243412803787,0.07629293511461972,0.08670199590822801,0.879944392460976
0.32735285188684154,0.2587994317088755,0.4108492544497158,0.002998461954567064,0.0868900978157289,0.09901057011295554,0.8775840571021954
0.40283676817556996,0.03338304118075815,0.3577917413136535,0.2059884493300185,0.1052599993092162,0.11170431882532839,0.9423091283857239
0.13257651225851289,0.3198890534380804,0.13862936913822718,0.40890506516517966,0.1276191823896059,0.1478567763215396,0.8631270447292614
0.4875926417437426,0.0536972486088283,0.4206038105626664,0.038106299084762874,0.08422249163884538,0.09253521937083105,0.9101668771252083
0.20435748354633027,0.23760275449125032,0.4516407431822204,0.10639901878019892,0.10974525771868697,0.11965089702618267,0.9172121600949795
0.088411185117166,0.27831098556049655,0.21622320000512624,0.4170546293172112,0.13709439855578925,0.15514609107428198,0.8836471328829689
0.43793028601676937,0.17647083213512285,0.16241867823619366,0.2231802036119142,0.09011040642760589,0.10072510673982762,0.8946171351335527
0.36148684338900466,0.23785393420798812,0.0760821130850934,0.32457710931791395,0.10020725108868607,0.1170662182298741,0.8559877700321423
0.037343350011617656,0.5158939254308009,0.021571570492857843,0.4251911540647234,0.1251334081672618,0.15484877615999124,0.8081007242703213
0.1345751354808445,0.6376161330952089,0.04609162855747311,0.18171710286647336,0.09058179688319716,0.11775646727241046,0.7692299113699708
0.060586559610491725,0.723593085144995,0.06784916904390209,0.14797118620061137,0.09163485974906707,0.12192126014604514,0.7515904907749553
0.013994571079006946,0.12363002496545795,0.8004483519820569,0.06192705197347827,0.14138665636116637,0.15579810702034108,0.9074991928028167
0.6341143859340196,0.13038730940043197,0.05722727900312877,0.17827102566241979,0.0660476963596639,0.0787483751858655,0.8387182110586424
0.016636156857578615,0.5093333831022763,0.2793794314468785,0.19465102859326675,0.11682318038999605,0.13514676642605328,0.8644171331610576
0.2543843759955492,0.08229129393183236,0.2476166497321527,0.41570768034046574,0.1311321116230553,0.14492031095677432,0.904856681284436
0.08340383217809776,0.21173892490772536,0.6551174528465508,0.04973979006762635,0.12470537732761061,0.1379527299876046,0.9039717977224205
0.15855691202500902,0.29666870400248246,0.17738822092288545,0.3673861630496231,0.12402341326903141,0.14128242211574601,0.8778403669171589
0.2089559571643207,0.23615474388966848,0.49019386214908456,0.06469543679692624,0.10717811789731113,0.11798670925185795,0.9083914499939609
0.1760636815035723,0.13514165715682697,0.3216914791235507,0.3671031822160501,0.13465554794279197,0.14658206718499225,0.9186358913389552
0.6786701629928764,0.1723496576844516,0.047276280272884816,0.1017038990497873,0.05307010114865932,0.06684614900158911,0.7939141138466735
0.007661475066084209,0.8299717941331981,0.15463928333690005,0.0077274474638175834,0.08299263708394408,0.1186489986861068,0.6994802990584539
0.09943187201739566,0.32602840262387295,0.18436284508469405,0.39017688027403735,0.13050042844153062,0.14924237115824507,0.8744194254536338
0.1701293538880938,0.1288979928818235,0.23989460086577127,0.4610780523643114,0.1406252471822175,0.15708247463054914,0.8952319315885602
0.03978589166716367,0.15757493359116134,0.07639227881036757,0.7262468959313073,0.16853418419254118,0.2024685614790825,0.8323968074912848
0.22840525962236927,0.483846761992436,0.1872694715048494,0.10047850688034546,0.0866235006337144,0.10422166897028796,0.83114674222315
0.09340200824082562,0.3884459869361154,0.15417190796235966,0.3639800968606994,0.12498106481683842,0.14504664336416442,0.8616612002737083
0.40462536474893335,0.19299628334119084,0.11060635252316309,0.29177199938671283,0.09654759988467906,0.11050040647524867,0.8737307215815995
0.09767608513559552,0.5043327109047582,0.08599312979757197,0.3119980741620743,0.11255539576809565,0.136115787084052,0.8269091938512045
0.13149885705148237,0.6109292019517915,0.06134379533651818,0.19622814566020802,0.09384221971017438,0.119599757017287,0.7846355381525598
0.3639386623404549,0.013337199132569762,0.025282414149414633,0.5974417243775606,0.13149308418401331,0.15944057090334326,0.824715337125377
0.29553018770055944,0.2208432637012003,0.1265119256183864,0.35711462297985386,0.11176934565182395,0.12805602990107598,0.8728159520341714
0.03018497902871704,0.4559497633307417,0.04306789919433739,0.4707973584462039,0.13313983958211767,0.16219725819855324,0.8208513575435102
0.3906091061621838,0.22730076090254128,0.012619895663234489,0.36947023727204026,0.09951026719031479,0.12008446401046344,0.8286689540592367
0.2292001770230431,0.01646380036117775,0.6362257683249753,0.11811025429080395,0.12479238567265039,0.13350831234465704,0.9347162246384618
0.0037053708490443825,0.207890011322238,0.2878978317064943,0.5005067861222232,0.15791244018995634,0.17679472477812447,0.8931965610859419
0.5123295367294617,0.36248068223913477,0.12226937479970271,0.0029204062317005493,0.054544725957624184,0.0715637235451705,0.7621840124514475
0.13582355937407098,0.1853448546503262,0.18911960451807744,0.4897119814575255,0.14200094798222096,0.16165552710396752,0.8784169061593182
0.29526073241787093,0.01940510761794937,0.5241704431077006,0.16116371685647918,0.11812188201906479,0.12499557093366497,0.945008540196612
0.03364182660996346,0.5475523203491548,0.10175551201910885,0.31705034102177293,0.11767489396386104,0.14256453965059432,0.8254148910540144
0.1791530682692256,0.4163426421683107,0.2815451732252363,0.1229591163372274,0.09955064556839718,0.1139347420028734,0.8737514459451406
0.21998496898721287,0.13670791547437908,0.24053658092871827,0.4027705346096899,0.13060384752419651,0.14481713832911244,0.9018535308119768
0.057855494515041996,0.031272293473031024,0.20727138679696103,0.703600825214966,0.17515704349595038,0.20240142654811677,0.8653943130895394
0.30954351219900195,0.38922300801670096,0.08150428105676553,0.21972919872753155,0.08960796270917025,0.10710702420579693,0.836620785365078
0.3096787927467974,0.5459720273397174,0.13225430052943118,0.012094879384053953,0.06666873872494164,0.08932748264518973,0.7463407313262257
0.03930271207320623,0.015591092384833367,0.175869364148507,0.7692368313934534,0.18210520160936922,0.2134167360598035,0.853284540713526
0.24442860392157043,0.4829283161603933,0.02529572893364412,0.24734735098439217,0.09195738374658399,0.11479687396867505,0.8010443191308212
0.2571216738596256,0.1999119863556576,0.014480352932341076,0.5284859868523756,0.12700552283241484,0.1539177387175766,0.8251519538333204
0.6198347316972016,0.18327935780693697,0.13756927989212897,0.05931663060373248,0.05772496778499546,0.06895952858210921,0.8370847216025135
0.25813802056544427,0.16859352416571333,0.30298195709863557,0.270286498170207,0.11646890030174556,0.12625778353892034,0.922469071111507
0.3378110742521177,0.042127780410255715,0.5206668436894238,0.09939430164820263,0.10768405299681436,0.11528230775435326,0.9340900186199474
0.08639954210343799,0.6640370173467806,0.11671156489304348,0.132851875656738,0.09228769192164753,0.11862948416139214,0.7779490282204437
0.4042956308370201,0.03170331452542116,0.5102207491179718,0.05378030551958689,0.09759431810513301,0.10604393833460679,0.9203196301252771
0.426755127759189,0.26670422806470895,0.0599641860588285,0.2465764581172736,0.08551431805199242,0.10112370341340686,0.8456406872521149
0.13025426803007167,0.20465595591735622,0.48189568049765724,0.18319409555491503,0.12585417346044797,0.1353353342668587,0.9299431973344414
0.03509135155989142,0.21259321617820456,0.10297439415287407,0.64934103810903,0.16089771890840926,0.1909056102374558,0.8428129414755199
0.10782302880725486,0.6540682887653612,0.13027997671318373,0.10782870571420011,0.08904897843953796,0.1147205661715713,0.7762250606953947
0.3140447503956121,0.3857249542697114,0.09686868437779388,0.20336161095688257,0.08848426665483765,0.10515916278013095,0.8414318288159299
0.07796673508651769,0.495925477945091,0.29405722307954124,0.1320505638888501,0.10679281439758792,0.12404326481672129,0.8609319865562909
0.36581919381258354,0.39979419978643727,0.03154097220383064,0.20284563419714846,0.08060225053130657,0.09966411936233935,0.8087389026964523
0.3327156695296517,0.09978638207798103,0.4110833998729831,0.15641454851938405,0.10658477982087598,0.11351541964966562,0.9389453886513465
0.29553020799128227,0.20099879085350136,0.34382763437044256,0.1596433667847738,0.10348333803209189,0.11198981969326902,0.9240423666680089
0.6398293108344719,0.044416374635024534,0.1092750675601088,0.20647924697039463,0.0735928419692364,0.08432659876365367,0.8727120866750324
0.002667275727830231,0.547235630844302,0.13796275538438646,0.3121343380434812,0.12148112059001197,0.14546006550188365,0.8351510098037103
0.03604465533895624,0.15929859317704448,0.6805457429608955,0.12411100852310382,0.13877585777792734,0.150229072869104,0.9237616602935708
0.07482001612063591,0.48909483363340905,0.3408014952227821,0.09528365502317307,0.10590999396480329,0.12293173785607443,0.8615349934188696
0.23883969292659898,0.15398920219649953,0.5633441892977327,0.043826915579168964,0.10882304952278063,0.11957669525434365,0.910069050589752
0.2519185368336366,0.31774068538820216,0.28060680322415477,0.1497339745540064,0.09931803410827138,0.1107210284571363,0.8970114845593274
0.5578886900229257,0.17945708661997806,0.16083002739279106,0.10182419596430511,0.06820911316563666,0.07798099504492882,0.8746889306341618
0.14824852102682004,0.6869118801112702,0.10419698485102923,0.06064261401088055,0.07880687255815581,0.10714470744637088,0.7355181085132086
0.014515267656972445,0.17387320227986797,0.12652273142992992,0.6850887986332296,0.1684575989538656,0.19892999864595007,0.8468184793671146
0.3056034024883512,0.055834270843345524,0.34836314335878327,0.29019918330952005,0.12031477517452271,0.12858411462738809,0.9356892608637675
0.017197046779546594,0.04974924881994728,0.8913456664039378,0.041708037996568484,0.14586984591289162,0.1620152043414517,0.9003466465126738
0.040615295716304546,0.24320796243789997,0.6320021626343559,0.08417457921143967,0.12947210352242042,0.1422924836923419,0.9099012130701077
0.19977595731179937,0.30667232833986846,0.10104660832252191,0.3925051060258102,0.11912059458356711,0.13929886749930467,0.8551440275288793
0.29155188813761396,0.14302013190247773,0.5398502331210376,0.025577746838870822,0.10193553133185553,0.11271760381496956,0.9043443781788225
0.3253013926150083,0.07190294907489833,0.43875269773081815,0.16404296057927514,0.1101607310630208,0.1168938963333455,0.942399342638697
0.4217877368641319,0.03853303297461274,0.45506886219211196,0.08461036796914335,0.09631546996815099,0.10350746503919873,0.9305171364372212
0.4596587043790884,0.26542974073122405,0.0709210747679367,0.20399048012175086,0.07920951317830814,0.09351717957417861,0.8470049411132902
0.3127172681116311,0.1259090946124326,0.4368272595991539,0.1245463776767823,0.10550134646033245,0.11301788307701312,0.9334925021418184
0.0033751334175061163,0.3799996180893751,0.10213690917922796,0.5144883393138908,0.14488568017426876,0.17208189507752775,0.8419577208223659
0.10019882578198175,0.5372127151020859,0.0691917294465232,0.2933967296694091,0.10866697192364595,0.13329835444782548,0.8152161545713564
0.4162319316954863,0.1058550782851699,0.44638547747228785,0.03152751254705588,0.08899781824412596,0.09805333230511065,0.9076470544335319
0.12271865827346502,0.5356378642264804,0.030942231946090522,0.31070124555396406,0.10673060756402933,0.13288900805671774,0.8031560256547038
0.04245295409489502,0.24084614251656952,0.6276597396493203,0.08904116373921506,0.1296654827532988,0.1422836941008236,0.9113165325987151
0.6847479093291436,0.03221577308835267,0.007608787866579657,0.2754275297159241,0.07217688642593934,0.08878555106241522,0.812935050379986
0.006409522411136156,0.49260951711699424,0.3206235321101625,0.18035742836170707,0.11877587213527811,0.13617261065356606,0.8722449512072098
0.3781931189157107,0.3669307872114965,0.07704266710438158,0.17783342676841116,0.08037210290245844,0.09662764305099455,0.8317713271764544
0.06743684011913889,0.1318420469975587,0.3486702119929052,0.4520509008903973,0.15328839206922715,0.16803829638773624,0.9122229596729858
0.2497126645401899,0.15493665715016194,0.16622094637350807,0.4291297319361401,0.12659890763456938,0.14361792030100803,0.8814979869450233
0.029187338994713607,0.2587182552946805,0.2428053127434613,0.46928909296714455,0.14897264015547002,0.16828627989137676,0.8852334263472158
0.03544560414215987,0.22350903049529255,0.6510190803468716,0.09002628501567586,0.1320126632726796,0.14464870070279567,0.9126432704288242
0.16079997016367786,0.0014215178649980998,0.7116301420858814,0.12614836988544256,0.13528970094379414,0.14505452189173768,0.9326817198071801
0.8301051100550498,0.008820568608675406,0.15302439488232206,0.008049926453952833,0.04178318652684715,0.05680955111675525,0.7354958049391053
0.17436560126975098,0.32918637538696677,0.40071453448708966,0.09573348885619273,0.1057842362467847,0.11772030640709252,0.898606531663014
0.20618171513537167,0.301618002497107,0.2868704177469723,0.20532986462054922,0.10933343006366063,0.12093135644918723,0.9040949615875696
0.024370432409360626,0.43264278474708034,0.023293704441190326,0.5196930784023688,0.13820507492713516,0.1693718823506251,0.8159859417576171
0.8228392090570424,0.03519331644101767,0.12294280400310381,0.019024670498836133,0.04116667103224488,0.05618569389839986,0.7326895545098409
0.3443474782461961,0.15354936253321622,0.4509136432443411,0.05118951597624654,0.09551035462414953,0.10461968437079455,0.9129291031469794
0.13681229937672518,0.6421566933924233,0.04003517205906986,0.18099583517178178,0.08989165736822098,0.11743797880752423,0.7654394113470696
0.2576688756738382,0.15686523016717346,0.4078133508937949,0.17765254326519336,0.11283645491228682,0.12078143322454964,0.9342202017300789
0.10599990812888715,0.28984703673018597,0.5968784547544028,0.007274600386523972,0.11339597902415598,0.12848627791751382,0.8825532256211392
0.3186787256549785,0.23571101244265008,0.40779045238427264,0.03781980951809874,0.09160587514534571,0.10214352987477125,0.8968348289671917
0.46290357964231754,0.18026465278546538,0.28838706539021874,0.06844470218199825,0.07882359753276139,0.08742005177889986,0.9016649604843479
0.10651372131881197,0.40639071274169786,0.3729764570948794,0.11411910884461082,0.10934791465144918,0.12345566081710899,0.8857262107522194
0.3187465014505834,0.2634612931892278,0.14188252877925933,0.2759096765809294,0.10128153518533241,0.11538716524913563,0.877753907608811
0.6850421656012938,0.01407274921486024,0.21602742071286576,0.08485766447098023,0.064061581758192,0.07247455183028484,0.8839182877350706
0.16178401201235174,0.22630480992127636,0.11596128816748315,0.4959498898988888,0.13566118813963662,0.1581444178195543,0.8578310256542128
0.0042910293988905664,0.42921736761709384,0.4219004381453784,0.1445911648386374,0.12233433501070863,0.1374869652557866,0.889788604927839
0.08604517329958286,0.8462910246668731,0.04904150431076471,0.018622297722779325,0.07204196038384336,0.11112477584660434,0.64829791407894
0.1566817156273781,0.18010380414301735,0.5364170266607535,0.126797453568851,0.12156294531544201,0.1310889486028244,0.9273317591687729
0.6050894540287717,0.08432433724083109,0.12092303488275984,0.1896631738476373,0.07407558268937506,0.08426851183446239,0.8790422552481953
0.27495754513659554,0.283650603994413,0.24714867714128202,0.19424317372770944,0.10127562949907501,0.11245858044728635,0.9005593801403778
0.7524801612086113,0.14968915497767973,0.010691453321312838,0.08713923049239611,0.044559408169285955,0.060915354876615445,0.7314971448420748
0.17166953207747965,0.02639158645812834,0.38252114210427585,0.419417739360116,0.14654252088128314,0.15819596779253667,0.9263353733102968
0.35097633584444,0.28251833432724327,0.05382890469399933,0.3126764251343175,0.09740543085075923,0.11549304707428806,0.8433878343179012
0.0758236192011624,0.8132850317495155,0.0848197687748865,0.026071580274435492,0.07638370597760942,0.11235583447189183,0.6798374676013679
0.11401539010343958,0.036861383073106886,0.5721223172521854,0.27700090957126805,0.1460791341192677,0.15446113113996085,0.9457339399314769
0.47310813079848174,0.3798599668735182,0.02429940822331434,0.12273249410468584,0.06424377035155024,0.0824223376904188,0.7794461083214128
0.010739670980602202,0.15180195427104942,0.381614044439426,0.4558443303089224,0.15925190294628389,0.17427696155418995,0.9137863176296303
0.1505210380370924,0.575479559317011,0.0019395245998131633,0.27205987804608345,0.0979968942121213,0.12554982978189955,0.7805418325326113
0.21534149177576692,0.48676613351679693,0.04059828923178409,0.257294085475652,0.09592901966158915,0.11864120699324612,0.8085640907804494
0.0009744083412679525,0.46305259577045194,0.4407671525775082,0.09520584331077173,0.11758941141953758,0.13415195896460413,0.8765389065288524
0.2523843122620131,0.5359803967457547,0.12650531237458842,0.08512997861764378,0.07856810659716011,0.09936854351177148,0.7906738271538891
0.055408123010078365,0.18730211384648995,0.2900220158309621,0.4672677473124695,0.15117616226659408,0.16821220596722267,0.8987229041871778
0.011787057216235878,0.09982767049633666,0.3412142644844718,0.5471710078029558,0.16784001931233022,0.18605396367274027,0.90210397026291
0.11471258529167368,0.43460504884595935,0.1394395097431187,0.31124285611924835,0.1158811028103681,0.13588440857020137,0.8527917516784198
0.017435028839111844,0.3556160625736226,0.326872761355756,0.30007614723150955,0.13428796860660114,0.14939137781584508,0.8989003955244196
0.4179272166119942,0.1132043995186067,0.20904814109325248,0.2598202427761466,0.09960412201775956,0.10927877987775966,0.9114681013933147
0.502213330990339,0.18877920341521418,0.23338516078954896,0.07562230480489783,0.07339104593828369,0.08241230603201222,0.89053503623325
0.22908770130861647,0.20143564668797814,0.48928396106313954,0.08019269094026568,0.10811338164185487,0.11792781521803834,0.9167759229827379
0.08262754481632524,0.013188614319671218,0.11638359786237838,0.7878002430016251,0.17759334217838527,0.21172902407134958,0.838776558657064
0.6137847626787086,0.2399702401766092,0.025683741898719182,0.12056125524596306,0.05703842439993732,0.07221160891127129,0.7898788748776149
0.0931003816076068,0.6987950543646483,0.006624447513612846,0.2014801165141321,0.09206735186754587,0.12336853198523429,0.7462790582493534
0.03157983490816207,0.03538971687668931,0.8932512618539066,0.039779186361242114,0.1450524034298659,0.16116046749754204,0.9000495325075809
0.15927709195336043,0.22076469637287327,0.07208543143073869,0.5478727802430277,0.13902644134838468,0.16514629444881418,0.8418380915684115
0.3281988489241569,0.23425670561406434,0.1636792692560266,0.2738651762057521,0.10228687200102206,0.11524145579546553,0.8875874683721827
0.19878198844664396,0.2319546290505351,0.11026877204992248,0.4589946104528986,0.12855170170053842,0.14964771637679603,0.85902882324552
0.0054855732845244835,0.260769357695994,0.30267678373358103,0.4310682852859006,0.14997874112162735,0.16704822636653074,0.8978170219691516
0.31688523348943737,0.46509733953604127,0.07404880951785969,0.14396861745666156,0.0787955633563229,0.0980286614302684,0.8038012781840672
0.3249503815945293,0.25416556593209705,0.08111430604920788,0.3397697464241658,0.10441169243935172,0.12197765018149262,0.8559903579384894
0.7263778755250733,0.14760237165478632,0.03962245531464604,0.08639729750549445,0.04808255132463231,0.06264955796561007,0.7674842869765504
0.233819952978028,0.04004906126469814,0.08615803242513617,0.6399729533321376,0.14839812887828738,0.17621045567929713,0.8421641514188684
0.043440263320700855,0.571317267189114,0.1298683505246706,0.2553741189655146,0.11141609034145551,0.1350177203807304,0.8251960559493842
0.11201124926006928,0.7950145896617193,0.042709422149770866,0.050264738928440536,0.07435060736967547,0.1100454011081778,0.6756357523435866
0.40430579440405956,0.11529506451688977,0.27396415734111457,0.20643498373793595,0.09853839075301785,0.10632862250632842,0.9267343865679543
0.34804764904104496,0.09632595364251881,0.38366690807771014,0.17195948923872612,0.10564570379519897,0.11249453761921106,0.9391185210503724
0.025096770945718713,0.19558234288499945,0.35873250192321937,0.42058838424606243,0.15212025155855974,0.16686493887704174,0.9116369956582254
0.1941607608390321,0.5199842684884878,0.09252400707634294,0.19333096359613708,0.09282690779165365,0.1140916938530214,0.813616702993628
0.10537844637324487,0.18559342663838474,0.40783785920097915,0.3011902677873913,0.13651284122977697,0.1471668824670325,0.9276057149634723
0.2888588379032376,0.32673835629421377,0.3377542274283543,0.04664857837419418,0.0886417114877517,0.10085124791142691,0.8789351973671332
0.4915187450396083,0.12744353607213527,0.03761740093398592,0.34342031795427047,0.09307809615679362,0.11039675554234762,0.8431234749565565
0.24134087984058678,0.5246983226053598,0.14848277758038808,0.08547801997366541,0.08092372081097822,0.10082819566546737,0.8025901909369758
0.6420822240991134,0.035302197848421035,0.061891511743330956,0.26072406630913453,0.07674133835469829,0.09030785891824379,0.8497747513222814
0.0017351050411937878,0.28761020400708104,0.5186823594302178,0.19197233152150753,0.13636423660015373,0.1483110402758726,0.9194476442650751
0.6099949281856697,0.03651246481661988,0.12870887559241692,0.22478373140529356,0.07901884872079804,0.08933736021055508,0.8844994807834279
0.3048027548794376,0.02823156908154257,0.5348628663649629,0.13210280967405683,0.11472225682285253,0.12195867375672428,0.9406650079820766
0.4696557466057631,0.10323663714413749,0.1659888835913978,0.26111873265870167,0.09374175860265489,0.104187055833559,0.8997447701412093
0.1366234808378897,0.4616566027276228,0.3591054217850903,0.042614494649397226,0.09743714400533439,0.1141229994938133,0.853790598192405
0.4484602430666732,0.013469618683105387,0.4656928750573288,0.07237726319289252,0.09424146206632868,0.10167730931620708,0.9268681744247027
0.23024389304980278,0.18024839027809544,0.45632094455594246,0.13318677211615942,0.11230776128708599,0.12091074534121338,0.9288484738899795
0.39573628671827105,0.31455153532405944,0.049345049946784854,0.24036712801088456,0.08540851630124423,0.10230138765202723,0.8348715326497504
0.33571730948352774,0.45260356552775555,0.16941740473323824,0.04226172025547851,0.07226155053769488,0.08970546837241283,0.8055423136268637
0.18707115817149003,0.6056798094427648,0.07999071786158468,0.12725831452416062,0.08358928040849316,0.10821241967699016,0.7724555153466107
0.316895036981275,0.601883984285783,0.053592187346798346,0.027628791386143627,0.062034366018878795,0.08888814804398748,0.6978924343004679
0.10153083082775986,0.4765426651045213,0.00746054201248008,0.4144659620552387,0.11940087688679146,0.14792790622777086,0.807155863498432
0.22088287532268977,0.016482308041556742,0.6208853231417392,0.14174949349401433,0.1270541162394265,0.13525202194843522,0.9393879249203818
0.07779030659299035,0.07206592471381482,0.1961965764678802,0.6539471922253145,0.16681934577707178,0.19234335982213754,0.867299739025729
0.4180096034659565,0.17281713755158296,0.3226513667057833,0.08652189227667716,0.08615947515913286,0.09428444958740717,0.9138248728838154
0.2948783346981322,0.56411185345488,0.10078401652893487,0.04022579531805278,0.06854815797875503,0.09191992613585756,0.7457377400134213
0.01783267171140017,0.5015859544990293,0.22324179885031084,0.2573395749392596,0.1204218550645586,0.1400275107785666,0.8599871153532714
0.001782526208551238,0.18332123953098872,0.2659635263840659,0.5489327078763943,0.16254920782422896,0.1833962703042981,0.8863277729395539
0.4277292065857572,0.05440860404137532,0.35739110883121666,0.16047108054165088,0.09806606884762409,0.10437534403726728,0.9395520537169155
0.5462692477395845,0.05460301610805999,0.3936255095691822,0.0055022265831734815,0.07489186783436791,0.08451405139858055,0.8861469376396001
0.1347777236315613,0.5686308101245798,0.29596360881648465,0.0006278574273740813,0.08701982398929933,0.10888142409196715,0.7992164385708042
0.6990914986475154,0.20536585273204722,0.04070324485839099,0.05483940376204629,0.045430807145361525,0.061142423235715636,0.7430324926805264
0.17467502928239906,0.05773410147630723,0.4986327852161078,0.26895808402518595,0.13612142227644286,0.14410847326864296,0.9445761181765429
0.5004824312557743,0.17980005403708024,0.2579416825995733,0.06177583210757215,0.07364207121916153,0.08255395125539298,0.8920478075160664
0.33424988152836677,0.3462182874713617,0.15848335826345294,0.16104847273681855,0.08690247604044431,0.10047390287185749,0.8649258519526019
0.44366889438375035,0.05678487002341468,0.1133005621543013,0.3862456734385337,0.10709253780016598,0.12265755544351671,0.8731018436893734
0.07280408643513543,0.3261376621627678,0.03556547340594884,0.5654927779961478,0.14271909469021835,0.172986713268138,0.8250292290888067
0.01474796451409581,2.736691754286782e-05,0.33894876351367326,0.646275905054688,0.18039437051249851,0.20172979406586064,0.8942376179376035
0.024782937078184745,0.4747971276117386,0.41098685350082814,0.08943308180924837,0.11326610206135929,0.1300776720426179,0.8707574503966325
0.05223741881773317,0.22551216808249233,0.5376854348189904,0.18456497828078405,0.1343964110211345,0.1449451602471383,0.927222480502159
0.23069111462243927,0.46110907575248117,0.2176197988109994,0.09058001081408004,0.08765042957958838,0.10410266948198671,0.841961402293866
0.26362111924963405,0.389020973101173,0.005055961422491372,0.34230194622670146,0.1017226739607888,0.12513970543300426,0.8128728896141426
0.2710889897527655,0.14903520573681206,0.31125395503679143,0.268621849473631,0.11626670734687707,0.1256027275292343,0.9256702432661404
0.3799369610861719,0.1425703157329289,0.0058305961223738415,0.4716621270585252,0.11278567615308958,0.13671274083069115,0.8249829201564066
0.06490078963245219,0.307311558414497,0.5003237773967522,0.12746387455629868,0.1233511664024364,0.1354483090935703,0.9106881232250972
0.06898245862095471,0.17991565003095347,0.590174026558035,0.16092786479005675,0.13468542161630243,0.1448572395931647,0.9297803961650097
0.05762807148231063,0.11237551182774579,0.6679128213041516,0.1620835953857917,0.1416224895303695,0.15175151340648402,0.9332525676433765
0.17926653856052463,0.10467304381577043,0.3669518057373659,0.34910861188633896,0.1357769370761871,0.1463165317868351,0.9279671641889183
0.1104261592120748,0.21734104009674926,0.01152872937488432,0.6607040713162916,0.15129251966050491,0.18508669568685435,0.8174143425007417
0.3556865596234901,0.30497161521242633,0.17590550947702313,0.16343631568706043,0.0875348338163052,0.09969319450928261,0.8780422199045359
0.6741999336766898,0.014173099110293807,0.050116031682471814,0.2615109355305446,0.07429570746973406,0.08851191815623932,0.8393864805707734
0.3833546998347915,0.21213000376625682,0.11466580752263773,0.289849488876314,0.09768596316399228,0.11180537055742797,0.8737144081447915
0.3392994059250741,0.11456623216041693,0.32295715992455265,0.22317720198995614,0.1078846387564048,0.11564164617568577,0.9329220252754243
0.2524713626588262,0.1346916194454764,0.37944204532730186,0.2333949725683955,0.11807314192713425,0.12624736623696295,0.9352523180999602
0.16619316257540576,0.4956549670134787,0.33795450671546934,0.00019736369564614107,0.08875235968890126,0.10769539428207693,0.8241054344110588
0.63554369638221,0.1315460496892947,0.17355793316508686,0.05935232076340829,0.05982325153333951,0.06972396253524459,0.8580013148721949
0.15080918975306196,0.22895767249999388,0.3094278995027332,0.3108052382442109,0.12761845344431297,0.1397532899909438,0.9131695822873495
0.27974252146948053,0.0541224780025733,0.28718206218411074,0.37895293834383553,0.12825132088595348,0.13973200633672186,0.9178378257655402
0.09547373700534167,0.12710437398482904,0.4530266309244547,0.32439525808537467,0.14363982717478802,0.15378275842926,0.9340437682476755
0.712177738398934,0.2570405776048713,0.0026368522931798574,0.02814483170301477,0.038260889384899605,0.05804171848522778,0.6591963570933448
0.6833860113728529,0.04506208302546978,0.06698293171125853,0.20456897389041886,0.0677833005740125,0.08024569486414213,0.8446970356325189
0.34354540712063025,0.39353608743897994,0.1329345783634567,0.12998392707693307,0.08035540643304633,0.09565490851325094,0.8400552327318864
0.008611196361720462,0.5999734108154673,0.04266754678541099,0.34874784603740133,0.11832006390960904,0.14764513432595833,0.8013813963445088
0.09279654694825763,0.45034056219941115,0.05609592984887817,0.40076696100345316,0.1219475519709463,0.14761265155301784,0.8261321146117788
0.10398078100297031,0.586254797052803,0.17895698235806048,0.130807439586166,0.0961224866846979,0.11794245394263188,0.8149948001883413
0.01076399705017682,0.20595459590987775,0.07009267786988468,0.7131887291700606,0.1677837491691898,0.20199767609750688,0.8306221755155165
0.4841848593908092,0.28839711963307946,0.12298546090330152,0.10443256007280989,0.06920582671218896,0.08182732200799879,0.845754511010686
0.5622080900128495,0.22255965279323892,0.16926074550952644,0.0459715116843852,0.06140675165908972,0.07266682910705063,0.8450451521508817
0.07188521029233984,0.10378050237105092,0.6381444321766547,0.1861898551599546,0.1416619752303095,0.15113320503866642,0.9373319066056081
0.11811300697309543,0.017350551435777854,0.5043202592974755,0.3602161822936514,0.15126807409331797,0.16072861189042786,0.9411396783320736
0.39336032187031694,0.1800646717714657,0.1922022918607037,0.2343727144975136,0.09617662014001721,0.10653836727058938,0.9027416376275498
0.45114423213293176,0.006252451154653158,0.04324398136710091,0.4993593353453142,0.11581902049761233,0.13844862448347775,0.836548726502039
0.26948039409483004,0.2010207052320109,0.4773426996591394,0.05215620101401958,0.10149370239981219,0.11167416488093126,0.9088378006500103
0.2621942663536843,0.32625522937313006,0.29399748715571905,0.11755301711746657,0.09569197788004397,0.1071906914898005,0.8927265656192668
0.16027531663468753,0.3326471723414676,0.5064455101037765,0.0006320009200684316,0.10258403509617664,0.11757885185443002,0.8724701209294176
0.24724046530499008,0.41764250828957167,0.021679663421482285,0.313437362983956,0.10011920699638338,0.12279806494957674,0.8153158361045368
0.29946139052470877,0.03784199393306168,0.18231307680604006,0.48038353873618944,0.13206183665395238,0.149387027502562,0.8840247969435466
0.13795889028007843,0.02746661691035599,0.24579629065230874,0.588778202157257,0.1593069250186242,0.17998508160642138,0.8851118303626146
0.011274810234773973,0.1659788751088869,0.3527066557774056,0.47003965887893345,0.1587579476047151,0.17482671961240123,0.9080874362722624
0.4189009020617582,0.333758581130151,0.03416975114249589,0.213170765665595,0.07950073452483912,0.0968228480199745,0.8210947741223039
0.12242539286650074,0.5668249697311359,0.18174586600252976,0.12900377139983374,0.09518888991885575,0.1161489107652471,0.8195418217157936
0.568110794589196,0.1391722529552414,0.1270749365276772,0.16564201592788544,0.0732939172633795,0.08343990512134929,0.8784036505888381
0.29270021088954584,0.058740593053985705,0.2529837907747314,0.395575405281737,0.12702849540412703,0.13966206040822451,0.9095418972971595
0.089705330101342,0.44980248850930393,0.2063290706369558,0.2541631107523983,0.11506226354370115,0.13294368940071286,0.8654962417726025
0.3015894412996519,0.3400000560552704,0.20815952229514026,0.15025098034993745,0.0911059171641205,0.10368761994773612,0.8786576180458434
0.5069623302757909,0.2829926218959572,0.0232420226180945,0.18680302521015751,0.0707956385729785,0.08697526474443387,0.8139743958354457
0.15715429357658142,0.06921994348881527,0.49257667232745483,0.2810490906071486,0.13808480088629665,0.14642463959717147,0.9430434745557952
0.420069820066093,0.2609311215751432,0.13067354429048111,0.18832551406828277,0.0839327093688106,0.09622044864800887,0.8722959677298019
0.47877743460436534,0.2321972769654344,0.17033306748563348,0.1186922209445666,0.07511776239142606,0.08545294274942498,0.8790541317189633
0.4934756873251556,0.12178262843506656,0.10534026491378003,0.27940141932599766,0.09007562133922431,0.10284795539296435,0.8758134373703479
0.04246750555293837,0.12093840981840012,0.27250516361753135,0.5640889210111301,0.1630085975432025,0.1833246375670875,0.8891799798788618
0.0020628457861113568,0.38193701053243634,0.08220884904036045,0.5337912946410919,0.14586643393726523,0.1745346537761164,0.835744826493739
0.06745841776930214,0.30093715587508313,0.32074283001610415,0.31086159633951055,0.1326985130369596,0.14657665797643094,0.9053181786850202
0.2030180961756534,0.27260922267392074,0.2991005137345389,0.22527216741588696,0.11306251805404574,0.12419921893354968,0.9103319571964265
0.42221768693430606,0.24470312636224442,0.3008737215869621,0.03220546511648757,0.07714572384538505,0.08769809168358896,0.8796739172355494
0.09567906831052214,0.21763847415854687,0.2547949291561684,0.4318875283747627,0.14174501960568653,0.1584355179997328,0.8946543135985807
0.038041000318380494,0.6736805529672821,0.1637217132505488,0.12455673346378858,0.0973880623944174,0.12330347088300407,0.7898241768621713
0.16159686973322257,0.5628202311560797,0.08775299773409746,0.18782990137660016,0.09335828351102468,0.11634879945900374,0.8024000586608552
0.6748035988723131,0.011407069234553292,0.16835799993324527,0.14543133195988842,0.06863453320582946,0.0773298909178695,0.8875550242108164
0.15745522384021773,0.25612806898507307,0.1177426091732407,0.4686740980014687,0.1324742802820393,0.15428218031352642,0.8586492621042177
0.5835658666974202,0.20854160928962842,0.1424595106978179,0.06543301331513349,0.06072475925192178,0.07193136712970555,0.8442041584226228
0.007115707085246227,0.28788993395463336,0.6494044694602956,0.055589889499824754,0.12882325783753856,0.14353571509811125,0.8974996762964795
0.15680635397237216,0.017964313903077025,0.47048131761844925,0.3547480145061015,0.14591542959665052,0.15517901446208096,0.9403038813106133
0.0309918438509521,0.0017162880986603306,0.09090906784496801,0.8763828002054196,0.18965289726175438,0.22931130468977712,0.8270542855195279
0.4908236474790295,0.06958295459833048,0.20544860426218192,0.23414479366045818,0.09233352914288265,0.10103123032038161,0.9139107665034113
0.36984541091267253,0.1593478310552887,0.0923541724165123,0.3784525856155264,0.10809489937770579,0.1251226346465082,0.8639116310417494
0.2152284709588252,0.054375897509902835,0.715394883414206,0.015000748117065978,0.11842026438041378,0.13169560489656834,0.8991967839277492
0.015415384668333674,0.06849968296269746,0.8358787267740523,0.0802062055949167,0.14652633563584666,0.1604988364368715,0.9129432891152417
0.12726717225524906,0.018743079908189207,0.012853100841557576,0.8411366469950042,0.1740126535639127,0.21497529876577537,0.8094541771215623
0.09204668337854986,0.6422396893338262,0.08938537108285992,0.17632825620476397,0.09547116882432062,0.12164445501808267,0.7848378194479038
0.315402697304796,0.10657366623192617,0.159671587160569,0.41835204930270903,0.12138935851695791,0.13741749283376561,0.8833617614010977
0.6766449485002278,0.19050110152293692,0.09512404463692875,0.0377299053399066,0.048682563840130776,0.06234472596345297,0.7808609804246943
0.05447458532112675,0.5829178526909284,0.29589289653957934,0.06671466544836555,0.09962060896539753,0.12067219149205848,0.8255473587877422
0.16108984241962834,0.2818998127106744,0.22433577906692334,0.3326745658027738,0.12314006375873304,0.1380608009341995,0.891926331916778
0.012667643663201323,0.5314648546586191,0.2919369983910005,0.16393050328717904,0.11403254311545326,0.13283225061365395,0.8584703081416566
0.24402273030255375,0.6612115365840681,0.08467971867292062,0.010086014440457576,0.06588442285596545,0.09495873230167132,0.6938216345039165
0.21416944326341858,0.246428589334392,0.5223823766520571,0.017019590750132377,0.10329466476651085,0.11591900225304114,0.89109345973344
0.41356969296763024,0.208464283395291,0.2472457358371526,0.13072028779992617,0.08609481163258109,0.09495503018887508,0.9066903718668708
0.10213833374931983,0.2119192273998964,0.07117593780565928,0.6147665010451244,0.15050680347285292,0.17976979257300874,0.837219653639688
0.15985828802080965,0.1902445687019055,0.14374582717008605,0.5061513161071988,0.13930642286650224,0.1608544733498838,0.8660400918007972
0.2088063036979381,0.5885433891389242,0.005053062486933687,0.1975972446762041,0.08565157162196434,0.11227428612863076,0.7628778999657568
0.0001287958882027074,0.07211148880000552,0.29117436539874525,0.6365853499130466,0.17604360492618557,0.19867890482715334,0.8860709448712735
0.15164608090876547,0.49928253850718834,0.13236859249297794,0.21670278809106822,0.10117854580583883,0.12118494212456069,0.8349102127048247
0.13901157247809762,0.44726146159460284,0.2840850230931313,0.12964194283416808,0.10262967579198747,0.11810278156297677,0.868986102052656
0.4296199787492874,0.14369380023536263,0.27400704171027723,0.15267917930507277,0.09028785770901727,0.09791486454018744,0.9221057306570669
0.09103687227398004,0.33507142424956154,0.06073267506097625,0.5131590284154822,0.13701744408519181,0.1642203171169898,0.8343513548788315
0.34761586199162525,0.1648640837890168,0.014691792433742799,0.47282826178561504,0.11526222432724811,0.13913150668533222,0.8284408547945344
0.02974045676127141,0.7658716575995421,0.14012321434475725,0.06426467129442917,0.08807724157779281,0.11937351809231718,0.7378289840605897
0.11542282490279118,0.01726083443016331,0.389073793545132,0.47824254712191355,0.15752629336431975,0.17119758315158115,0.9201432080080441
0.30747919988359257,0.18770642275345908,0.021563714906015868,0.48325066245693243,0.11917372331770286,0.1435442441819938,0.8302229322870476
0.12031090155373908,0.15908652158622225,0.44458959502067796,0.2760129818393607,0.13543331016308416,0.1450369723707414,0.9337847305367869
0.2171885494360469,0.18776210647147604,0.16917595856508366,0.42587338552739334,0.12803818933196548,0.145419511797388,0.8804746195982298
0.30075210448748513,0.047375291460776,0.3776052828544749,0.27426732119726394,0.12082556915962805,0.1285193016314631,0.940135587618603
0.01971201852021462,0.575569876827144,0.1675001435652607,0.23721796108738052,0.11325274550056959,0.13599191100562413,0.8327903083580159
0.029506250401316998,0.7258236660609361,0.0850122080974285,0.1596578754403184,0.09608118793496982,0.12605620563056438,0.7622091070752757
0.42723048732864716,0.40853614700397844,0.13743700061751343,0.026796365049860986,0.06311696313945064,0.08012837866051584,0.7876979940760019
0.3524406804997101,0.03753029983468094,0.13408320927122017,0.4759458103943888,0.12497757806798267,0.14344242927437728,0.871273434925764
0.3514620673005941,0.1221570035652909,0.14883006327246373,0.37755086586165115,0.11341491425878204,0.12829872269425718,0.8839909850782843
0.17084594439489667,0.06762732552692476,0.6210511964185048,0.14047553365967377,0.12940361786949314,0.13820736971483402,0.9363004168047925
0.29742914980641566,0.35073825747697024,0.3042656799764115,0.047566912740202714,0.08565349556401851,0.09850831889343158,0.8695052004357146
0.2040820049131833,0.4334690129610846,0.34861840380091,0.013830578324822233,0.08948334724064054,0.10581890709164826,0.8456272106755013
0.09781951578953146,0.0130048844222561,0.754079682030587,0.13509591775762544,0.14299786808146167,0.15355570895774753,0.9312442308531104
0.14249522909899848,0.5480278940395368,0.1356661952361819,0.17381068162528288,0.0963239227752314,0.11752815365982118,0.8195816897969462
0.07427160540340438,0.36438805848831446,0.3579267819016799,0.20341355420660132,0.12136432432882235,0.13466600992301322,0.9012246252651633
0.04953891817835034,0.11758694931899943,0.05326678352023658,0.7796073489824136,0.17313335214041517,0.21016528147037053,0.823796161426519
0.14594407143962737,0.1580360482656396,0.557179752393198,0.13884012790153502,0.12532639324667402,0.13464830837786537,0.9307684200158599
0.010796397438862225,0.234996155872759,0.27668491824817926,0.47752252844019943,0.15367290228513716,0.1723149750203201,0.8918139718675955
0.6037014310269784,0.12292677633545175,0.22013911627142915,0.05323267636614076,0.06434630567796372,0.07340310023744334,0.8766156398001879
0.06451753261833511,0.48237777598944087,0.33993399785420075,0.11317069353802307,0.10868103335736229,0.12538425389566574,0.8667837466082267
0.1638606566914734,0.29846049673722697,0.13194484080954233,0.4057340057617574,0.12510797517921818,0.14484623779403516,0.8637295457899024
0.26256468972730196,0.41817031410048267,0.011724982030095747,0.3075400141421197,0.09778996591451813,0.12064810989215115,0.8105387312070932
0.04239545426590792,0.33493507980334625,0.28724321037620226,0.33542625555454353,0.13446509733889145,0.15023191966278823,0.8950501174498261
0.7339335148310822,0.22658903732205202,0.03064928369918839,0.008828164147677444,0.03690292829357904,0.0559984007947807,0.6589996815948099
0.5389599837000802,0.2937724185242432,0.03343149023840791,0.13383610753726838,0.0631252140139135,0.07878878856908521,0.8011953878255501
0.49912010216883446,0.007826335429371284,0.38112186825704936,0.11193169414474496,0.09008486459093908,0.09637416259342096,0.9347408285246026
0.16860893874365718,0.13076559020089534,0.3003653445110512,0.4002601265443963,0.13763259707447276,0.1508597723416541,0.9123213891823622
0.04227995652814468,0.19244135917978808,0.5046521900220433,0.260626494270024,0.14213962163045937,0.15249514162013622,0.932092787483864
0.32516923042080376,0.2539345450352477,0.15717587383175904,0.26372035071218936,0.10059925397808515,0.11382684853637774,0.8837919635975409
0.09877044901324607,0.4139879252629481,0.44341940360489984,0.0438222221189061,0.10623191871318748,0.12180173017696534,0.8721708514225821
0.3471206574504313,0.06616675210684701,0.4220618208698053,0.16465076957291636,0.10781351284154199,0.11439086179008617,0.942501098028145
0.7353381537716054,0.1430773517270596,0.005553429417304627,0.11603106508403045,0.04876140512572807,0.06464050985394477,0.754347470895642
0.6308623132751621,0.08936680594290232,0.2580482631891661,0.02172261759276957,0.06192468567843523,0.07155534223316591,0.8654096779615866
0.33508640144145174,0.08720342578869822,0.02059380235779327,0.5571163704120567,0.12731831227011825,0.15401200776897817,0.8266778293098995
0.29097499622991513,0.5484191742081536,0.019148925398464425,0.14145690416346696,0.07537256176163211,0.09951635173607885,0.7573887149874928
0.20215686311505981,0.06335630698392668,0.30595517277501394,0.4285316571259995,0.14007768609262805,0.15327300519057704,0.9139096993528498
0.33819240865985817,0.04888709875202141,0.482074764132661,0.13084572845545947,0.1086663053968297,0.11555806132440963,0.9403610977149184
0.09967023685022687,0.004468384598843411,0.20271399637407872,0.6931473821768509,0.17134276755040556,0.19789783398415217,0.8658142643649492
0.3326051441477474,0.035377295651879484,0.6256038952167985,0.006413664983574466,0.10425183085782118,0.11611290624173251,0.897848776954923
0.1364561901989733,0.2929646921292797,0.4897389641515037,0.08084015352024321,0.11286552757980324,0.12479548033072876,0.9044039678415503
0.162251900717877,0.3924966176332744,0.35618041225271685,0.0890710693961317,0.10196107696582062,0.11566182658130297,0.8815447583663085
0.23955084753339442,0.15517476372280403,0.47502261006694146,0.13025177867685997,0.11295699765667738,0.12127442760530045,0.9314164567678442
0.4901403438368708,0.4817968405608356,0.011596163080908746,0.016466652521384986,0.04856134068240922,0.07304685125357421,0.664797179468199
0.2985360943434046,0.031748353464735556,0.49077995375765143,0.1789355984342083,0.11759721937988896,0.12428233572675582,0.9462102453435973
0.20686891839556293,0.0882302226156854,0.2932384034062722,0.4116624555824794,0.13663174557844596,0.14968955338907852,0.9127674075111157
0.2523556531686791,0.4436427920084012,0.04815551598543234,0.2558460388374873,0.09449464366927399,0.11549122402888862,0.8181976116699342
0.11773519170667629,0.3486950535039535,0.3161313957184512,0.2174383590709188,0.11767073875136172,0.1307366085768337,0.900059593348001
0.06184800242082098,0.003793179164712413,0.6918593016006127,0.24249951681385387,0.15378128119280896,0.16280098252851397,0.9445967635107777
0.0931656577825546,0.24697029758088598,0.6543906859654086,0.005473358671150683,0.11840450861535454,0.1336522005178564,0.8859151451048147
0.2285325113139411,0.01892546152008392,0.3359824274738019,0.4165595996921731,0.1396047165921896,0.15146485106373203,0.9216971172635159
0.4369572262257459,0.2632504073646194,0.025496032367369924,0.2742963340422646,0.08585034470359669,0.10337686081964403,0.8304599696964594
0.3285989037057396,0.537846383956887,0.062403067975278434,0.07115164436209488,0.06781201401980762,0.09058935645052418,0.7485649161978921
0.22435686184569115,0.34764502306376555,0.2217598274587686,0.2062382876317747,0.10333392049654765,0.11674003490099225,0.8851626657828706
0.10374402035631378,0.0487722948250956,0.7507635294261442,0.09672015539244648,0.1374475015372939,0.14898121343801404,0.9225827764819561
0.31511504521372186,0.07892821245439934,0.5912753761508622,0.014681366181016571,0.10345485543491503,0.11470131191716948,0.9019500623464884
0.17146667546514915,0.04589924782879783,0.5539912065704226,0.22864287013563053,0.13546953587000832,0.14320561342262228,0.945979229670393
0.16622911533696574,0.3780151357566952,0.24127902317222566,0.21447672573411336,0.10887284043236452,0.12317884410057126,0.8838598967812493
0.38111578525710893,0.0011796474363062837,0.5315270098858781,0.08617755742070665,0.10466945399270666,0.11237583851542834,0.9314231188436146
0.6101513980020055,0.13596628152357265,0.15851543460396397,0.09536688587045804,0.0645713600313764,0.07406241470517223,0.8718505909970956
0.4037416564361564,0.4172571023737606,0.042804759066004235,0.13619648212407873,0.07094284057960276,0.08952271174996641,0.7924563408863604
0.015653766904707832,0.6557817327853074,0.17183458732629234,0.15672991298369243,0.103338967328748,0.12838680088308713,0.8049033593636434
0.23976887449892254,0.08032651605206075,0.5126898320938705,0.16721477735514625,0.12076466389873254,0.12822411807900366,0.9418248743526154
0.07212447871597207,0.0018791316653283732,0.08528361868373124,0.8407127709349683,0.18250912578044579,0.2204590694901513,0.8278594580051928
0.2123942745786068,0.026746692296751133,0.6667349908727646,0.09412404225187737,0.12495521103363487,0.1347003831563915,0.9276529739975412
0.0882479817581676,0.3091068935020502,0.47996868836686013,0.12267643637292211,0.11993303270992031,0.13186730445995795,0.9094978713721904
0.2998120656547296,0.3164562893783167,0.33112263955404836,0.05260900541290539,0.0883383785852651,0.10013750505191851,0.8821707564959212
0.21887655831506925,0.5226335316069112,0.20668531466878323,0.05180459540923646,0.08232559466094995,0.10172537680112426,0.8092925998386677
0.16380709778218414,0.6036950384546731,0.12249395408608217,0.11000390967706053,0.08590966969579523,0.1094840441845001,0.7846775330204477
0.004601309928195648,0.12354667188301774,0.5098351997604527,0.36201681842833394,0.15761893688010983,0.168862387374149,0.9334164897886525
0.16620503306765855,0.3926626475763521,0.33108613104923795,0.11004618830675122,0.10248264331043375,0.11603110458023043,0.8832342300040028
0.1285854218541884,0.648775803353724,0.15342795234985473,0.06921082244223302,0.08484237201276927,0.1102025965786179,0.7698763427252207
0.5071837462144747,0.14642889000602946,0.01659381065908354,0.32979355312041225,0.08884147944765654,0.10676789172746369,0.8320992201890975
0.6205636495138596,0.14433051453086942,0.18896204518625842,0.04614379076901271,0.06008747393917936,0.07010745005388723,0.8570768711883525
0.09365250686250323,0.39047809313839577,0.3278809111841789,0.18798848881492222,0.11598635109754905,0.12989916067695653,0.8928953081228374
0.5458206605079363,0.03449980110792186,0.3429683915606944,0.07671114682344735,0.0801188873865069,0.08713442088759307,0.9194860833454497
0.330769256432985,0.09348089321902686,0.10034569829516943,0.4754041520528187,0.12329173280883074,0.14331205401446495,0.8603026008990597
0.5284136793822779,0.056675815907823224,0.3835473721133868,0.031363132596512105,0.07834031303750362,0.08679045866773819,0.9026373894095382
0.4917162095297167,0.22301739447007965,0.12942412072436346,0.15584227527584021,0.07602761496732248,0.0871963499805807,0.8719128149773977
0.14096604413120076,0.393149669133297,0.2599966527833494,0.2058876339521529,0.1105168224298878,0.12501528646232402,0.8840264703404441
0.29620954119463144,0.10148772451024,0.6009486874048828,0.0013540468902456053,0.10344144402839096,0.11559942576590297,0.8948266251587376
0.03871546967471952,0.5290031745491152,0.13852328380192724,0.29375807197423814,0.11733463857706918,0.14011191423704783,0.8374351261703341
0.03789231273787639,0.12456184224215859,0.7348173121393605,0.10272853288060449,0.1402454786087336,0.15241607164844664,0.9201488864784222
0.19876433763746876,0.4133875738238838,0.2558486340388627,0.13199945449978484,0.09768960292620761,0.11210771413340107,0.8713905522144817
0.0031060721052450185,0.7697139301707606,0.04171891910906712,0.18546107861492717,0.09729215014340366,0.13063242407811743,0.7447779586882926
0.10630335917142325,0.15396786905260626,0.05106519118796651,0.688663580588004,0.1582963128129067,0.19111479931458344,0.8282786753334782
0.14933360568766246,0.2524483702428226,0.5551891814394188,0.04302884263009631,0.11254220377268291,0.12507737571752955,0.8997806607874821
0.378688582992455,0.1699688603838038,0.43230779147039367,0.019034765153347538,0.08812471363794393,0.09825421998887035,0.8969051268019447
0.01859661750281744,0.51035189470497,0.1962316071920306,0.2748198806001819,0.12049528217824522,0.14116276830337438,0.8535910964801112
0.006976936554482241,0.27790891269429147,0.560447985173128,0.15466616557809817,0.1345935935112789,0.14663213119244756,0.9178997291843991
0.36137409937573634,0.21183427072421782,0.20609809507700735,0.2206935348230385,0.09710930216436878,0.10756111687088833,0.9028290611832763
0.09688511551220491,0.20685188738417745,0.13993559221708418,0.5563274048865334,0.14867315423700583,0.17296404965213938,0.8595610159221715
0.388802064341973,0.25805028130589847,0.06306665671535723,0.2900809976367711,0.09331575901291016,0.1098602811865643,0.8494039702523764
0.012529342465318513,0.5797373627625585,0.2206534880583424,0.18707980671378063,0.11134618679419295,0.13279209918978152,0.8385000875320234
0.2897984134705429,0.1810667671724895,0.2532256461891669,0.27590917316780067,0.11163632353342029,0.12222964242484478,0.9133326525279005
0.328662343771951,0.04958578099840195,0.21946136696219481,0.40229050826745233,0.12342155824314685,0.1368121050842718,0.9021245464143921
0.12230889571430835,0.2922269155990258,0.08176418580240484,0.503700002884261,0.1359066904534309,0.16106983277382805,0.8437749522237918
0.0919976184717575,0.17031058951590095,0.7277108677789481,0.009980924233393508,0.12491450864906913,0.14007055370483298,0.8917970647299518
0.032572662241390854,0.006782428874915087,0.7545841113689842,0.20606079751471,0.1555259994743615,0.16551373444864598,0.9396561559827328
0.009189745592375734,0.04195512402071286,0.33457585681073704,0.6142792735761744,0.17616288683014286,0.1966134558087103,0.8959859136067255
0.09845790327437777,0.2213440604475555,0.23238091991410909,0.44781711636395766,0.14188380355672434,0.15963945833347998,0.8887765282962509
0.5100343782233426,0.042019221956163054,0.10998570807864311,0.3379606917418513,0.097232027661565,0.11108582541184372,0.8752874392487372
0.13960129883667582,0.18996812176752678,0.3890540478797537,0.28137653151604364,0.13072320798563217,0.14097768122555399,0.9272617257513591
0.05330619724414057,0.4338717916741818,0.49331269355185714,0.019509317529820557,0.10933591690081822,0.12662914436916284,0.8634340652422829
0.3003099482429423,0.03924716856696489,0.5386407968992194,0.12180208629087347,0.113910037557604,0.1213963802748819,0.9383314172932807
0.2228158065127644,0.12722439726114856,0.37088294239672853,0.2790768538293586,0.12480983606391668,0.13379899751895352,0.9328159282078069
0.22441778158613102,0.6105457682212025,0.05124361198769489,0.11379283820497157,0.07767166884635536,0.10337689072615734,0.7513446022680791
0.2887327099964397,0.3422219391671333,0.12421191767404206,0.2448334331623848,0.0973286642252114,0.11297769767297011,0.861485640351275
0.10234885973799274,0.6586447049101183,0.0011034966631203564,0.23790293868876855,0.0958982187756899,0.12612896059141038,0.7603187905936073
0.09074849392197602,0.17802918228120052,0.31983216412407045,0.411390159672753,0.14452986919128472,0.1588644314445263,0.9097685861907544
0.6547285450274016,0.3102017795772229,0.016181905517461567,0.018887769877913786,0.04101353527415563,0.06094675730515055,0.6729404005664731
0.16289481606645492,0.03683653902417331,0.24159584767740294,0.5586727972319689,0.15381039065102547,0.17328338455980752,0.8876234212630982
0.11274657745763043,0.07528433304319111,0.23520800275303774,0.5767610867461407,0.15815825262435979,0.1790860355905687,0.8831411790584578
0.5229142252380545,0.03858577779243492,0.112278333949605,0.32622166301990563,0.09524537164665342,0.10862470957965875,0.876829701227475
0.2818396137605848,0.4545981568495751,0.23355026148043082,0.030011967909409402,0.07849359605862846,0.09547380605522399,0.8221479723268409
0.21509800403192098,0.04061668712384139,0.5811801182958509,0.1631051905483868,0.12694318403336233,0.1347095096065392,0.9423476071150371
0.04207473968181227,0.3162097214330483,0.31893306344567146,0.3227824754394679,0.13537262989869395,0.15002450366286083,0.9023367956137821
0.18463123465028727,0.25681748728464077,0.2971568132263799,0.26139446483869216,0.11852226375462602,0.13006210314379363,0.9112743903855727
0.4189600399681518,0.01793479864230202,0.02396160539743537,0.5391435559921108,0.12105758871236165,0.14634582811377433,0.8272021845286035
0.39402218328916655,0.40250464960395793,0.16328842908605312,0.04018473802082247,0.06858598110513285,0.08447637218823997,0.8118954368956763
0.2683649445907561,0.1734120372983979,0.2613000322811733,0.2969229858296728,0.11608574351081354,0.12703969616443397,0.9137753553862237
0.10627147838470052,0.7200490197926772,0.06616606853724831,0.10751343328537401,0.08395645789084347,0.11426391256940871,0.734759172891483
0.5182090044580981,0.3680523950753974,0.060209712804864327,0.053528887661640205,0.05586508219749747,0.07331959556882575,0.7619393119136402
0.5146031002193785,0.19934193539240877,0.25563472842323415,0.030420235964978608,0.06867525393833702,0.07874431612126795,0.872129663715355
0.8948465845780545,0.022397597654084327,0.055179188421048145,0.02757662934681293,0.033256967659866805,0.052761423865069504,0.630327334321325
0.11933233559217543,0.08454147642429033,0.14672909008334464,0.6493970979001895,0.16019333315408343,0.1869879447433698,0.8567040692058494
0.19195429069963793,0.23910489266117105,0.022037585411543156,0.546903231227648,0.1332627123575358,0.16139642651813285,0.8256856439294445
0.47834145706838527,0.27931589940324547,0.06398300110174043,0.17835964242662883,0.07438832075018172,0.0888368225113103,0.837359088802517
0.31562198694679094,0.2890212621616786,0.3804813078959274,0.01487544299560308,0.08659121287376305,0.09879764207795363,0.8764501971154389
0.40998084077828884,0.15895812880461346,0.06099041757654951,0.37007061284054815,0.10248937103648079,0.1202385203104465,0.8523838348298133
0.09860119402088789,0.48761048347676966,0.06657914172359321,0.3472091807787492,0.11553346513808047,0.14015270502845448,0.8243398878004125
0.09705417112723373,0.014919046955785727,0.5028012990556241,0.3852254828613563,0.15545070814006456,0.16556318287598024,0.9389207518226398
0.6043919178809496,0.14870575597430766,0.23748171233701854,0.009420613807724187,0.06000362088791814,0.07067110294477745,0.8490545412147465
0.7360868766028341,0.014304023062572228,0.22659386028594708,0.02301524004864659,0.05431514619905812,0.0651709294681815,0.8334259867442352
0.5450615177768839,0.4162811987761815,0.018505323646922416,0.020151959800012113,0.046847104776911175,0.06880145854774541,0.6809027855768667
0.06673361678329767,0.6489960774978596,0.0670283650170756,0.21724194070176717,0.10026704065343091,0.12777492481949385,0.7847160997752649
0.4818729146311014,0.009896166843746546,0.0910060184092361,0.4172249001159161,0.10742607275625293,0.12472731039678256,0.8612874952126288
0.3123216666139429,0.2762445278575941,0.04516011003839491,0.36627369549006816,0.10561230588608332,0.1257714358558524,0.8397161499144081
0.23183052837934554,0.019417214103884438,0.4378002353986592,0.31095202211811096,0.13385625528827988,0.14200373280169057,0.942624906031247
0.04172111142045143,0.29868489379199264,0.44333978127410273,0.21625421351345325,0.13149417468765456,0.14337204736710701,0.9171534975082073
0.08596748810748138,0.4299190884877552,0.44004069446111044,0.04407272894365298,0.10663433591418965,0.1226958877224512,0.8690946199876383
0.31585344802433496,0.03154932238598888,0.2599464254683823,0.39265080412129383,0.12604764617202205,0.13816459879766468,0.9123005984811832
0.1154042473149137,0.6721514438374753,0.05283923040930518,0.1596050784383059,0.08920558626397851,0.11756656903245434,0.7587666034496017
0.40513463798010463,0.0008617158546344784,0.5067127272262726,0.08729091893898833,0.10162810574116506,0.10903912597504374,0.9320333855612996
0.23800818932399184,0.5907780957789284,0.05413072556175101,0.11708298933532874,0.07765083719233322,0.10240142309607508,0.7582984185627931
0.02654369823796837,0.4058778150503707,0.28266888795216694,0.28490959875949406,0.12832457396300917,0.14480705645227332,0.8861762479462002
0.23473075602783572,0.05727634578242108,0.07952149702688206,0.6284714011628612,0.14632646411193073,0.17395393050294958,0.8411794070352989
0.1401404161917124,0.34058487815963157,0.08451996240948328,0.4347547432391729,0.12627269280426553,0.14945766479178177,0.8448726465797751
0.26425105750736244,0.17785387211970968,0.16121120224071542,0.39668386813221257,0.12125324616107676,0.13744770209272633,0.8821773250110482
0.008791381983513244,0.4380958922829873,0.030217711707999438,0.5228950140255,0.1399541996607793,0.17118838743438464,0.8175449384054909
0.46389529229758214,0.05668924430167302,0.1008830654568017,0.37853239794394306,0.10408509235437763,0.11976746311738405,0.8690598401701459
0.0251426587850177,0.5922897710165195,0.32450992319034117,0.05805764700812161,0.10225115502703222,0.12376324483430519,0.8261835342465895
0.19460389297380165,0.18154750491977667,0.48019410541820035,0.1436544966882214,0.11736041835423473,0.1262044109659388,0.9299232685766351
0.36633074715626673,0.05291548424397619,0.4565756808675919,0.12417808773216518,0.10435266851677549,0.11111978967321832,0.9391006662598659
0.3726425779104651,0.4492370039743273,0.015884598900026872,0.16223581921518068,0.07372929551445238,0.094454985211515,0.7805760103540205
0.6091566536895279,0.14096340573128702,0.22656983730821595,0.023310103270969215,0.06069806772540688,0.07085421504978663,0.8566613529308962
0.5389232452853937,0.370394229354667,0.08700596144417068,0.0036765639157688022,0.050492267960313926,0.06890666335043558,0.7327632119339116
0.5406721956450414,0.15244440928270472,0.0895592622687219,0.21732413280353194,0.07838326846370483,0.09051843246603551,0.8659370951117159
0.5249605981030442,0.07287708756566047,0.037208412741122285,0.36495390159017294,0.09417265032086006,0.1118953286056357,0.8416137786481015
0.3075431851486749,0.20345807264078034,0.3063930356275615,0.18260570658298325,0.102873025448559,0.11168524897231026,0.9210976954894371
0.23335577516925718,0.529670283121814,0.08087214148222042,0.15610180022670844,0.08509521658958688,0.10663726728143255,0.7979875962594503
0.42067707088535433,0.13962524799708784,0.4011387255613362,0.03855895555622167,0.086069908722948,0.09494176888724229,0.9065547201376565
0.44234861944939335,0.040424837576070224,0.4718993056331922,0.04532723734134413,0.09152705433256045,0.09990005727112879,0.9161862048202435
0.15095274387325647,0.3265813365644712,0.2117008108685598,0.3107651086937125,0.11978789180600459,0.13534261074175144,0.8850715317925486
0.16736588267946545,0.018951116046495485,0.7994952855518612,0.014187715722177738,0.12743573175405873,0.14223634225264514,0.8959435383096603
0.15231549341216438,0.3604379372534704,0.037446778977052605,0.44979979035731255,0.12385394039400661,0.1496021250887534,0.8278889108061043
0.6084310873140125,0.10959322285051919,0.013652247896591451,0.26832344193887697,0.07555267291808071,0.09161096296734668,0.8247121356535713
0.44680157911726526,0.17679748796959777,0.20768471281233172,0.16871622010080528,0.08620780668222797,0.09517096751313969,0.9058204296423251
0.27618939035223505,0.052905004278883505,0.07464911799929841,0.596256487369583,0.13967580328037793,0.16585331057243663,0.8421646984211049
0.07848348465206564,0.05377666482598706,0.4862761780387942,0.38146367248315305,0.15456819743331016,0.16510266125665202,0.9361944638374663
0.5901689420678801,0.02990589413621631,0.04457790217068087,0.33534726162522266,0.0876529290815394,0.1039605407768698,0.8431365249404448
0.15350891918214735,0.10411787349629484,0.246637670099039,0.49573553722251873,0.14650118748774318,0.16394018070218674,0.8936258753665571
0.24380711114648473,0.6406132692261002,0.0661097611564449,0.0494698584709701,0.06952950693641746,0.09704000835179949,0.7165035135235345
0.03119608010609744,0.2994005703834224,0.4557783604819188,0.21362498902856147,0.13267371340696163,0.14461622783245714,0.9174192647361032
0.01535945031245147,0.06378039404908668,0.0063334321687507815,0.9145267234697112,0.18862717610893998,0.23419494068696833,0.8054280573083108
0.22992401752758432,0.05859440757761093,0.5635615136429968,0.14792006125180795,0.12281832817779556,0.13062955776088447,0.9402031996664395
0.49969247661128813,0.1724006717103841,0.19313274262766375,0.13477410905066398,0.077986629756235,0.08690177140639281,0.8974112782066722
0.04812982145352265,0.024496030924567164,0.15479186146818724,0.7725822861537229,0.18041255504476283,0.21261800645145976,0.8485290500828331
0.002118768146550824,0.7628823507131972,0.1800871500972644,0.054911731042987445,0.09143955863604197,0.12202716612565101,0.7493377215847734
0.5627998180314073,0.1547562541417951,0.0471440882075577,0.23529983961923986,0.07622051530553543,0.09032529416466736,0.8438446396485768
0.07059297515649611,0.7652847627871537,0.07996629300308493,0.08415596905326518,0.08380793065934647,0.11619414882782553,0.7212749652612165
0.08617470281759167,0.22152694177650076,0.19339282000464003,0.4989055354012676,0.14602041006165642,0.16669492274953546,0.8759739508146678
0.30938030326968,0.02086742193957002,0.6515176938965704,0.01823458089417944,0.10902289586448495,0.12074611702136404,0.902910160209915
0.04093930833715204,0.03860217316947368,0.48554895793987,0.4349095605535043,0.16333519409028757,0.17531166662537823,0.9316846804001752
0.2678395332091888,0.7048325767979765,0.024926696118710363,0.002401193874124381,0.05891431423267357,0.09254179863693553,0.6366238294525598
0.036080882271394756,0.1003008117253995,0.4083298666997404,0.45528843930346524,0.16004984233185998,0.17395811336645886,0.9200481612185583
0.00523757278895008,0.4912777319335395,0.413441118894062,0.09004357638344848,0.11451907580192576,0.13194503614618977,0.8679301559707274
0.5565323859201294,0.3546219159463328,0.07332283603420293,0.015522862099334758,0.050057179659643285,0.0680572645470759,0.7355155984122492
0.2752864555736388,0.4037524193992633,0.0641834619298728,0.25677766309722505,0.09475145037834715,0.11403706872352984,0.8308829000862998
0.3906658444365678,0.15795043704944425,0.36949113181590976,0.08189258669807796,0.09067203459419451,0.09869792073485256,0.9186823179161066
0.379282077226896,0.07755178527909058,0.3626929413252791,0.1804731961687344,0.103512846946613,0.11015951104603448,0.9396632752241982
0.04393469824726509,0.19014604661775983,0.6585998975596495,0.10731935757532568,0.13444277337720106,0.14628317823959675,0.9190583291607028
0.6668017781147418,0.04406731058400958,0.04309656903023533,0.2460343422710131,0.07209210111191343,0.08623711856274022,0.8359753005831724
0.19285507518743766,0.33266989514603523,0.24947133420796194,0.22500369545856513,0.10956543338687853,0.12263859404999837,0.893400925178659
0.3068319231871419,0.09019931098304304,0.48868258846030355,0.11428617736951142,0.10861021397550366,0.1161736558175594,0.9348953789150488
0.22128671507847622,0.5618052465032805,0.07293994058578585,0.14396809783245762,0.08348671221115855,0.10646997729625973,0.7841338406492872
0.04155366859227635,0.7649417417199372,0.15335137961735862,0.04015321007042779,0.08541034424893049,0.11688245411556131,0.7307370887719858
0.08119671622487622,0.10770933834705326,0.627643080413836,0.18345086501423463,0.14000022307371357,0.14937627030099407,0.9372320167829354
0.0571164599272188,0.4210720435800815,0.16659552089379684,0.3552159755989029,0.12664989550300018,0.14716207927069616,0.8606150180172094
0.3532794346604983,0.15288898288615507,0.4277346615535548,0.06609692089979168,0.09514740090823237,0.1037107355392053,0.917430586270061
0.016916440334851096,0.22449638308431194,0.25330975615713286,0.5052774204237042,0.15510502313090963,0.17504379383151777,0.8860926727867913
0.11561690718097156,0.33590298630935883,0.4104356916174222,0.13804441489224728,0.11499978390633735,0.1270944348926929,0.9048372889295492
0.3084898818100359,0.46298421950222335,0.14996872769183797,0.07855717099590276,0.0767854363543126,0.09435083762863163,0.8138288783035813
0.2776914731269119,0.3301982714815224,0.37530848825698215,0.016801767134583555,0.08832433513170884,0.10150304854847945,0.8701643585564206
0.2027934067891056,0.16912921205760004,0.42616290073204177,0.20191448042125268,0.12020224417387092,0.12870550293192087,0.9339324382847268
0.46751788583629444,0.35648066044384336,0.0016451470567797435,0.17435630666308247,0.06942203733892838,0.08808100692232532,0.7881612593297049
0.20455477113034168,0.11307999068650827,0.5062486853332099,0.1761165528499403,0.12316730814063195,0.13107654592391688,0.9396593972816782
0.170114988492421,0.1844934503270713,0.4474082116592616,0.19798334952124624,0.1230247429458819,0.13192533721468153,0.9325330944251009
0.019017011406671516,0.5489313444950926,0.37864457946595187,0.053407064632284,0.1062836341891395,0.12616867289474928,0.8423932165617846
0.12966115435499304,0.24166752844318964,0.5338895372041057,0.09478177999771166,0.11854973665828132,0.12963021168536962,0.914522433597639
0.47429325588783194,0.04264845811513714,0.03584623451998345,0.44721205147704746,0.10729060265922326,0.12813118553943967,0.8373496444875902
0.4617983855987504,0.055719783747113394,0.18248715049672037,0.2999946801574158,0.10050836118026417,0.1112169045507778,0.9037147867604561
0.004234799254500538,0.12226768295645486,0.25121503584313376,0.6222824819459107,0.17078218555769406,0.19424746234990534,0.8791990561506416
0.772305441683605,0.12232071134526397,0.00411424505506544,0.10125960191606542,0.044877615769313484,0.0614020912617812,0.7308809007494973
0.310962359752744,0.17384277459911587,0.14528848301830918,0.36990638262983094,0.11416279039570555,0.12961798228655733,0.8807635204760117
0.19178320210811098,0.021734231452409786,0.17475371847787463,0.6117288479616045,0.153915887607833,0.17736692564489018,0.867782350335096
0.011507718292533787,0.7826595273780017,0.18685350244571042,0.018979251883754017,0.08684019702591816,0.11913579566802497,0.7289177575806071
0.024674846434065874,0.28681791701114184,0.6874427671777849,0.0010644693770073918,0.12390006007153045,0.14082234174031216,0.8798324082695076
0.42568704964559323,0.29935011893453267,0.1593597878565275,0.11560304356334661,0.0764928262094776,0.08854125981019498,0.8639229481651212
0.04974008375158358,0.16836696276508786,0.7433460103716536,0.03854694311167486,0.13199177924667083,0.14652031686668746,0.9008428460249951
0.5061751213816964,0.2113370527637463,0.012498507790348718,0.26998931806420856,0.0807897359024902,0.09786366560733509,0.8255335154381835
0.14725467329087874,0.1802843439565294,0.3516050047316014,0.3208559780209906,0.13247694385671296,0.14363509583037867,0.9223159777966621
0.5727120336742101,0.23208829438262715,0.10996604710545574,0.08523362483770693,0.06124205331362785,0.07334791183363193,0.8349529220755099
0.14358811300614602,0.010263360411043433,0.6932667575228578,0.1528817690599526,0.13815656492931516,0.14736830974823137,0.9374916843746539
0.31097090573755903,0.18140457970697388,0.3817158551569723,0.12590865939849483,0.10135684884748417,0.10948968102043723,0.9257205601737483
0.6626842918042938,0.19908557151848416,0.02060665986538306,0.1176234768118391,0.05380537018455504,0.06886115553622321,0.7813602569630372
0.21014187831789183,0.605947736923161,0.1702965484321208,0.01361383632682649,0.07488642868116253,0.09925266269759246,0.7545029689463336
0.08706962657495097,0.10559172442743514,0.0884558066072141,0.7188828423903998,0.16617775271058155,0.1986237321376178,0.8366460086221931
0.13957694249360278,0.4027384294246659,0.3486686476555437,0.1090159804261877,0.10508672214316776,0.11900352725803048,0.8830555241888967
0.016824575836962778,0.31723152106140085,0.3705956236054086,0.29534827949622766,0.13720169743109414,0.150971415308225,0.9087925495762331
0.23748106804185698,0.5382408768199245,0.14567641090669187,0.07860164423152664,0.07999827322054096,0.10057444103857215,0.7954135503458593
0.1486166754585574,0.56813545094439,0.2350672220396974,0.048180651557355236,0.08763802869270411,0.10868948224836635,0.8063156331211739
0.11890938881852324,0.4801898034554717,0.3262873969490722,0.07461341077693279,0.09985726571600087,0.1166936819559289,0.8557212699288506
0.26792683075128404,0.4657620412669911,0.0731813830342121,0.19312974494751256,0.08756503594834938,0.1073317856048025,0.8158350804929806
0.00620242370257482,0.04066423406445822,0.7622111955468279,0.19092214668613894,0.15548665352781554,0.1660898663773461,0.9361597845744501
0.034201332263043595,0.4428134464908904,0.3191375847249894,0.2038476365210765,0.1203211329125869,0.13622205613516936,0.8832720363080968
0.21505895189337168,0.17034636358153177,0.030957053442655907,0.5836376310824406,0.13759650872146117,0.1660952504563832,0.8284192855809214
0.7225738900562975,0.22502191966020024,0.023628560107834554,0.028775630175667786,0.039502422228648706,0.05769412803359975,0.684687048318737
0.024767028646405804,0.22828191186556476,0.6011510750782705,0.14579998440975891,0.13580773254721,0.14722624199708173,0.9224424308127213
0.278985426741851,0.0011117471633521052,0.09012201816837849,0.6297808079264184,0.14513199514681213,0.17201069773677766,0.8437381921960626
0.18916350633597243,0.15378312216167225,0.584797649099866,0.07225572240248943,0.1167188805235143,0.12715244452818306,0.9179444481513198
0.023097300259725315,0.31547512118989207,0.40820874501832183,0.2532188335320608,0.13442028294764738,0.1472274511692332,0.9130110035874738
0.1150731940589551,0.3265845427699042,0.35158424683919504,0.20675801633194588,0.11925162216734082,0.1314620079008396,0.9071185209440211
0.011846249936770394,0.2879636287634337,0.3677736747212489,0.33241644657854713,0.14204371953607253,0.156036181623545,0.9103255287210831
0.40787503568726297,0.10433657109673762,0.36165730127993845,0.1261310919360608,0.09493587426971982,0.10179517796546421,0.9326166147273545
0.35033240831803486,0.0897697804265427,0.4623865559579488,0.0975112552974736,0.10215076724940574,0.1096463341121656,0.931638691585511
0.06433394076704384,0.1360886473178134,0.20931861679840733,0.5902587951167354,0.160262435670696,0.1832863721487449,0.8743827148296439
0.0632985179063342,0.48060311693734203,0.24671114740188174,0.20938721775444205,0.11379230420491131,0.13146798957590256,0.8655514134808743
0.6817960764971632,0.1270292281665803,0.18140067398822343,0.00977402134803303,0.051692872869444004,0.06358604070684745,0.8129594529680679
0.3143990605111802,0.024638228447973254,0.45516155810211806,0.2058011529387283,0.1174471215046451,0.12396624060253332,0.9474121416750054
0.47354987901432133,0.18487582559674487,0.34048215864828246,0.0010921367406513459,0.0737030565174312,0.0843310393169617,0.8739730603866414
0.01818503743395665,0.3906596593790349,0.33628458768484576,0.25487071550216256,0.12912670815837096,0.14418661857054896,0.895552648633553
0.5455934662672184,0.03805065241764827,0.2725787534889046,0.14377712782622865,0.08321765358316116,0.08986301571493975,0.9260500876928194
0.34578850377646914,0.19187851900322142,0.32342869199888574,0.13890428522142365,0.09664242724987247,0.10486891606410369,0.9215545547433467
0.2602868481204708,0.4089092081089142,0.09319992213552916,0.23760402163508582,0.09533017417737995,0.11352270725499919,0.8397454261132581
0.6050280743336579,0.2605443357549895,0.026163115432673117,0.10826447447867944,0.05591602720015928,0.07149354895948337,0.7821129040866031
0.5008448020344435,0.07272713906546514,0.17531725863693873,0.25111080026315263,0.09162754462344277,0.10133904074130246,0.9041682647988437
0.2815490518859557,0.32485212663482943,0.24352178161177465,0.15007703986744014,0.0949143051174114,0.10672749333201087,0.889314478905162
0.014490175738965596,0.4011357441899738,0.3101974134963683,0.27417666657469236,0.1297342509474712,0.1456479619574228,0.8907385259904725
0.49682131062959156,0.1233376037851193,0.08407430789308137,0.29576677769220766,0.09033456019995392,0.10430132300814209,0.8660921797981616
0.1371113386001596,0.291745761265936,0.2772133339499803,0.293929566183924,0.12353234338990057,0.13695181209074242,0.9020132081790179
0.26214415879385305,0.07306141460495356,0.6413708716307361,0.02342355497045708,0.11124752393692565,0.12295750112427148,0.9047640275682676
0.30177527649853714,0.25914014274080865,0.23513798878670292,0.20394659197395126,0.10023533223462304,0.11107308501060231,0.9024268320723713
0.24441489194761146,0.27128325834474476,0.05991183745228622,0.42439001225535755,0.11774290399199881,0.13964288929677096,0.8431714968441393
0.16521644878269692,0.05546169523205858,0.7161423452625524,0.06317951072269212,0.1272439015758193,0.1389400517346237,0.9158187289209874
0.022545272238982627,0.6174259986694166,0.011848655035890027,0.34818007405571066,0.11508403841816446,0.14598153026695648,0.7883465682796326
0.5834902667558199,0.14564959266510957,0.1575721862701313,0.11328795430893923,0.06815869562398161,0.07754470203987816,0.878960055697039
0.06971042583292335,0.039020590433118355,0.6060776111550943,0.285191372578864,0.1520755660360137,0.1609424819787328,0.9449063054471175
0.6429291593045459,0.0790875775147323,0.03296976302494431,0.2450135001557777,0.07234287809701936,0.08690720496599544,0.8324151964768085
0.041450885693059845,0.6956691268059539,0.24192252493625738,0.020957462564728965,0.09000572784366237,0.11729006899439895,0.7673772265234193
0.5767406396115651,0.23961588043278984,0.12265618875545284,0.06098729120019223,0.058903810975882966,0.07123741804060257,0.82686616943795
0.36759034672393764,0.2209399206666505,0.03896019214031067,0.3725095404691011,0.10316353829601112,0.12273334497630829,0.8405502051290559
0.793916952993366,0.04095520677947328,0.1238020108477978,0.04132582937936287,0.04558067103747269,0.058821559705730594,0.7748973550769696
0.45794842569401595,0.03713159852939494,0.0399876492460493,0.46493232653053973,0.11074279310395331,0.13212860152780784,0.8381439886854954
0.10440562687109575,0.5832262427504162,0.014227271544427569,0.29814085883406066,0.10467621202842733,0.13276411214255787,0.7884375554444213
0.7744388964285019,0.17552673642764344,0.043521988739690695,0.0065123784041639585,0.03560642347029148,0.05424152103942505,0.6564422012504261
0.3213065281803762,0.4554410710730739,0.14622569895599935,0.07702670179055059,0.07564620074023272,0.09302411663009878,0.813189132889403
0.012197029926923706,0.11830184050615149,0.5230759370231443,0.3464251925437805,0.15627149849619681,0.1670659281511941,0.9353882040793599
0.41215661407821913,0.053096992820104695,0.4806597111517326,0.05408668194994366,0.09487621484172033,0.10312773105848098,0.9199874162645794
0.3783840713786041,0.3125177118541479,0.30795219149843783,0.0011460252688100603,0.07586595503589012,0.08896762627783078,0.8527366437649313
0.057215115988187626,0.47685756363658033,0.2040663516473991,0.26186096872783277,0.1175064782670008,0.13654576853116976,0.8605647727573279
0.10539034056235376,0.3871713535735158,0.21880573100188228,0.2886325748622482,0.11975717618412517,0.1363346110879469,0.878406262565799
0.5780622354351488,0.33148137043550935,0.017615112348025715,0.07284128178131606,0.05197546384765571,0.06995294779921513,0.7430060559683644
0.05612015032617917,0.014094467373306992,0.5041350414015483,0.42565034089896553,0.1628593401126804,0.17418217409475018,0.9349943009902353
0.08136164106932006,0.20735526006194416,0.1873804384123059,0.52390266045643,0.14902969887885437,0.17068046226454364,0.8731503120015459
0.026442269764914154,0.680652574703659,0.0038640223517005905,0.2890411331797263,0.10656235561325476,0.13864187985855758,0.7686159169362797
0.04632758548162088,0.67868243972713,0.10234570374770653,0.1726442710435424,0.09831503226139598,0.12578063879128068,0.7816388373137388
0.40230381292773376,0.22649071622463773,0.1698043081641629,0.20140116268346575,0.0896513051555969,0.10061625963584037,0.8910220423624488
0.1083737795821312,0.042624463678925466,0.46116454132512835,0.38783721541381505,0.15189331233069966,0.16244276473337177,0.9350574190239397
0.4908740403512671,0.16648067033644867,0.3094647979889649,0.03318049132331926,0.07452694569358534,0.08374274994893607,0.8899510195095066
0.24045601792863835,0.172521282107742,0.5550686945795049,0.0319540053841148,0.10653671536986341,0.11779648220824133,0.9044133863142633
0.22531185265848452,0.16697063218511649,0.11390791199060711,0.493809603165792,0.13204228873787732,0.1534508810445659,0.8604856996521839
0.14887259382181048,0.7629460551194074,0.06679687293144884,0.02138447812733324,0.07068010229997872,0.10481520150127303,0.6743306437198451
0.10401477255442446,0.032413561657313426,0.05868726598549528,0.8048843998027668,0.1741292146254781,0.2114181897211071,0.8236245653942129
0.15646715242219983,0.09517398759236739,0.5180535550832678,0.23030530490216503,0.13356061642283287,0.14170753868946667,0.9425089000770333
0.2790456798437341,0.26436264047805597,0.2649172829603315,0.19167439671787823,0.10215877021796396,0.1126831241422294,0.9066022174626475
0.19159463416409542,0.21022393607573228,0.5083007293883746,0.08988070037179781,0.11276881769119891,0.12286935707525051,0.9177944800519662
0.13639049071749912,0.08038743013814215,0.31633331393841513,0.4668887652059437,0.14918268005597093,0.1640080438884521,0.9096058737060211
0.26725533940783386,0.03298429249448595,0.33968485152020766,0.3600755165774726,0.13062183830629637,0.1406716525123045,0.9285583553862844
0.8498228897229505,0.07807742911351417,0.026727652858731948,0.045372028304803205,0.035545431422175436,0.054101271003095946,0.6570165684303674
0.2801271516463941,0.23048412467507162,0.379833502794459,0.10955522088407536,0.10062250135616681,0.10982005232834714,0.916248892828052
0.24644264940085786,0.09196686046300227,0.29254337569334016,0.36904711444279986,0.12905746246298833,0.14063109920292263,0.9177021526139519
0.8965114731320603,0.05519788660426035,0.017625836207221166,0.03066480405645815,0.03057091776731424,0.05194414149223679,0.5885344697030589
0.8517102095171943,0.06474059077738156,0.017173429291631646,0.06637577041379236,0.037417214021263814,0.055631944989558736,0.6725850413514475
0.06902627723650552,0.7801749367411535,0.07851321543026435,0.07228557059207683,0.08222686754956587,0.11558388143666169,0.7114042765091343
0.20429825070762733,0.051323351847362565,0.09361697775429195,0.6507614196907182,0.15187343024475536,0.18006429687393963,0.843439998275059
0.37181150994170703,0.14338328269148184,0.4506614448589944,0.03414376250781679,0.09190102921765038,0.10133364305566715,0.9069152795302641
0.3186934925308777,0.17954384774892165,0.49476762754548037,0.0069950321747204195,0.09455608975980821,0.10591958462172006,0.8927158286874396
0.07600844615714593,0.07687016399345321,0.5288538500563972,0.31826753979300365,0.14988266586974494,0.15931395884493532,0.9408005861911315
0.35521688566375553,0.18090211732485967,0.16879666645380745,0.29508433055757743,0.10410385200560189,0.11655505341085555,0.8931732169401245
0.10170302656389461,0.23855418507686377,0.40180449693325376,0.25793829142598784,0.130591186311844,0.14145391807274654,0.9232065685496523
0.41712447821580045,0.2395643916780179,0.16874740949317357,0.17456372061300812,0.08533685252835493,0.09618295612612679,0.8872346615802791
0.3468212567488654,0.2772675517992732,0.0755999910330706,0.3003112004187907,0.09774739249964516,0.11462664872748943,0.8527457932755882
0.4715131466992524,0.007360841458734109,0.2091799038902482,0.3119461079517653,0.10371172900998672,0.11388573165419728,0.9106648173003541
0.09032188525478548,0.6451615476822312,0.08447436164858972,0.18004220541439359,0.09564734137301907,0.12210005586213249,0.7833521508050568
0.3050071943523801,0.5245819487956285,0.15731498665354718,0.013095870198444211,0.06903730234046251,0.09024659938763648,0.7649850831932891
0.16038484500061798,0.45900405225657365,0.01574606731796775,0.3648650354248405,0.11067289774063578,0.1365340608982444,0.8105881932503104
0.34193250504658634,0.43775222002728903,0.04974510175429394,0.17057017317183062,0.07905710540035218,0.09827765025549337,0.8044260846166617
0.07699158595229223,0.083568085198957,0.6821208936243781,0.1573194352243727,0.14117161877150408,0.15110428191616648,0.9342661702322036
0.2754036647686257,0.5404311005470783,0.06579226340227576,0.11837297128202016,0.07688168410041339,0.09919454897715098,0.7750595662078442
0.4405414325830487,0.3415038765293622,0.09139116493436,0.126563525953229,0.07173747993951614,0.08649948787578444,0.829339938318861
0.2821203800467296,0.16155145562144668,0.01257484303133195,0.5437533213004916,0.12758790020923397,0.15476478993278212,0.824398755457545
0.1391422236286338,0.06944504844357406,0.49055540612763615,0.3008573218001559,0.14139877314279947,0.1501318771008513,0.941830448491726
0.4475737842509238,0.4054172297748465,0.054086227692378315,0.09292275828185108,0.0640281675794847,0.08203518019246767,0.7804964580959579
0.32414019588652593,0.49109551298141774,0.014507284759313059,0.17025700637274324,0.07708698381487537,0.09937179183674008,0.7757431197529691
0.2917012897563907,0.030099248441995623,0.39999686221877984,0.27820259958283394,0.12358102243545127,0.13112503787778557,0.9424670103861807
0.06384677859632874,0.22690009650018486,0.4068388008198122,0.30241432408367436,0.13866862726664622,0.15028347269000022,0.9227137541111209
0.675324812992848,0.04605320682596823,0.16966656100447775,0.10895541917670594,0.06397128872368758,0.07285241385597463,0.8780942914280842
0.3714354081733273,0.03350561500432247,0.26518167198727166,0.32987730483507854,0.11552681297887558,0.1254488279761815,0.9209078701062893
0.3049843439654615,0.26433929007257967,0.22889171591932422,0.20178465004263463,0.09929412458081537,0.11028326961556438,0.9003552844138917
0.07277928353551104,0.451683842075959,0.31744694122816763,0.15808993316036227,0.11230848243232495,0.1280159670052163,0.8773005825730215
0.17767560185453532,0.3398327766342098,0.4568497666881388,0.025641854823116074,0.10099764236932944,0.11485651392012917,0.8793375222894442
0.09027018558275425,0.5144299908600493,0.2679386286855712,0.12736119487162526,0.10347853634901927,0.12153081788687403,0.8514592277766239
0.757682820122615,0.1361611792623531,0.0033590497021267034,0.10279695091290526,0.04574818658871708,0.062162637530016586,0.7359434606780731
0.5948635297473794,0.09854526847199636,0.19733741150269,0.10925379027793418,0.07024680916897767,0.07846208167269217,0.8952962714144541
0.4970777307168544,0.3908269930124794,0.0662526214827029,0.04584265478796331,0.056405868305208745,0.07448123978228209,0.7573164527079584
0.20948259073899034,0.014182163605601497,0.540667749311873,0.2356674963435352,0.1334160649326599,0.14070117668867285,0.948222808597169
0.560170837403859,0.2274504295644308,0.11787970330594187,0.0944990297257684,0.0637067082586323,0.07536489158519115,0.8453101559446862
0.5058132832593901,0.12958737444116353,0.26871938827502073,0.09587995402442567,0.0786712809222075,0.08631063470315915,0.9114900057539256
0.18642178232275797,0.2802624400253892,0.2711927450993969,0.2621230325524559,0.1164503247236331,0.12876639265478315,0.9043533978297515
0.2047680269532192,0.35072491952640134,0.335377814479667,0.10912923904071252,0.10077862488600504,0.11301055872260889,0.8917629115822013
0.5489569758015307,0.02057943070540774,0.13446632027631164,0.29599727321674996,0.09178910235020589,0.10349228879206933,0.8869173097004667
0.021059645761084045,0.06587591943141903,0.6559825917531491,0.2570818430543478,0.15484626464926293,0.16436131680545893,0.942108932070323
0.2253757924894477,0.30731412357600246,0.025234334194560896,0.4420757497399889,0.11821980457729105,0.14281096368497634,0.8278062238839701
0.04822765239244866,0.23305477030550023,0.2661087656015028,0.4526088117005484,0.1477164641495691,0.16542578000871774,0.8929470614663846
0.0533500797118236,0.05951119266722675,0.579553962942449,0.3075847646785007,0.15368283245800984,0.16298768874593628,0.9429106801898961
0.029700478045782887,0.09935682539295294,0.6906917404108406,0.1802509561504235,0.14720293963013314,0.15745270853915158,0.934902555795223
0.41143959621562337,0.23338340139287944,0.29960832669202825,0.055568675699469085,0.08062061416551208,0.09037855699638417,0.892032544497668
0.2051608413405847,0.21403956285681572,0.37963711123070365,0.20116248457189606,0.11626404982577355,0.12553142702339495,0.9261748438827652
0.2860857403243937,0.507846479632302,0.10483000331147171,0.10123777673183261,0.0772430242238363,0.09728945113426038,0.7939506629268592
0.27376459289868244,0.2660854787083254,0.3358174704062405,0.12433245798675158,0.09934038752584282,0.10920826410231035,0.9096416680772167
0.0758968826912703,0.03887995497782785,0.30601985660988823,0.5792033057210135,0.1659831741379593,0.1852302584519926,0.8960910356931684
0.2134355235133081,0.5882336652616307,0.18528003810464025,0.013050773120420836,0.07584722737836051,0.09920468254585554,0.7645528964149603
0.1321161619872688,0.18917180660427813,0.20788415065615665,0.4708278807522964,0.14123254845092764,0.15975067535420248,0.8840810728204055
0.23753376202045187,0.4174261367503693,0.18618000934657514,0.1588600918826036,0.09366952459144189,0.1090544417389979,0.8589244335010486
0.3102707079590649,0.3813170827911877,0.0886052629146488,0.21980694633509854,0.09014978865878147,0.10722144130886536,0.8407813545342412
0.3976480748005384,0.533428186380045,0.005568388324064521,0.0633553504953523,0.05879926289029406,0.08376000394661205,0.7019968973231213
0.03275970042578816,0.07129506044783766,0.26390343485391854,0.6320418042724557,0.17163972432244334,0.19455902677848813,0.8821987196608504
0.026663816200552016,0.13227874539640128,0.1863955833100839,0.6546618550929627,0.16868449701686425,0.19533972495527951,0.8635442537634491
0.03490431916123969,0.00965387889011388,0.3145010764289278,0.6409407255197186,0.17673716447381566,0.19834488484593324,0.8910598557210001
0.09882047244568448,0.23956464834343025,0.15334273998509168,0.5082721392257936,0.14340177367587628,0.16575169864887762,0.8651602055653945
0.09274576901481953,0.4232064437010336,0.2180206009301739,0.26602718635397304,0.11738789384968945,0.13452379321364882,0.8726180777794128
0.026181461521730204,0.10937327080554991,0.20876277613519176,0.655682491537528,0.17063067291460746,0.196448581299902,0.8685767633725975
0.03466099541020057,0.31349085227604895,0.4647671613325231,0.18708099098122744,0.1297688519636514,0.14188261335930932,0.9146212413991802
0.09812808227200019,0.1135863764149226,0.716954836998558,0.07133070431451914,0.13172297440717212,0.1439722694723206,0.9149190666366243
0.03978801480382076,0.007296961645605334,0.8812440882192786,0.07167093533129519,0.14782734791041963,0.16238192580330396,0.9103682394399328
0.2077218348215659,0.41306570055825437,0.26521854414887786,0.11399392047130188,0.09565060145210119,0.10998268167064208,0.8696878453876926
0.005829085400779321,0.09831071058686508,0.8811302559644769,0.014729948047878761,0.14211385945334343,0.1595432208621746,0.8907546098502803
0.41473545380763593,0.27635700255327933,0.022158281277764678,0.28674926236132,0.08831329391881097,0.10658915512907909,0.828539205624286
0.6310295949056016,0.20878029901128417,0.1525021326838339,0.007687973399280376,0.05164812741133309,0.06478787569521519,0.7971881599314035
0.4368088291943547,0.06586899788228083,0.36043026264310324,0.1368919102802613,0.09478992788816451,0.10120381539069882,0.936624054362245
0.337221038539229,0.4928805699686077,0.036682087236481094,0.13321630425568215,0.07339163460519572,0.09478652710649653,0.7742834012974991
0.1533026010584065,0.47625719199916944,0.011794274119309136,0.3586459328231149,0.10990238314362935,0.13621641731012038,0.8068218597573114
0.2077780065610825,0.1350982532242718,0.3268269705159487,0.3302967696986968,0.12869583737405235,0.139395340355092,0.9232434674374049
0.173115320140997,0.2656050704936572,0.044689074552174676,0.516590534813171,0.13207612948283634,0.1584638752476821,0.8334778464580573
0.3112568782446242,0.4428097737152562,0.1832494298958359,0.06268391814428365,0.07724601983819253,0.09373748660643601,0.8240675383426466
0.6567612363657573,0.1617166146132874,0.1302246635564354,0.051297485464520044,0.05424858437661458,0.06584512030636272,0.8238816198407409
0.12204396307649472,0.41975401023824405,0.09971975980092466,0.35848226688433654,0.11847807732521298,0.14047477368567143,0.8434117686519389
0.24675115031160397,0.46283247100496716,0.23418914808965652,0.056227230593772326,0.08370711430878273,0.10045501452280622,0.8332795998927338
0.6291190430137119,0.07692619844927122,0.023283635856990906,0.27067112268002597,0.07559398466627705,0.09116024623249377,0.8292428749422555
0.29424960715970294,0.5721719576724538,0.0121914816148776,0.12138695355296565,0.0720431421330906,0.0974414224422344,0.7393482189342986
0.3432011905109868,0.10963687585624611,0.49421406008487273,0.05294787354789432,0.09926028884246674,0.10820475032598478,0.9173376265222056
0.4410001312561892,0.3354618720609856,0.0857172388394836,0.13782075784334183,0.07272407106398368,0.08751134248692141,0.8310245163345804
0.043264617113159085,0.6590627409018827,0.17391990203154548,0.12375273995341282,0.09783821750080936,0.12293049056957421,0.7958824295542567
0.5567422023591222,0.14912859626450728,0.024453015446303406,0.26967618593006715,0.0791770352886569,0.09500269442622863,0.8334188389797654
0.1424637207978975,0.4711230472206384,0.346687277026219,0.03972595495524533,0.09577617026638456,0.11282556762589709,0.8488871120414453
0.23720382346664165,0.09837913133855923,0.15869448848582096,0.5057225567089781,0.13657930027770077,0.15631552354837536,0.8737411178195186
0.1411966332699692,0.022919036499921868,0.40891927143509554,0.42696505879501345,0.15115916769466092,0.16287384966974305,0.9280751207217376
0.1910067075528091,0.3666095024472379,0.2486010118588059,0.19378277814114717,0.10552950672941316,0.1190675383371245,0.8862995590840206
0.6107454697308278,0.061267758932249554,0.228001230968832,0.09998554036809082,0.070700945238817,0.07836942195230732,0.9021496328229003
0.12384057444568056,0.5914822302218845,0.1772767550027664,0.10740044032966856,0.0919521689207942,0.11404209284928757,0.8063002582942219
0.08394213502521623,0.28413459652207557,0.2979450851506993,0.3339781833020089,0.1330556638900563,0.14732323647862666,0.9031546351437896
0.21188243862190534,0.14808743857417467,0.17326180596439475,0.4667683168395252,0.1339467037351946,0.15230106720586167,0.8794863108486435
0.18539890648938676,0.17465362831147432,0.11527224382414658,0.5246752213749925,0.13815961296021143,0.16107713565268067,0.8577233038096438
0.10354343660117886,0.5999070359471156,0.13077514350574745,0.16577438394595817,0.09683550956337543,0.12020304333381202,0.8055994829886016
0.5740907711529123,0.08739700328854504,0.19610301923328952,0.1424092063252532,0.07549689980330046,0.083502704751627,0.9041252020262188
0.21593876694089517,0.16078030933045942,0.3151671385881848,0.3081137851404606,0.1244712248082699,0.13505649956294238,0.9216233591946512
0.3670136672529434,0.2553531690764986,0.12193752916116332,0.2556956345093948,0.09464475145646722,0.10846209672988437,0.8726066921993213
0.2713078338832201,0.07943646447567228,0.5526577210320309,0.09659798060907673,0.11320496346758144,0.12164488335412059,0.9306183733024784
0.04241818081003799,0.3973126456279818,0.4698606947387398,0.09040847882324037,0.11722104878561854,0.13186870798867248,0.888922402998654
0.2512168346525241,0.26805162759136036,0.10655581206175707,0.37417572569435853,0.11460646757258097,0.13303506279073243,0.8614756528725054
0.05585004419184371,0.7894894327185232,0.05208668938615854,0.10257383370347442,0.08470903132275218,0.11887057264249108,0.7126156578509858
0.08803926743165147,0.5382441892870772,0.026678600735371226,0.34703794254590015,0.11284725721821416,0.14035255056004708,0.8040271214731839
0.28106115231332485,0.01551621428898825,0.10348187475287424,0.5999407586448127,0.14221779098838935,0.1672582618486574,0.850288586145145
0.12404985013937371,0.45835871502353226,0.06292197388387834,0.3546694609532156,0.11493829532765962,0.13896452737406192,0.8271052872239189
0.16665147066921762,0.1007835863079537,0.26762317309194406,0.4649417699308847,0.14351971040490966,0.15924312743249996,0.9012615660022429
0.07419236836087714,0.3416356250903857,0.3265863407035078,0.25758566584522935,0.12590342539811658,0.1395406779327348,0.902270415074291
0.13608377874269761,0.01516759381672738,0.552564205111641,0.29618442232893416,0.14590492237455785,0.15415321171548643,0.9464929128031917
0.0655404767441598,0.17537902529862273,0.32304058912947387,0.43603990882774357,0.1492514114407566,0.16443868162768877,0.9076417419757828
0.7410017894039109,0.1727926309794695,0.02110962358238686,0.06509595603423264,0.04310115470084564,0.05955813493999186,0.7236820754087154
0.14192469438629693,0.49434333732976127,0.15230560681018024,0.21142636147376162,0.1025736408170886,0.12194039996552954,0.8411784842930187
0.4353895693236785,0.06998420368482523,0.37712535598757396,0.11750087100392238,0.0936756632433319,0.1002519780252523,0.9344021443620404
0.11033847370290044,0.22513271582889954,0.3393081479813189,0.32522066248688103,0.13390641427665503,0.14622340859925753,0.9157659198305336
0.18331112164182095,0.04667046176157095,0.6668889772053596,0.10312943939124844,0.1275923892152,0.13737511686742168,0.9287882123393364
0.22196952096564346,0.19013129020293698,0.08666791645823442,0.5012312723731852,0.13099502267689067,0.15393828135106968,0.8509580692157079
0.03733482852486107,0.19275172142306377,0.7538365586295278,0.016076891422547365,0.13053017914905032,0.1464180668700222,0.8914895677793928
0.523618879857165,0.12757466958766078,0.1604780611201576,0.18832838943501656,0.08113999152330652,0.09053664315288729,0.896211618828049
0.01867215388438531,0.14418180255193241,0.07245810535935357,0.7646879382043288,0.17427247270109178,0.2101738680564023,0.8291824017547413
0.5486708739260849,0.19616054545303727,0.20453876170208624,0.05062981891879164,0.06551143369930557,0.07557774729877839,0.8668084990721133
0.0644478281898692,0.756821918646333,0.012062027920806047,0.16666822524299163,0.08940944010575992,0.12298718684495939,0.7269817482570083
0.29637902796654736,0.2407177918055633,0.08961943160118989,0.37328374862669944,0.11087749045123875,0.1291743962192712,0.8583550122659463
0.477869855738645,0.39526243183462967,0.12160394189000928,0.005263770536716027,0.056519112734041574,0.07435817220992323,0.7600928190445622
0.5659800733187967,0.056910844622903675,0.07236729218992285,0.30474178986837663,0.08710681239214295,0.10134775308694233,0.8594843964366666
0.12975351446273467,0.34051717133147325,0.05896844282483636,0.4707608713809557,0.1294287129823744,0.1549118275535207,0.8354992322174877
0.06232134031150874,0.16032077290083582,0.07125041055619125,0.7061074762314642,0.16437793773901022,0.19747844252210225,0.8323842118646072
0.1820119025294979,0.13003461863012264,0.6357471841671769,0.05220629467320244,0.11854599791441556,0.12994124667107165,0.912304606515731
0.12297210029330154,0.25415602695959044,0.6121984970160673,0.010673375731040664,0.11421481359165558,0.128656861025318,0.8877475533091048
0.06302611790015955,0.5720820369044302,0.2925065097091369,0.0723853354862734,0.09965930849493852,0.12019969493799657,0.8291144877393114
0.42073468554305277,0.040838402578927686,0.3888330291572143,0.14959388272080532,0.09951711280912921,0.10572626183996524,0.9412714596848735
0.6638281770621648,0.07790194423075476,0.12610059725836434,0.13216928144871612,0.06407864551589401,0.07397744745645281,0.8661916262197912
0.10316282496376879,0.20333358949599395,0.4780840958736,0.21541948966663726,0.1310931200783624,0.14082101477938777,0.9309201491250065
0.09758328407526022,0.6222620856751279,0.16458062893313027,0.11557400131648164,0.09331190628203004,0.1169124782204778,0.7981347047152576
0.29144402915053946,0.017964746621435875,0.5761367284019004,0.11445449582612424,0.11639782127202122,0.12427548869051755,0.9366112537435759
0.49250700251459006,0.0034039576341245883,0.18813512815977582,0.3159539116915095,0.1014994686469488,0.1122509020518484,0.9042196257814165
0.016652047293641333,0.8153919067797607,0.06492798429611202,0.10302806163048592,0.08775528439097006,0.12283616202906754,0.7144092011781021
0.44803721070577085,0.0619768396798515,0.4520834132044001,0.03790253640997756,0.08869214225436055,0.09725326252341725,0.9119708681547285
0.22188719449744868,0.1494790685994013,0.46985458897253046,0.15877914793061937,0.1171352966239105,0.12527734209522995,0.9350078367313202
0.5977378014859708,0.06617308475358075,0.07287395960380333,0.26321515415664515,0.0801609967343696,0.09331556873998384,0.8590313258201494
0.7972694753053611,0.05116681490753689,0.1429735645479779,0.00859014523912428,0.04269113027965635,0.05709003745933994,0.7477859917338707
0.0007140057589415013,0.5302982930831067,0.02752039279306286,0.44146730836488896,0.12955668122293354,0.16019014701894344,0.8087681023703205
0.22897147870154183,0.07956797022736219,0.4021195137978382,0.2893410372732578,0.12833532201427347,0.1367687805925304,0.9383378389299063
0.03759436901810724,0.42699907979760154,0.35293041842753026,0.18247613275676097,0.12007661228167599,0.13514988566044037,0.8884699509355451
0.014763707103461888,0.3952179033358352,0.5323222479149556,0.05769614164574745,0.11934809289197053,0.13510015759020616,0.8834045423839124
0.12159177389712951,0.6312795698034043,0.2090839681560332,0.038044688143432905,0.08559293821627245,0.10987044160649627,0.7790351705586631
0.44050623872235317,0.04467173882855702,0.4071052033672169,0.10771681908187294,0.09454629081390317,0.10111851884807697,0.935004704291129
0.05979013039609465,0.3786634653275759,0.5042315166024772,0.05731488767385224,0.11479995020599423,0.1296805785113466,0.8852516816614112
0.20494073880274238,0.16384343795151235,0.12698004347205305,0.5042357797736923,0.13546201790820714,0.15692652443633873,0.8632193849622967
0.5346028816010316,0.3535469458234336,0.08032033531224562,0.03152983726328912,0.053794361589155654,0.07081290044151327,0.7596689480836364
0.38666723005555853,0.11861544682629163,0.49046636577699687,0.004250957341152964,0.09045657221373171,0.10110841887361662,0.894649260877084
0.5704730763289108,0.11933963909788457,0.09744752689152004,0.21273975768168452,0.07692831683349505,0.0884110862986697,0.8701207060573417
0.054319276520695126,0.7599285090274882,0.06218247564958378,0.12356973880223289,0.08832270027022224,0.12056004088826079,0.7326034365904269
0.09603446937678911,0.29583732438635313,0.2818144933705147,0.326313712866343,0.1301642186734263,0.14462056662171682,0.900039473734715
0.1899579164395209,0.09431738011305464,0.028137394759556813,0.6875873086878677,0.1521394458882113,0.18506045500854595,0.822106731992989
0.34908269233651074,0.17962901052364796,0.1146357714128401,0.35665252572700124,0.10808155544071184,0.1239286045207459,0.872127592000915
0.07396206511366137,0.10492993706554785,0.6438071399241738,0.17730085789661698,0.14085557946481106,0.1504320224330171,0.9363403960584912
0.629404285280536,0.1501308766395189,0.16660509391008582,0.053859744169859364,0.05885995999086179,0.06920035787879705,0.8505730576416057
0.051057221767091134,0.20765353379364437,0.4335911392943585,0.3076981051449059,0.1421351837240319,0.1534778200596093,0.9260959249279664
0.20372730783275583,0.22858608835244323,0.0377041690494982,0.5299824347653027,0.13172768465181142,0.15830458498400576,0.832115410081903
0.1798465973283708,0.4862767559721673,0.06890666127178069,0.2649699854276813,0.10096630114092249,0.12303123910220813,0.8206558096764741
0.7831471129492235,0.007737493612451973,0.16999979793551265,0.039115595502811996,0.049527655602745406,0.0614636073820687,0.8058045681385524
0.36908973781240473,0.04971158046488844,0.29101000010636474,0.2901886816163421,0.11255084172801341,0.12117809891614521,0.9288051449453599
0.6682923538066127,0.31129028551003385,0.01195739218898567,0.008459968494367828,0.03864176958905604,0.05952887246416837,0.649126516083692
0.29484259318702655,0.3159522867709946,0.2672626796957397,0.12194244034623915,0.09249140196131894,0.10378669973349419,0.8911681573729624
0.6595230453046397,0.07708593308796986,0.10238778025641186,0.16100324135097865,0.0661452915309082,0.07681552718621083,0.8610927237479398
0.3301924616846556,0.1783049769406446,0.37401690000616883,0.11748566136853104,0.09868486489416978,0.1067533940738727,0.9244189915486944
0.275617186508366,0.22393514332158826,0.41341756196618645,0.08703010820385931,0.10060645969837832,0.11004977732517485,0.9141904885559793
0.2099241293498644,0.42941224214183676,0.3444930808815218,0.016170547626777106,0.08916541119450956,0.1052887145424523,0.8468657973648084
0.34310324516009066,0.4307060336101964,0.07901843970237994,0.14717228152733305,0.07829870951673916,0.09621318585146457,0.8138043535697689
0.09317533644929624,0.26582381469354943,0.5328302155155519,0.1081706333416025,0.12202983275318767,0.13354919298052748,0.9137444415031439
0.40173417369125486,0.07934961759300525,0.3308852150578883,0.18803099365785164,0.10082813769558904,0.10761102862497267,0.9369684407253258
0.16592397481081816,0.36322671606755913,0.44041559558340715,0.03043371353821549,0.10089343166609968,0.11514040711709868,0.8762643297195423
0.4200730056652839,0.024467635516889002,0.2043728618655933,0.3510864969522337,0.11098742326977365,0.12260805899113557,0.905221273242715
0.1711851437545007,0.3835691943299437,0.06882318814739276,0.37642247376816285,0.11588151945392756,0.13831004863725704,0.8378387586128877
0.162065440647661,0.24969601724085894,0.4908427113243366,0.09739583078714337,0.11382560287589251,0.12451023128204126,0.9141867435620943
0.4445880643320567,0.1012900074858455,0.2865413444609724,0.1675805837211253,0.09247938022402125,0.09955443041782101,0.9289328444338799
0.09614283244811472,0.6810927446503978,0.13263332424843916,0.09013109865304826,0.08752056714236567,0.11452516759279958,0.7642037901533554
0.025873456623226532,0.4827152042279533,0.24651592781575946,0.2448954113330607,0.12026400486739733,0.13868807665287933,0.8671546088882941
0.018682555592287705,0.04991158811376209,0.8059248391894783,0.12548101710447185,0.14985239157912522,0.1620409261048187,0.9247811351200922
0.12582218814541649,0.09194337859878543,0.5498194569446044,0.23241497631119373,0.13790839406875272,0.14632687554614737,0.9424679748954271
0.17769901862004672,0.28611658535782236,0.4296239737458351,0.10656042227629588,0.10933782186458293,0.12024016309969539,0.9093286223666136
0.0694998754505516,0.1751312226942422,0.1600663009020693,0.5953026009531369,0.15671964842354577,0.18180554911215718,0.8620179592365702
0.40397942320491625,0.05563431346458616,0.469952411130318,0.0704338522001797,0.09655362251620299,0.10429350994849203,0.9257874489399045
0.36926430345818445,0.28256354717211135,0.29643871518231,0.05173343418739421,0.08197722848603683,0.09291693736236112,0.882263565859245
0.11586256378255974,0.16193236608937758,0.28110702847550856,0.44109804165255406,0.14403817950374473,0.1596302544111775,0.9023238109533389
0.053092438343079446,0.20636137514084443,0.5497330599547415,0.1908131265613345,0.13612972933219883,0.1464181661434114,0.9297325114621677
0.276084470453343,0.37899727750662554,0.3112426323343821,0.03367561970564919,0.0854730176258178,0.09947747200831021,0.8592198404346011
0.31270168547301735,0.3610893070736693,0.21260084415243766,0.11360816330087568,0.086142044487658,0.09917068588410365,0.8686240668772661
0.4592502689760582,0.16752007665454813,0.0432767909284516,0.3299528634409421,0.0933935020727957,0.11045448360729095,0.8455383522940206
0.4389261380097027,0.00798834338877436,0.38584512984660535,0.1672403887549176,0.10066255402538257,0.10665171294365042,0.9438437625335448
0.2792628542880132,0.6907778757183113,0.005201497391002479,0.024757772602673023,0.05967148751522703,0.09257053165886657,0.644605647671157
0.07030135750648327,0.32723190821310283,0.1344822424392285,0.46798449184118535,0.1380814954591682,0.16106796607314103,0.8572871367635284
0.12204675249499822,0.17411836401760725,0.6383495926249999,0.06548529086239455,0.12347871759736137,0.1353343640817474,0.9123973680681372
0.18957544519668698,0.1700280679928961,0.24130429244772417,0.3990921943626927,0.13170755640313364,0.14635240099126065,0.8999343742300373
0.1188895470707532,0.18083364567622134,0.5041496271402784,0.19612718011274702,0.12988402623234171,0.1391583384558209,0.9333542472093863
0.09338702933820833,0.5090466605396886,0.13920747703862127,0.2583588330834818,0.11005389499703193,0.13117580741903173,0.8389801226492369
0.06273126997732585,0.5306853846653649,0.39030382256499824,0.016279522792311048,0.100204080269334,0.12017620533070383,0.8338096546948703
0.5131871203126771,0.38463377464683257,0.044159857743959724,0.05801924729653068,0.055415934752431915,0.0738571040040463,0.7503128575065159
0.15658197106375307,0.4127070951032318,0.40348936563760934,0.027221568195405773,0.09798885456322384,0.11354847638492903,0.8629693473916981
0.2571802561017583,0.16003231610888463,0.023383174449400922,0.5594042533399561,0.13173419408505846,0.15920944178203808,0.827427020725354
0.014502897661725937,0.4211773068399201,0.31327613137348703,0.25104366412486695,0.1269726219630254,0.1430035765507267,0.8878982262236303
0.15521741231764866,0.6713051556813995,0.12476027130171917,0.04871716069923279,0.07855318197915538,0.10590530061797133,0.7417304093448321
0.09224179045517428,0.004277554853738689,0.6664660388662103,0.23701461582487662,0.14951709364377205,0.1581471529779643,0.9454301947794487
0.5118626270512707,0.14139202749929475,0.21200651671571583,0.1347388287337187,0.07888343772007717,0.08708757094880458,0.9057944418549656
0.787654563593418,0.11434888532664891,0.0642174998848663,0.03377905119506665,0.04014594846647706,0.05604445853206425,0.7163232461869301
0.26119471710244385,0.01171550612417827,0.2264327273062742,0.5006570494671038,0.14014029876010325,0.15707167593933535,0.8922060449283589
0.8310533339303164,0.1606432692416496,0.003203826976503139,0.005099569851531022,0.029366583542303475,0.05166290427592115,0.5684268810259384
0.19036595014425922,0.6206037730931971,0.07039183804637363,0.11863843871617007,0.08153604656959905,0.1070915113710184,0.7613679695593941
0.16039706579909668,0.49611685342935796,0.021301920083324637,0.3221841606882206,0.10556824120617982,0.13101099712570852,0.8057967920424596
0.4945370778344291,0.0830636633819891,0.04298859371079062,0.3794106650727913,0.09803562006460467,0.11609713472548192,0.8444275588404081
0.161403950278112,0.4888180248440171,0.2661785319090431,0.08359949296882777,0.09409201912476545,0.11129158419789534,0.8454549353655876
0.5774009873272483,0.026071024488485153,0.20714889855561167,0.1893790896286548,0.08232114416981164,0.0901103559303033,0.9135591943891965
0.5014840038903293,0.07734420143321118,0.061699044328096475,0.3594727503483631,0.09659318089701847,0.11313482797283432,0.8537881979209109
0.07437401331786309,0.3284963942018823,0.054695872717489075,0.5424337197627656,0.1411733527206655,0.16977283069092877,0.8315426687893979
0.08557753061295388,0.545041009425096,0.19979532230591054,0.16958613765603944,0.10375094714911028,0.12382448701970632,0.8378871550067363
0.10079079567568425,0.4741407054252451,0.26356351818394674,0.1615049807151239,0.10704118916389764,0.12376138308334385,0.8648997489937033
0.1633857148261148,0.5370401998986154,0.05295701661804601,0.24661706865722385,0.09812749451357705,0.12204350243620814,0.8040370241329977
0.18298933442134963,0.36718910418571055,0.0890419476775492,0.36077961371539075,0.11487523887613726,0.13571080412517084,0.8464708437670431
0.26547445005643916,0.16492947580541734,0.21300941473934173,0.35658665939880185,0.12012329639816963,0.13354146487857874,0.8995205834187198
0.14142578025830266,0.09218817473918796,0.665170259265706,0.10121578573680333,0.1293003838741258,0.1396575918673161,0.9258385609066613
0.11848754855677482,0.21827612648534508,0.0448501950589838,0.6183861298988963,0.14805383506373648,0.1785007217564348,0.8294298958956409
0.3831737717023245,0.434234141320393,0.11205266763091401,0.0705394193463684,0.06897564934038479,0.08645102945725494,0.7978580448771785
0.5569079166598103,0.18134848893376115,0.049446436251882914,0.21229715815454558,0.07370894962725105,0.08756765930209809,0.841737123210795
0.04969711729676938,0.02258808425773124,0.9228374070763744,0.004877391369124749,0.14197619757925767,0.16003327231740008,0.8871667467854489
0.035685480801135865,0.04335434465557531,0.031912048917751956,0.8890481256255368,0.18634494620468314,0.22929851705486362,0.8126740137621427
0.18106754780471557,0.4074506327217916,0.299096203654908,0.11238561581858499,0.09948444895857293,0.11352482812804875,0.8763232730584788
0.44718319409792573,0.041193405294833396,0.433726900055682,0.07789650055155889,0.09246553737126093,0.09966424666915862,0.9277703937120577
0.02300371406435697,0.1798675595763227,0.7088270040277906,0.08830172233152969,0.13703519852210427,0.14991056211210968,0.9141130324067717
0.04161498361730903,0.03891433169803291,0.18316238202622082,0.7363083026584373,0.17829232072682907,0.20793899206187622,0.8574261082970662
0.21294917147762865,0.2416469163528575,0.3979439330597249,0.14745997910978906,0.11035785335516915,0.11988474309410586,0.9205329261000427
0.3185588695208693,0.09667231157210127,0.04698736035763328,0.5377814585493961,0.1277426349639887,0.1525490231429674,0.8373874334434092
0.08141648901924908,0.7404816812538578,0.0898825269820755,0.08821930274481757,0.08458828706442986,0.11543738538630374,0.7327633658832503
0.4387536167771682,0.3671585797487182,0.018649652223430332,0.17543815125068335,0.07236125100160486,0.09060087630072944,0.7986815796507066
0.5119911203822612,0.04273396423500678,0.2499898208627398,0.19528509451999204,0.08978669193750508,0.09697628394900348,0.9258623684190749
0.032328572367940366,0.4169676538754002,0.4468478414469355,0.10385593230972391,0.11763266989762193,0.13260916269872577,0.8870629110664934
0.2972542573741896,0.004941610665987592,0.35504228164666857,0.3427618503131543,0.12809971020373406,0.1372047841720944,0.9336388011299961
0.03355295612236922,0.27806157871954,0.09397130415972985,0.5944141609983609,0.15311389745644685,0.18191285843452445,0.8416881509866266
0.3856767992374437,0.4583894916705149,0.027372917576018535,0.12856079151602287,0.06961889634129227,0.09012524623347747,0.7724683066156438
0.28718992738129484,0.06379411499550049,0.4537197496911844,0.19529620793202038,0.11732659063739266,0.12419872139704041,0.9446682648392264
0.5390304192323129,0.23650384390261447,0.21846952897387434,0.005996207891198275,0.06130554838215008,0.07334799558066737,0.8358176375075834
0.009772093062410517,0.7125993914117079,0.105121476572877,0.17250703895300457,0.10034702853660023,0.12930123099297816,0.7760717184668542
0.4174569306810488,0.016456717312909194,0.47720943908837254,0.08887691291766953,0.0988579072723144,0.10602635052104177,0.9323899840605686
0.38137433750607064,0.3843504561617851,0.05349489032370794,0.1807803160084363,0.07871231543168983,0.09624403659018581,0.817840961584484
0.27535278835904414,0.3302678327539263,0.2467373519360903,0.14764202695093936,0.09516481224055715,0.10709329039837683,0.8886160084030766
0.7625286973589349,0.013026880688435162,0.11889355775034484,0.10555086420228506,0.0551066620983779,0.06625781477989458,0.8317005666643204
0.04405716630143416,0.2722357605442002,0.2988854145712063,0.38482165858315937,0.14173479046643553,0.15740381148088645,0.9004533570881567
0.1441549895851739,0.027265013208501093,0.610210941251717,0.2183690559546081,0.13999710309497773,0.14805538065273896,0.9455725450690525
0.09919468873849735,0.3307392033869448,0.011091293205056599,0.5589748146695014,0.13859429492651484,0.1695072484647286,0.8176304918037404
0.1313026799105432,0.03689647284793812,0.3226423667992837,0.509158480442235,0.1554368578059061,0.17133151533653124,0.9072286409222222
0.023171928755451064,0.1567663145810921,0.42799358962718675,0.39206816703627007,0.1540497524471175,0.16673726903176916,0.9239071345097162
0.2504142230750986,0.33817823992424506,0.14630202241394819,0.2651055145867083,0.10364716753563301,0.11925227561622422,0.8691420520073653
0.46695350908382594,0.14606651056714842,0.04255960865782829,0.3444203716911973,0.09483174155829062,0.11217283233522804,0.8454073912913811
0.4859661688117581,0.06488444213128239,0.2620609617709148,0.18708842728604477,0.0909880640482711,0.09809187169516378,0.9275800581217484
0.45063258756826885,0.05221526822244905,0.007588548198256766,0.4895635960110253,0.11171872195888038,0.13566246671691076,0.8235050169919569
0.34227727725683194,0.12283466586418305,0.480538705527179,0.05434935135180603,0.09839464825506751,0.10730924768111416,0.9169260840171227
0.13488245687574632,0.28005177773640816,0.30446334845505846,0.280602416932787,0.12409125923387966,0.13666606595964584,0.9079888146522107
0.39473558580369084,0.4126691497021126,0.049131886864594035,0.1434633776296025,0.07284401075083131,0.09107745298696027,0.7998028970052613
0.31118431650822204,0.061448545653149514,0.5562703548666851,0.07109678297194326,0.10818499435027631,0.11697756838573506,0.9248353837680647
0.11086605781523498,0.00798171639660295,0.588775719158,0.2923765066301622,0.14956770050379933,0.15795691451406976,0.9468892258621374
0.03418142761145348,0.03322503328589814,0.4158530738906312,0.5167404652120172,0.16873543500824006,0.18392947796098774,0.9173920182822984
0.20850019169724252,0.6185914796181856,0.07435676492228879,0.09855156376228312,0.07833523489801779,0.10381530249064298,0.7545634701115306
0.11882098537499282,0.38638839419975124,0.24393325428686552,0.2508573661383905,0.11618506867219038,0.1314994269227043,0.8835404943664451
0.5961379376876003,0.13318833524818383,0.1475471441912425,0.1231265828729733,0.06800333042440591,0.07748186284399305,0.8776677267211318
0.10962060526967042,0.6613235669341393,0.18584964041975888,0.04320618737643141,0.08500374532903328,0.11086058728816311,0.7667625385032518
0.17868313171485606,0.5195561923754397,0.2005136747510407,0.10124700115866349,0.09026904754496672,0.10909428087842525,0.8274406945819883
0.11108601666109458,0.20478006109176686,0.27817470565568353,0.40595921659145495,0.1394743737762891,0.15458165318825673,0.9022699065485522
0.2129586893694555,0.07021955654124892,0.39131181591316205,0.32550993817613355,0.13297330276747754,0.14220550420333664,0.9350784522189931
0.2548734177252286,0.07867729397231592,0.5572865455544415,0.10916274274801392,0.11603040931533569,0.12434674314821473,0.9331198097969771
0.003935190903522472,0.14025957387752433,0.20404171215620803,0.6517635230627451,0.1708558354254774,0.19706717257158443,0.8669928796152703
0.03436402455712936,0.28662452508994746,0.07053392343593488,0.6084775269169882,0.1530265911462268,0.18340391722429894,0.8343692624573479
0.8468422689381552,0.026960699735771185,0.10489045083286026,0.021306580493213347,0.038818978083838794,0.05499151582240316,0.7059084933975254
0.2707485990926459,0.28743779147486254,0.44135089995798743,0.00046270947450398434,0.0918307942736922,0.10494639938676956,0.8750256779678444
0.4392379340335275,0.21672528930518745,0.2404065857446593,0.10363019091662572,0.08074255497705772,0.08987423712383771,0.8983948855755243
0.2454720627416856,0.1295619703738724,0.24804864272828178,0.3769173241561602,0.12656954042147908,0.1395764547244642,0.9068115440483004
0.7430034077453558,0.2081853174617616,0.006268038795624535,0.04254323599725802,0.03888189339602571,0.05745064317670011,0.6767877824524478
0.16506860483593017,0.7161799063543458,0.10910008500975675,0.009651403799967175,0.07172925905297976,0.10270619250337636,0.6983927385938461
0.35331486386661787,0.16520873096285865,0.458490613494195,0.022985791676328415,0.09200165880412739,0.10217128340012191,0.9004649422267863
0.0381982198734231,0.8467889929046424,0.049912744286557564,0.06510004293537698,0.08054611413085247,0.11830382924428179,0.6808411413677522
0.12491439822466302,0.3534084350299432,0.1095498386136766,0.41212732813171704,0.1260948198349842,0.14801505156944883,0.8519053873100221
0.2307245978608395,0.24271725824596968,0.05978120815187623,0.4667769357413145,0.123927268405479,0.14710152676564417,0.8424607897028465
0.1151623364937688,0.0007358509381992551,0.4673100534174578,0.41679175915057415,0.1558096161382828,0.16670050094886832,0.9346679539137915
0.447375627699133,0.02356787860687244,0.031933445406695384,0.49712304828729914,0.11481189052492786,0.1378846763153876,0.8326660626327709
0.0787795133311876,0.6806549048668952,0.20380757665391344,0.0367580051480038,0.0871441711349942,0.11378546536715635,0.7658638197225142
0.21925943103720483,0.11410877357180642,0.5756649820170234,0.0909668133739652,0.1169159127481171,0.1262452089571868,0.9261017801298621
0.23131315790747178,0.35432772907390414,0.3659420753216064,0.048417037697017794,0.09400392303096723,0.10707192578013419,0.8779511748392261
0.2690953592603302,0.3094961647141283,0.034702008333655665,0.3867064676918859,0.10959323350362112,0.1316259592682223,0.8326110906458525
0.06208991725679726,0.524767461366703,0.11868953268608173,0.29445308869041814,0.11466956828180105,0.13770603523172267,0.8327127281592461
0.8028816704829757,0.059132624103086624,0.02845378813945443,0.1095319172744833,0.0463713687726904,0.06176902752062028,0.7507220144790252
0.46561349116293965,0.32086869825265396,0.16660355101897872,0.046914259565427656,0.06614646326687691,0.07944040312815093,0.8326551812705605
0.40670181211536716,0.32198817475848146,0.03175809943973126,0.23955191368641993,0.08334730612864473,0.10102116957351515,0.8250479229305617
0.009625215299487951,0.12593792058974837,0.10274911917720096,0.7616877449335627,0.17675807561056484,0.21123475312709789,0.8367850128535016
0.27827934907191093,0.015036134065940721,0.5205650068935062,0.18611950996864216,0.12192676939380842,0.1287220140157875,0.9472099261813471
0.18304480999257505,0.05246580049472448,0.0038397534657154653,0.7606496360469851,0.16003939246373655,0.1973792122589499,0.8108219230998567
0.020353853304993008,0.029847236366650435,0.5708722918379575,0.378926618490399,0.16391255108553882,0.17430472298211813,0.9403792868099997
0.02736110484980561,0.5805323510078183,0.3226440619516317,0.06946248219074433,0.10347359239843702,0.12434369677090673,0.8321579226414573
0.06556002848593341,0.44377666600111526,0.1201069730671013,0.3705563324458502,0.12450287963903198,0.14719806432830052,0.8458187287120111
0.17135923925540988,0.03861517451259698,0.17468299464213258,0.6153425915898606,0.155401214515282,0.17919819534047496,0.8672030107224076
0.04290066466365983,0.07879875627567402,0.6734574503099394,0.20484312875072672,0.14836116952920664,0.1580038891161048,0.9389716313893232
0.5289646054533399,0.2767276132318584,0.06881794327474304,0.12548983804005875,0.0653708841345201,0.07931316429184099,0.824212282011359
0.0950311119812235,0.39126119222127675,0.49240488387641523,0.021302811921084498,0.10741020066079303,0.12329453792080972,0.8711675510701133
0.4738166558284765,0.13430587743309222,0.24498311295517075,0.14689435378326055,0.08500408223681372,0.09272654561008084,0.9167178791956683
0.3069777538392284,0.03155054404837052,0.20204426825021904,0.4594274338621821,0.13054022017013978,0.14643308622474716,0.8914667001539882
0.08946294900245778,0.3080863231584262,0.1580112346374848,0.4444394932016312,0.13594488543708794,0.15692640153271922,0.8662970928365
0.06506291560654717,0.18907273766974952,0.04185628570615729,0.704008061017546,0.1616164050084462,0.1960685703436687,0.8242851198698762
0.1551740922511295,0.09238740959486501,0.1569161871870833,0.5955223109669222,0.15221249078811008,0.17615436249302127,0.8640858428592156
0.2756535667310743,0.26021885496945896,0.22848680886989375,0.235640769429573,0.10512956639888228,0.11670326468865408,0.9008279817994073
0.12913704892864747,0.028963146529129555,0.45341590520775066,0.3884838993344723,0.15031932688366909,0.1607045618689178,0.9353768501374612
0.09000264336756278,0.40679077793132196,0.17300384623111564,0.33020273246999965,0.12226653075121108,0.14138159628095628,0.8647980640156349
0.23635675454284813,0.014477782522022753,0.6176734037651297,0.13149205916999948,0.12469000226616792,0.1329242118876193,0.938053350066781
0.01503940863668429,0.17029598557732548,0.24289972632075457,0.5717648794652356,0.16300944200430678,0.18506399620620237,0.8808274183308896
0.10401841742078655,0.07596311326305681,0.5726784038598931,0.2473400654562635,0.14276755994706636,0.15133497797939421,0.9433877207588163
0.1499601016870657,0.38587036402568464,0.15019829182621353,0.3139712424610362,0.11533411978167851,0.13369759147026447,0.8626491959455369
0.12329319418316488,0.015496591786500279,0.17789535318214864,0.6833148608481863,0.16689790045567787,0.1937453946561199,0.8614289942318689
0.14284599023030584,0.5221320323531174,0.18267104711484494,0.15235093030173175,0.09727700519689743,0.11650966840819406,0.8349264616914487
0.2164260159371767,0.04434536192485822,0.0897383397521884,0.6494902823857767,0.1507915030934672,0.17899058777881868,0.8424549299754381
0.022500921123595984,0.020083533546068493,0.38883686162835307,0.5685786837019823,0.17389713175534613,0.19131505002563162,0.9089568841136549
0.40794921425479713,0.03473142269250526,0.1938071530561419,0.36351220999655576,0.11236369883130375,0.1247257429992307,0.9008861853963603
0.37821560644910257,0.25825719758421967,0.13775879499817237,0.2257684009685054,0.09145981540330436,0.10424071853840766,0.8773904927526555
0.4751382525757745,0.03139358939037137,0.20375990399328123,0.28970825404057277,0.10020595271594823,0.10999346064796695,0.9110173652655267
0.008038410131822915,0.04049352596805794,0.010270711398900293,0.9411973525012188,0.19277539223047935,0.23942883948946023,0.8051469181471157
0.2334446970592053,0.08353774332411357,0.33907542689040054,0.34394213272628044,0.13016627655268823,0.14037282241495258,0.9272897296878947
0.07112600802090129,0.18034672528347553,0.4812264676710912,0.2673007990245319,0.13969092088583138,0.14974252617131184,0.9328740769740922
0.44446498102685034,0.21276546029424037,0.07380372416251917,0.26896583451639,0.08864660736878971,0.10337243994681881,0.8575458547209973
0.5341758154475391,0.04575473567165685,0.12503138459131355,0.2950380642894905,0.09164866835256189,0.10370029320914431,0.883784081185995
0.14708970820011408,0.13278799694777943,0.038542911672868434,0.6815793831792379,0.15433426733712471,0.1869751976936263,0.8254264161282698
0.18432811586958409,0.6372882784280681,0.16961076780539963,0.008772837896948186,0.07549292455755603,0.10142581234082462,0.7443166864059672
0.32231229340940953,0.0968602837230122,0.4721755228459505,0.1086519000216277,0.10578317416001715,0.11332248200615878,0.9334703254581743
0.23430512790376762,0.07471611095089639,0.26916254701161685,0.421816214133719,0.13465385520312442,0.1482402267926335,0.9083489557222925
0.06122541361920702,0.07025097357166875,0.4490900269834843,0.4194335858256398,0.15739229763505155,0.16938788876003807,0.929182710683761
0.09791476406598026,0.05639939364503636,0.011884173063256379,0.833801669225727,0.17444921264110602,0.21535612192510495,0.8100499353427936
0.1429854848094723,0.13608044051743254,0.22470424832556424,0.49622982634753104,0.14533694305075057,0.1637057643443931,0.8877936805267318
0.16434685951600536,0.5043441064039955,0.059360318376814436,0.27194871570318474,0.10188481553575891,0.12502629614746677,0.814907092949368
0.4434016309876876,0.29714065551595253,0.13319762764321205,0.12626008585314774,0.07489953982298178,0.08743334994390888,0.8566472618403858
0.6281737735733338,0.0059600515432491645,0.17714629091751918,0.1887198839658978,0.07729659951030156,0.08579806949450054,0.9009130387864507
0.10367101014098247,0.24937155805337588,0.4902905657191965,0.15666686608644523,0.12440638734172448,0.13488711411921428,0.9223000147499126
0.4950236496067022,0.41195410947027533,0.07453460874518596,0.018487632177836315,0.053614978402398476,0.07297506312952491,0.734702734100225
0.39160716070307805,0.026681786314186356,0.18895015376720617,0.3927608992155294,0.11659457116424142,0.13007999638990786,0.8963297539981121
0.1639952964441601,0.3528943059885863,0.1748120110070703,0.30829838656018327,0.11586398631118144,0.13264011347654311,0.8735214655231092
0.28767604918141976,0.20402323275867412,0.011755517343347186,0.4965452007165589,0.12110751502154944,0.14670868271615867,0.825496574431518
0.11345449260129908,0.11881252777338862,0.1957117605916636,0.5720212190336489,0.15434697469164252,0.17654140462623905,0.8742820134371028
0.005243650299406129,0.008927946562000967,0.17818773973953733,0.8076406633990554,0.18898612290606986,0.22217391255973498,0.8506224728578696
0.534011731075025,0.08535563417054762,0.2118801825916008,0.16875245216282647,0.08218764683474425,0.08998266236754182,0.9133720282585308
0.13644788554859189,0.5291876955950149,0.11643856802432061,0.21792585083207247,0.10082305177268547,0.1223001994568432,0.8243899210341312
0.20782343475699405,0.20221775150203167,0.3628272850969768,0.22713152864399755,0.11816210979362812,0.1275459217180474,0.9264279735641952
0.04603408991641331,0.14207291153770146,0.19923595089868978,0.6126570476471955,0.16328258777020996,0.18771240792905006,0.8698550595117086
0.6063673949268942,0.2479259436655029,0.13167323602222553,0.014033425385377373,0.05203983443553239,0.06594369680170914,0.7891555517734276
0.24849816294832816,0.07514717206771489,0.21128508366190668,0.46506958132205023,0.13493694411740265,0.1513403820980638,0.8916122864680476
0.2023752225828156,0.12517419681183697,0.5434963740487692,0.12895420655657813,0.1201249956471159,0.12873558172179234,0.9331141712375637
0.35197760257193506,0.08560622497823793,0.5549254659883576,0.007490706461469296,0.09776894899046286,0.10881488899391903,0.8984887076981399
0.23256100766818646,0.3910490129212287,0.09885861107842736,0.27753136833215736,0.10235971638604532,0.12089261836039465,0.8466994740811996
0.527974444538472,0.08244185605077868,0.1910231435804481,0.1985605558303012,0.08469600151745141,0.0931666599259447,0.9090805829550361
0.269415929614431,0.1373396101248894,0.20943617573310572,0.38380828452757393,0.12317917456651152,0.13720555250560323,0.8977710618634118
0.07988063016389883,0.042624589023662895,0.7276959472610092,0.14979883355142926,0.1436954926343716,0.15393306392156828,0.9334933572659029
0.2189712946829677,0.2178182810858072,0.27128147067724456,0.2919289535539806,0.11870471688204866,0.13032668192291227,0.9108243617547329
0.20562229776750257,0.20610952498184706,0.2422969710614562,0.3459712061891942,0.12407889960113662,0.1374777228747649,0.9025382222410396
0.09265562456668304,0.6394989577289182,0.2347022635022796,0.033143154202119246,0.08845200989812373,0.1129261837036196,0.7832728158977765
0.20856556618780564,0.20833788797611474,0.05358484385262331,0.5295117019834563,0.13269503045666892,0.158348222274731,0.8379950753501084
0.27068676559823757,0.019226711852148033,0.5664221909875234,0.1436643315620909,0.12045580010216181,0.1279025414970511,0.9417780029409268
0.34326425149289536,0.29535106831558994,0.27343796205457166,0.08794671813694299,0.08614489774752354,0.09697211869163565,0.8883470724348935
0.3062596445146097,0.10892652771522718,0.024621476192805074,0.5601923515773579,0.12948174157475045,0.15635668200309882,0.8281177364212952
0.03172801902419729,0.7867929837436421,0.13624112302309144,0.04523787420906908,0.08519381253781642,0.11799796493379575,0.7219939139256808
0.620650650141938,0.24793726816034203,0.013904694558280053,0.11750738713944,0.055355803385692716,0.07126254934710126,0.7767867399195763
0.22340032622322167,0.3201800672603948,0.4365781836937527,0.019841422822630725,0.09633562335128112,0.10961063474862022,0.8788893848869331
0.17040490000264288,0.6388486562542842,0.1438454004058209,0.046901043337252056,0.0790845226661763,0.10456713123846767,0.7563038378266521
0.39090736499276096,0.19391089572250678,0.24894820059870598,0.16623353868602628,0.09198084782744186,0.10075201124944279,0.9129430438834099
0.1585961606591302,0.42796623491852465,0.08788484387658389,0.3255527605457612,0.11142283834811917,0.1328377232886309,0.8387891299974987
0.6203622425581958,0.10133643710944173,0.08336439059936075,0.19493692973300167,0.07099283998532929,0.082641798321841,0.8590427777098231
0.0964479088518877,0.4653140947836233,0.3450858152285671,0.09315218113592191,0.10489425332336083,0.12105508379602493,0.8665001917648106
0.15086649835452878,0.25849037363520067,0.015210101007146613,0.575433027003124,0.13847977667325143,0.16858692084163043,0.8214147098833279
0.1389994357697068,0.11522467928229821,0.4157080852734654,0.33006779967452954,0.13921548899108074,0.1492609304667317,0.9326987883283365
0.14237256302437934,0.4434579709165228,0.06538281649516961,0.3487866495639283,0.11345426161170528,0.13673891205103875,0.8297145260988891
0.03178555198583272,0.9208581423049558,0.012111658310084724,0.03524464739912674,0.07396145922740163,0.11778895278787176,0.6279150758781271
0.17729035703524815,0.23019749281566684,0.1970638429386698,0.3954483072104151,0.12830886952068513,0.14474311610194154,0.8864592180696048
0.9610633133459777,0.013203174232475693,0.024807242192377066,0.0009262702291693165,0.024051828837883274,0.05013016938952494,0.4797875038281653
0.0783942917074532,0.09831517665271411,0.8093912396070655,0.01389929203276736,0.13263849254745236,0.14842472318906524,0.8936415018843984
0.2786399741670232,0.2227730432354261,0.42419246482661754,0.07439451777093321,0.09967468578799957,0.10934362729110941,0.9115728850171773
0.2024476777476415,0.10679085756337958,0.36735395197062254,0.32340751271835627,0.13130890892365404,0.1411192355713539,0.9304820026272076
0.635827697308143,0.07762637321682148,0.28221363853365056,0.004332290941384869,0.06134890403966492,0.07158630602271372,0.8569921741764331
0.029436031749558958,0.022865739072984278,0.9371343832963354,0.010563845881121532,0.14487224904077467,0.16303631680693534,0.8885888241227246
0.13144619404066105,0.42474426345222877,0.3396767974440113,0.10413274506309884,0.10413909095169069,0.11879702994852089,0.8766135903971504
0.6802772008028345,0.0128934624881915,0.08939926952760045,0.21743006718137348,0.07140399025564487,0.08316621474276303,0.8585696785227117
0.17451137853204182,0.5762267844076191,0.07910803362245947,0.17015380343787959,0.08972306821011901,0.11329190848750323,0.7919636045324101
0.013586942500007446,0.19668469251169385,0.0006382664488779533,0.7890900985394207,0.17195342700103455,0.21255608246593033,0.8089790939226413
0.14875339465285448,0.04762712309498333,0.1333626088762978,0.6702568733758644,0.16036473251632347,0.18819577237189025,0.8521165512657193
0.10746279804961444,0.6655057937090053,0.03139670425921301,0.1956347039821673,0.09257110795593808,0.12153727195056334,0.7616684698467843
0.04434900253556181,0.371035396193417,0.14309359700315083,0.44152200426787036,0.13662789818829713,0.15943889509494413,0.8569295347094364
0.004698254300713529,0.05462150467004683,0.15555960572411523,0.7851206353051244,0.18427553833255972,0.21744243121624224,0.8474681657201547
0.06892038810643285,0.6235373819574139,0.1417498245511033,0.16579240538504975,0.09944697925882309,0.1236256136791237,0.8044205104367981
0.5031370878368505,0.18263959121075704,0.17098717764788288,0.14323614330450954,0.07714281844957434,0.08663628342213861,0.8904216040027133
0.2731472167168693,0.6224943183389252,0.05188328567652792,0.05247517926767758,0.06731507532307686,0.0944126343171269,0.7129880000696642
0.09387140653395425,0.28977973233755416,0.05568384523375581,0.5606650158947358,0.14264758935831842,0.17123918840467164,0.8330312160859715
0.02683594587375397,0.4609667967971852,0.2284713355424858,0.2837259217865751,0.12382027938196594,0.1425725768341906,0.8684719188737589
0.4084648301734725,0.12066436444202358,0.13186195762145655,0.3390088477630473,0.10419686531023904,0.11808824099398253,0.8823644457160527
0.7519072448081596,0.06351343131191335,0.07888806090564815,0.10569126297427874,0.0524555468187001,0.06488085364941407,0.8084903922834533
0.1713019064607801,0.4406737597806539,0.08233675831872499,0.3056875754398411,0.10776123014963834,0.12908821009525692,0.8347875462067299
0.44007283722815765,0.31176853011382094,0.13338281343075545,0.11477581922726593,0.07358783971259712,0.08648933138564928,0.8508314093038204
0.16357339063461648,0.2518806634244459,0.05457101358369049,0.5299749323572471,0.13508375276140655,0.161500107214177,0.8364313503659919
0.112787122693918,0.12194402439693586,0.5413858224083976,0.22388303050074868,0.13677630362307325,0.14553372469139403,0.9398254865881362
0.7228479568214241,0.2295737411873749,0.03302535366578518,0.014552948325415677,0.03839151373449564,0.056907042861371326,0.6746355425288829
0.12847288644549362,0.09074849745183831,0.39926385592526226,0.3815147601774058,0.14511438297480905,0.15632358332830149,0.9282948860636624
0.5359346583968285,0.18078816698881203,0.19118223164026157,0.09209494297409782,0.0704701881980122,0.07975033459478378,0.8836350161547967
0.4198880607762371,0.25369612788372975,0.10227296180304205,0.22414284953699098,0.08632600434524033,0.0998479155661449,0.8645749273358952
0.2742586629449052,0.3290755379519219,0.07158717397631363,0.32507862512685914,0.10427426203735152,0.12332333869124532,0.8455355096930562
0.07306643296211145,0.35190448557876636,0.0667398736520626,0.5082892078070597,0.1377634652589772,0.16496357725798097,0.8351144388893408
0.1642055215285386,0.3285429283014931,0.19526620662056715,0.31198534354940105,0.11796911511464057,0.13385250048716194,0.881336655537154
0.2661801723693967,0.3642282979761333,0.2464452179728401,0.12314631168163001,0.09241562933796929,0.1052608167909798,0.8779680051455646
0.024101468957207106,0.41497306652457344,0.0889768509260673,0.4719486135921522,0.13726639439320482,0.16388757029832873,0.8375643994436874
0.08714434447280388,0.23202637893612624,0.4325145179576811,0.24831475863338884,0.13252486283531484,0.14314266403734455,0.925823644030688
0.5091757223092448,0.27104501012909143,0.08586441241803959,0.13391485514362433,0.0688192980466521,0.0820608966357907,0.8386369253566831
0.5568051665800913,0.08912749275380451,0.10385867220199195,0.2502086684641123,0.08299556234748941,0.09480065942802009,0.8754745256862478
0.20912342715871013,0.0501746711726975,0.014787204110979356,0.7259146975576131,0.15509571565343255,0.19014552483696479,0.815668503302485
0.04735042311034988,0.2933768991607568,0.0718578665687447,0.5874148111601487,0.14974503362080144,0.1791899666025197,0.8356775575106099
0.290360547979423,0.057569187299715795,0.012847674542147806,0.6392225901787134,0.13960872328763343,0.1703938988806854,0.8193293551278581
0.11442308115951302,0.09300823562147814,0.5030130490543926,0.2895556341646164,0.1421621223077759,0.15110623284828129,0.9408091223511226
0.08011279929485883,0.1483172493435501,0.08330382251802847,0.6882661288435625,0.16213326258636246,0.1937320611577905,0.8368943251695881
0.3069705083432868,0.5625252504489462,0.0852675903294738,0.0452366508782933,0.0673536464233717,0.09097539703768515,0.7403501234017313
0.03912782609825115,0.46485474468881827,0.21710679352462467,0.2789106356883058,0.12167053481653717,0.14055838600653786,0.865622737094305
0.42852551926988275,0.1016434859085728,0.4235799870144177,0.046251007807126744,0.08847275401258575,0.09685204049360253,0.9134836350549551
0.32573194463728494,0.15524393690344074,0.4718623175689854,0.04716180089028908,0.09759342228939218,0.10704639202357145,0.9116927758564927
0.25298090914173965,0.07803150960242192,0.271856716318411,0.3971308649374273,0.13072650429025143,0.14337688814769373,0.9117683190026343
0.22076281421974991,0.36636674227898103,0.22539075098497025,0.1874796925162987,0.10136547939492896,0.11499646384567819,0.8814660556080959
0.038324801884389505,0.16512505565458943,0.6537890598273094,0.14276108263371165,0.13894582543434777,0.14988753479934866,0.9270005382392317
0.2051289405997666,0.3033554651843313,0.10858543865536692,0.38293015556053533,0.11821130828531064,0.1377368759933769,0.8582400859084016
0.0057153070921167485,0.5414533451790333,0.05153783606671124,0.4012935116621387,0.12600541804680912,0.15476814094375152,0.8141560483859799
0.5687154174238978,0.1210987655500162,0.30241201062388284,0.007773806402203227,0.06676778481100216,0.07664884897655395,0.8710865942869631
0.33983645883838165,0.45879777415350753,0.049333049280251874,0.15203271772785903,0.07671907430512276,0.09652347977128362,0.7948229227428578
0.42364423390299694,0.23681154752476977,0.16936850720780353,0.1701757113644298,0.08449011135885032,0.09521356686555776,0.8873747107715327
0.045696858509834126,0.2344455706901602,0.17662038909195243,0.5432371817080532,0.1524656218239114,0.17578455958598457,0.8673436517007242
0.30745817056697955,0.05316765496552034,0.20442482829916087,0.43494934616833925,0.127524492737468,0.1425627241563571,0.8945149827356289
0.8254403415908347,0.003102863690384361,0.11077627390170186,0.060680520817079135,0.0454785525388147,0.05913990161387935,0.7689994622537804
0.0890365825799113,0.24755875792213186,0.22656494544212555,0.4368397140558313,0.14046252933363254,0.15843095268781635,0.8865851460882769
0.21454491581744087,0.14066126054218198,0.5475022039908732,0.09729161964950384,0.1157208410828333,0.1249537402844732,0.9261094611444202
0.23676943252948252,0.26960805064155097,0.4681776052175129,0.025444911611453687,0.09892357530041589,0.11111590090179413,0.8902737996773837
0.13822008550408837,0.23479703077677766,0.44069961902908533,0.18628326469004866,0.12256178965682875,0.1324327189746011,0.9254645725452071
0.13312320707012448,0.15187275349044152,0.03562793605900924,0.6793761033804249,0.15451296797066977,0.18739460270390537,0.8245326479056041
0.20040421590198512,0.2051093651122692,0.034154805952317076,0.5603316130334285,0.13555528337543182,0.16331935424507224,0.8300013430865122
0.11094053654014217,0.6101063156814039,0.08261941285043804,0.1963337349280159,0.09658591174167001,0.12175618925551107,0.7932731168103492
0.9499983954693995,0.008452057558873939,0.005018895940189611,0.03653065103153698,0.027650576535845003,0.05173404888635508,0.5344754012311199
0.49298901548216945,0.19078074604265616,0.20563345755898335,0.11059678091619106,0.07617880734971504,0.08522080168260389,0.893899210587518
0.2855388350130106,0.3620457461883762,0.26128505655785406,0.09113036224075902,0.08847280986527646,0.10123766224894842,0.87391201949841
0.04400341485445472,0.488757013449982,0.24545741014208305,0.22178216155348018,0.11626810307059633,0.13446700900145567,0.86465895191688
0.5261889972615575,0.08784314991162696,0.22051626574820452,0.16545158707861107,0.08284055771699793,0.09049184018030056,0.91544781885242
0.4400390558379626,0.26210023779851743,0.08114017612044438,0.2167205302430755,0.08266293022933724,0.09681909296532741,0.8537874885787275
0.031729812121938566,0.2285142343719294,0.20286596246493954,0.5368899910411924,0.15443848522645326,0.17678385765976184,0.8736006062481424
0.1872056508992146,0.07247906252410505,0.2643352600885453,0.47598002648813514,0.14366394170558047,0.15949800012375584,0.9007256617268581
0.040966894924502575,0.4154731978601156,0.11335381471631144,0.4302060924990704,0.13294675245595894,0.1572267399547024,0.8455734215074445
0.001417107172624348,0.6547062643718354,0.11920882978520875,0.22466779867033163,0.10867266485132862,0.13533738915799376,0.8029759220821339
0.04520103821551458,0.413433937160611,0.008906017494623053,0.5324590071292513,0.1376721004155968,0.16939608285937136,0.8127230458445072
0.08355032155712121,0.20214016637700138,0.07056871937207772,0.6437407926937998,0.15515428452210414,0.18572753660149355,0.8353865418191114
0.7550850587935464,0.05274017253918408,0.044699003830347604,0.14747576483692187,0.05499351679555033,0.06860815080688293,0.8015595253448116
0.3073419605377973,0.23735599031653196,0.2176979344451663,0.2376041147005044,0.10293727163978901,0.11415038042413363,0.901768975778429
0.20497957464296243,0.19526782133370482,0.33042549482169015,0.2693271092016425,0.1211975850498006,0.13136952534571417,0.9225700156170549
0.3413614088560794,0.05274574719365904,0.5536488471061176,0.052243996844143874,0.10401555691542415,0.11319142512136415,0.9189349529250859
0.2712688096019318,0.4322408136126015,0.23963850972885684,0.05685186705660989,0.08299838301557125,0.098592324651457,0.8418341215605438
0.0947522997655101,0.37047356779581603,0.5336308935986397,0.0011432388400342056,0.10810147754882012,0.12449727923861105,0.8683039357160023
0.285519729230059,0.5991326477713286,0.04284676812339468,0.07250085487521767,0.06857686612214692,0.09454357578010796,0.725346651597406
0.5929181773272437,0.1168990341152983,0.10759325885964159,0.18258952969781647,0.07269819070312529,0.08342028255994151,0.8714690057647326
0.020953498955801644,0.2536174846886621,0.3608521251167573,0.364576891238779,0.14521549092259178,0.15934646742150524,0.9113191730725099
0.15723485138871418,0.08415423285330288,0.4816922027219551,0.2769187130360279,0.13667306634300433,0.14510937105574828,0.9418624403691828
0.3640796785077733,0.16148583042760029,0.4596978086244986,0.014736682440127893,0.09048760948178786,0.10090383424064628,0.8967707735068154
0.42645241067734196,0.20890820509964647,0.044388920354575145,0.3202504638684364,0.09386105339739566,0.11114015275328376,0.8445287420627774
0.009308775920721544,0.5954063604155934,0.02718151647699748,0.3681033471866875,0.1195625176563931,0.14979593580982273,0.7981693028587021
0.2914529490251989,0.09059714274815953,0.6004464923061652,0.01750341592047643,0.1057385160028952,0.117131517380101,0.9027332554718419
0.1608280781674647,0.15003913230916005,0.4209220271348021,0.2682107623885732,0.13049975737292546,0.1396901368667237,0.9342088160270996
0.006616676310607149,0.45124518155403603,0.37398439450655885,0.168153747628798,0.1214479049367381,0.13727112995970014,0.8847301320561184
0.12203724643898894,0.35053121439603724,0.2632365731071662,0.2641949660578075,0.11930240911413882,0.13368184501323102,0.8924353871861284
0.315934606998602,0.4037650508203869,0.11002381943856472,0.17027652274244645,0.08514112316167312,0.10157301702981106,0.8382257970803872
0.2440176536359088,0.4425513259276845,0.02758126926820486,0.2858497511682019,0.0971660865115272,0.11957940103566106,0.8125654223886792
0.14981357929254194,0.6437285692459113,0.11859459566738952,0.08786325579415727,0.08341911194200452,0.10901934289739255,0.7651771669594211
0.6344198127484627,0.011441969249228799,0.225171600347167,0.12896661765514145,0.07305839768551861,0.08048892028142941,0.9076826652670953
0.24668573624136136,0.28310477941393447,0.2049164966976841,0.26529298764702003,0.10854712131785926,0.12171728073530251,0.8917971274261025
0.21167634998669393,0.07022498860548639,0.15021485887837976,0.5678838025294399,0.14525826553976287,0.16778726915292308,0.865728766390333
0.014147345665118306,0.18230564874402158,0.2705586061696834,0.5329883994211767,0.16022581313507173,0.180262791778967,0.888845732132763
0.40073837334770573,0.4430011925279845,0.09200335088276639,0.06425708324154361,0.06567677022463671,0.08410976546780186,0.7808459559880535
0.10478479826696956,0.29702077957000556,0.436306820944916,0.16188760121810877,0.12071069392059894,0.13196764538429495,0.9146991565173772
0.5546104691306538,0.002392692618696326,0.4140562420672959,0.02894059618335396,0.07915625341268699,0.08780833560692852,0.9014662772681135
0.04941573048643236,0.7637891783290528,0.0016131186282841623,0.18518197255623073,0.09173191939825112,0.12606421552122302,0.7276602564730827
0.33371126131402357,0.27222410948364406,0.07658675509581901,0.3174778741065134,0.10071350097581108,0.11801807611748667,0.8533735194560456
0.08933952843688753,0.6615078710417065,0.04870557335860615,0.2004470271627997,0.09548758297800806,0.12381608884056503,0.7712049691778353
0.09432353743867353,0.09598266812044726,0.0030697994537532145,0.806623994987126,0.17039052643269298,0.2105841929752829,0.8091325565575208
0.5233067663121443,0.30416691318414185,0.05037161153843813,0.12215470896527568,0.06374450277295367,0.07896947001911259,0.8072043887026962
0.2735485208821173,0.39438558534480167,0.10594070635897025,0.22612518741411075,0.09419410482844616,0.11136494514633184,0.845814674489145
0.01923501322301845,0.8527180581187133,0.04611862162633798,0.08192830703193038,0.08337841898310708,0.12123683868751958,0.6877317149287419
0.08749531347304251,0.03503799800892692,0.3799873359159782,0.4974793526020522,0.1606965370378929,0.17543906358534084,0.9159678224098788
0.40285841541822165,0.23071429513833755,0.22406328767434655,0.14236400176909447,0.08628946247301894,0.09586296497972631,0.9001334612513598
0.019165929778098348,0.7623517881684012,0.2086937534528384,0.00978852860066202,0.08700971250540822,0.11822241382628644,0.7359832174739596
0.5989411709248459,0.011455471974413661,0.3785191545636595,0.011084202537080963,0.07177542014867098,0.0812557836595959,0.883326908141814
0.2746798748216897,0.05560095193242553,0.6155219733797404,0.054197199866144546,0.11255340011189353,0.12264787041859318,0.9176955109595663
0.5522722456037342,0.20740056639047513,0.13081712233595003,0.10951006566984067,0.06708806604376859,0.07792863276516555,0.8608910956507536
0.14026981938960711,0.525763442432245,0.18349334848668797,0.1504733896914599,0.09722751756934447,0.11658012138943719,0.8339973951867392
0.024605114369280236,0.2311482880345618,0.22746811236967185,0.5167784852264863,0.15414839635055297,0.17516954867606682,0.8799953959783996
0.15383320958106933,0.36487952332166673,0.11388748492294007,0.36739978217432373,0.11918130999744382,0.13957135894501865,0.8539095047744926
0.15281439426621876,0.08983120675454395,0.16514488089873278,0.5922095180805045,0.15255810810905326,0.17608316395792778,0.8663980398802043
0.23014049814843296,0.15500248008265255,0.12571943112466707,0.4891375906442476,0.1321384163663039,0.15281216279527293,0.8647113812748907
0.7529506494956638,0.014651552778990462,0.15616857933729636,0.0762292183880493,0.05475575226264692,0.0652815566723039,0.8387629684982281
0.22354299627200752,0.3872208133130373,0.21418265280980517,0.17505353760514994,0.09871442229985353,0.11294701664017595,0.8739887536324726
0.20163415654648417,0.001520818234764081,0.6871911603146673,0.10965386490408441,0.12914858743538013,0.13874025312250873,0.9308660214230755
0.24325410529580135,0.13436340952896972,0.38101908067479484,0.2413634045004339,0.11969606377424992,0.1280082389137255,0.9350653113423598
0.4518609068210187,0.12261461246916476,0.3660227755373159,0.059501705172500606,0.0844239983743594,0.09239406182858201,0.9137383583264322
0.1305489669439781,0.059277844492997486,0.513038151325812,0.29713503723721246,0.14314315859970367,0.15176119113600167,0.9432131991598899
0.11235652067631811,0.1252255507935723,0.06605853841763773,0.6963593901124717,0.16019357775421644,0.1924938126596219,0.8322011785255639
0.544579526517718,0.09904722957751988,0.31878158055691197,0.037591663347850246,0.0731604663538876,0.08160333775114571,0.8965376707628656
0.06542696450152048,0.1269601351800374,0.09233605238184446,0.7152768479365977,0.16710152619722926,0.19950379012284325,0.837585722528567
0.02063758236229778,0.7306191323968252,0.09934025737448587,0.149403027866391,0.09633773509447481,0.12617176098582605,0.7635443489236649
0.06863908275754976,0.027232561353476317,0.7406959157004985,0.16343244018847547,0.14706993634266421,0.1572423785688248,0.9353072478377187
0.3469406627425054,0.21753198367654894,0.23336751984970422,0.2021598337312415,0.09760314683591247,0.10748530932010462,0.9080603428812597
0.4027547334692161,0.3003411592988104,0.24562901289443123,0.05127509433754216,0.07617834662197416,0.08780664764672802,0.867569240639525
0.07587743112644861,0.5482825519272497,0.3333007423067587,0.042539274639542886,0.09840029353135885,0.11834721075324021,0.8314542683775482
0.1162434089906939,0.3894064119115147,0.15252275528039524,0.3418274238173961,0.12082721506915842,0.1401741544649755,0.8619792680779024
0.5192188989138049,0.03195137723666692,0.3008486750972545,0.14798104875227377,0.08734448539988571,0.09371092343147401,0.9320630103891383
0.033897641547281636,0.03786927158287452,0.13530225296760362,0.7929308339022403,0.18221030656733544,0.2162322232620246,0.8426602835532876
0.14297912310159389,0.4547262214618858,0.25748858473459635,0.14480607070192386,0.10227491981493811,0.11819802953331437,0.8652844740200317
0.034163342459907896,0.8414836783515137,0.1116351166284779,0.012717862560100483,0.0788759643400959,0.11598819634561165,0.6800344071656058
0.11520546897037776,0.7038497253812417,0.1806696268958434,0.0002751787525372084,0.07872906994097843,0.10784777605519849,0.7300017934601029
0.019986333219879294,0.19316470598768312,0.5775457460485096,0.20930321474392796,0.14241376093959743,0.15287833314674998,0.931549670958883
0.4239520352581244,0.05803023990419594,0.31029903989948715,0.20771868493819254,0.10062975047101778,0.1075131272254035,0.9359764064907667
0.14793527971341225,0.24560821485658738,0.4995393720284113,0.10691713340158898,0.11646561311880886,0.12707688358809272,0.9164972403346052
0.3738059907559656,0.13646804399931867,0.3938499018514715,0.0958760633932442,0.09528158085144119,0.10291148599737404,0.9258595377183889
0.19702336528817668,0.14098579433029682,0.0636318395004525,0.598359000881074,0.143026049010167,0.1706572282723772,0.8380896048650837
0.10533718639796752,0.18858566594363102,0.47892182893744706,0.22715531872095446,0.13257707842882147,0.14213799250093465,0.9327349858831705
0.6085316834382748,0.1535693670999334,0.07678105755862598,0.16111789190316578,0.06666122638018789,0.07860374320422439,0.8480668179757287
0.07951915959386263,0.35225126974240284,0.40266428505797747,0.16556528560575706,0.11976067195369348,0.13242464882937133,0.9043684314995214
0.48170462206952036,0.09058102471954561,0.3898064543056283,0.03790789890530571,0.08202731209866398,0.09040272585332673,0.9073544113232672
0.2635684223027941,0.03452292979011626,0.42292551302457965,0.27898313488251003,0.12692342746155297,0.134532023190861,0.9434439804825229
0.17049625533190574,0.5568988238673136,0.27070945663170837,0.0018954641690723767,0.0833783541059208,0.10483848292408095,0.7953029439227907
0.6676182944728671,0.006263404508718844,0.11703220114018549,0.20908609987822854,0.07316285435174119,0.08376452844387064,0.87343480242674
0.15613673507055675,0.08412092059306348,0.24965411962924935,0.5100882247071304,0.14847696202873908,0.1662012247325148,0.8933566059317478
0.3753176451420953,0.30784075775663045,0.08067092154549942,0.23617067555577498,0.08838997928878595,0.10403335386260434,0.8496311616130494
0.1032824027752635,0.02084097155145989,0.4497303229477539,0.42614630272552256,0.15621332505137506,0.1677090136700405,0.9314545571099555
0.07928031875527021,0.31338314335386247,0.188291257939947,0.4190452799509203,0.13557517109105188,0.1550494027716726,0.8743998278452019
0.04337727800247936,0.5935540895199073,0.20459124715095697,0.15847738532665642,0.10480049596441793,0.12672594911983837,0.8269852914284616
0.21319088260775462,0.5484218532226347,0.16244725164607518,0.07594001252353551,0.08220843762935791,0.10293713666569156,0.7986275924533034
0.36877815425336913,0.10762392207840224,0.12720198663503599,0.39639593703319254,0.11326872303244945,0.12929031067936325,0.8760805232601928
0.32874763387951955,0.0763757690339191,0.09891601687727272,0.4959605802092885,0.12595077508341335,0.1467656915576452,0.8581758703051089
0.056686767933530335,0.23676248071735206,0.42992588071584603,0.2766248706332714,0.13752096524291643,0.14881121098920067,0.9241304087828196
0.1380913405917454,0.45391143872824824,0.14245703628044531,0.2655401843995609,0.10901221984479127,0.1282979880213223,0.8496798860686275
0.49228887896202567,0.019040801630163237,0.4856362119440025,0.0030341074638085587,0.08463088697771404,0.09484370466866958,0.8923194984144349
0.37022114706838766,0.2893414336009811,0.03565224519007203,0.3047851741405593,0.0939631949000591,0.11256769987013605,0.8347260804694412
0.2844026128581564,0.19166088614916768,0.4153905715526821,0.10854592943999367,0.10312208590850591,0.11172263150723263,0.9230187699421496
0.000499724155002178,0.032117944259152334,0.2201623016192878,0.7472200299665578,0.18472660181744543,0.2138744395348349,0.863715188309625
0.5178910052715625,0.32912870616029405,0.043090931768570026,0.10988935679957348,0.06183834066185204,0.07799875687081426,0.7928118747363119
0.0952467222319706,0.12998860033606732,0.15615011065000986,0.6186145667819521,0.15814956642205605,0.18376323132886932,0.860615941929242
0.36717129745306454,0.5021479425316627,0.02424182012662708,0.10643893988864558,0.06741784292300086,0.08971659383706806,0.751453438428978
0.22733649523955213,0.1618943833164888,0.08388631307469904,0.5268828083692599,0.1338388453720021,0.15762545252183768,0.8490941230031352
0.14201398620339403,0.5206945570991912,0.2796754985564454,0.05761595814096938,0.09276341513267194,0.11144251550853815,0.8323880227341502
0.10998672901062112,0.07015578574670014,0.5538263044689228,0.26603118077375604,0.14339082140757106,0.15193330668367808,0.9437747689261297
0.08446115274199184,0.15112781466691289,0.5933606303781439,0.1710504022129514,0.1354823450808356,0.14512864786140686,0.9335327454453846
0.3296330350498224,0.03538320995908325,0.2613665297554087,0.3736172252356857,0.12299790990858073,0.13444637228927211,0.9148473686143118
0.1755940130070268,0.19192583796257948,0.28582830282069777,0.34665184620969614,0.129151303582565,0.1417890938515454,0.9108690948951808
0.24798027794391325,0.0706290452697559,0.044166517986650874,0.63722415879968,0.14397344818569482,0.17348300405336803,0.8298994415695311
0.15829913726562983,0.03816757234208517,0.423955962109228,0.37957732828305685,0.14534657278225413,0.15563571779710447,0.9338895649373761
0.48525906265381,0.01523511406633208,0.33127933264880904,0.1682264906310489,0.09410883726125059,0.1002458040413933,0.938780811438166
0.25125987983799297,0.36997805200207123,0.3031661506759243,0.0755959174840114,0.09151776733509576,0.10454383729148883,0.8754008816409348
0.10628345254675381,0.6200030694473101,0.04635359635852769,0.2273598816474085,0.09795089969550765,0.12496336883071753,0.7838369004615864
0.1369607981217687,0.07015301100406869,0.44933562948261113,0.3435505613915514,0.14376038343342212,0.15343705799580465,0.9369339148652921
0.44050260908196626,0.31858717123566616,0.08427901750172398,0.15663120218064377,0.07507924722952332,0.08957828022310384,0.8381411994350729
0.1188165525118319,0.20606641408592036,0.02606147171661541,0.6490555616856325,0.1505213131308699,0.18299559211906513,0.8225406491372425
0.6329961966947949,0.07582603832544015,0.14384994227918743,0.14732782270057757,0.06901080249867034,0.0782672676110341,0.8817326144772839
0.07072831654538157,0.30851044139747147,0.5841747384562513,0.036586503600895805,0.1179538087173475,0.13246163571021013,0.8904752540984636
0.22416171381631522,0.3007110151037689,0.3024556248628552,0.17267164621706046,0.10543567830643051,0.11650325817384555,0.9050019712676185
0.17517486414000727,0.08085145565107353,0.2510278459192953,0.49294583428962396,0.14540644292419438,0.16231030699127402,0.8958546479245559
0.004340727041249339,0.4914072560461756,0.2857623947805895,0.21848962213198558,0.12104760610754282,0.13902937743591334,0.8706620740162678
0.6402843859864542,0.1371424625507559,0.20748254395342172,0.015090607509368085,0.05654616319316887,0.06746080741037523,0.8382076254911867
0.7616283224252118,0.10486046146077836,0.001174653122497847,0.13233656299151184,0.04921630931743577,0.06528134241920927,0.7539108035093607
0.17132989690582914,0.2222274351673562,0.2263512118027857,0.38009145612402906,0.1289534913950552,0.14414486828839695,0.8946103522537638
0.07202127662938602,0.07969549311431873,0.5408127823329207,0.3074704479233746,0.14963511698520304,0.1589616252659428,0.9413285548311644
0.11216868887540549,0.46180633310762115,0.20213649495239716,0.22388848306457607,0.10966798795081638,0.1273656603963535,0.8610483203206961
0.7428765837823896,0.14564549192968376,0.10785183789731405,0.0036260863906124145,0.04195570907344525,0.057130826473239006,0.734379522639988
0.29931151188962746,0.5392939855673091,0.14787229474131608,0.013522207801747295,0.06862209499905106,0.09060508890130291,0.7573757261449392
0.0887494777008322,0.036094838757407835,0.2867308201673376,0.5884248633744222,0.1649962239670203,0.18496035474208875,0.8920626487610996
0.4593838962081442,0.44604501530177243,0.012973646311161715,0.08159744217892179,0.05867636437774558,0.0798038429802264,0.7352573784232955
0.04927016538584112,0.21091275089278966,0.6986229398494834,0.041194143871885865,0.1287815656220118,0.14308679547651967,0.9000241090949909
0.687115029368098,0.25104678493872085,0.03371127868938777,0.028126907003793312,0.04199764873723925,0.059699001470123476,0.703489969731857
0.014487048917681171,0.002751085604652022,0.7398762646187553,0.24288560085891137,0.16004087683527485,0.1697884624186475,0.9425898235691773
0.1035541005041425,0.09024990254692888,0.21193510793650117,0.5942608890124276,0.15903101918132856,0.18150229720417005,0.8761928726578938
0.01836927551603027,0.23763524569852917,0.4553043879424649,0.2886910908429756,0.14303572906918252,0.15470623826305244,0.924563422103082
0.14064830877637854,0.35415655162082993,0.006776067710531682,0.49841907189225987,0.1283041493240174,0.15709511201448295,0.8167290991981263
0.33332941256188875,0.0014591111808692524,0.5225128616267689,0.14269861463047298,0.11368537820400855,0.12048369520011888,0.9435747966991004
0.2902810211349648,0.6859689403672916,0.008105562292066083,0.01564447620567748,0.05816817583335512,0.09108043434657374,0.638646227926594
0.09287018646320268,0.03681352729808486,0.6548733396566546,0.21544294658205795,0.1457539409050398,0.1545309002591946,0.9432025611742815
0.08115179557125106,0.15759581215768692,0.7496425565705168,0.011609835700545176,0.12742309338814967,0.14278819626295478,0.8923923456074117
0.24165249009938444,0.2291674971464692,0.19142766915286266,0.33775234360128376,0.11713939369542668,0.13151532458651105,0.8906900702539204
0.26523259342033295,0.18150705697320108,0.4216502244022738,0.1316101252041922,0.10757970455771024,0.1159313670395561,0.9279602863736072
0.4224406306624247,0.17373622445392292,0.19913585585734253,0.2046872890263099,0.09141818450888646,0.10096078742526265,0.9054820870584016
0.2590978282670238,0.08769715100543841,0.09492971081606136,0.5582753099114763,0.13721527574042564,0.16118231836961125,0.8513047654878236
0.48279334228826537,0.06997346547240793,0.21490440553887202,0.2323287867004546,0.09325542759975558,0.10175078557962401,0.91650818289535
0.02461519967118703,0.03390295160652782,0.8356011253380726,0.10588072338421259,0.1493818240834341,0.1623573821307287,0.9200802705919044
0.299373077289923,0.12469641184429296,0.036724235676967865,0.5392062751888163,0.1280661007642074,0.15362970391281675,0.8336024707623181
0.15283194184040813,0.11524521142929008,0.3047468383016028,0.427176008428699,0.1422710310678387,0.15620625174471134,0.9107896097548833
0.10063685066346909,0.539971131874624,0.023558872950516552,0.3358331445113904,0.11051117608934863,0.13781620706926037,0.8018735854035699
0.13123714502528744,0.17771145491262966,0.32243172270234577,0.3686196773597371,0.1371532386216891,0.1499334251808147,0.9147609244322064
0.6565366229624326,0.1397545668743004,0.04168979499283783,0.16201901517042913,0.061570824423461186,0.07496440892328918,0.8213340878398228
0.28679561273454324,0.2866301181509986,0.013193204775181877,0.41338106433927635,0.11045521410939332,0.13384554488748995,0.8252438600197082
0.12175886516537708,0.2146737767402575,0.46479642770106006,0.1987709303933053,0.12693599190894564,0.13663187724581377,0.9290364332810541
0.12704139174948773,0.25216134979035515,0.5163174991391384,0.10447975932101873,0.11853569905538912,0.1295326693921816,0.915102727455594
0.03655390822853979,0.07012624713700044,0.7845020886858733,0.10881775594858642,0.1450787799567591,0.1573565526705169,0.9219748240197803
0.12189380562191793,0.3279553864379564,0.11071620836408716,0.4394345995760386,0.12988910433291612,0.15225594640261464,0.8530970868582481
0.37383991448890697,0.4685539734638832,0.06672137419529786,0.09088473785191195,0.06846073013192704,0.08818132626082148,0.7763631262409783
0.473957876139863,0.2859763089196875,0.23177822337963724,0.008287591560812085,0.06592175096628339,0.07861072054820345,0.8385847439963448
0.03082566598314351,0.11792336693675033,0.398951402140565,0.45229956493954104,0.15917377231422836,0.1733298479084731,0.9183286908454459
0.2087844705559399,0.3202106724760064,0.3594643052058742,0.1115405517621796,0.1028181926177563,0.11420963723720517,0.90025846421533
0.061048816487407113,0.23878006292474122,0.17210730972927588,0.5280638108585758,0.14936443936558658,0.17217090323195805,0.8675358992823232
0.3485556998625039,0.17826049330965532,0.29025914003473213,0.18292466679310868,0.0995731528927575,0.10795252834424565,0.922379071801195
0.11044944680767886,0.0966856370751452,0.7312133217721875,0.061651594344988486,0.13098930066623954,0.14352871746319382,0.9126347882250821
0.2618270763733304,0.5320300249720993,0.02610615206890651,0.18003674658566376,0.08240191540298229,0.10588088282146525,0.7782511177388571
0.06509292712836663,0.032096756839755394,0.25375750287794285,0.6490528131539351,0.17142281958382868,0.19486793948164005,0.8796871360154126
0.43442620735437815,0.15095500741337528,0.11881175243424769,0.2958070327979989,0.09623854409076077,0.1094481081217963,0.879307516066558
0.7306115952750784,0.06049495899159211,0.1960829974022529,0.012810448331076734,0.050821418311466304,0.06256939382232896,0.8122408610154989
0.6155206288073022,0.2002462314391337,0.052381843544794846,0.13185129620876895,0.060555184550358424,0.07393764502589173,0.8190034255101445
0.19124476723114728,0.10736557333719111,0.30463981447800964,0.3967498449536519,0.13638642664065814,0.14905075093746228,0.9150334753957882
0.0059930223912087665,0.1639407884803463,0.43048587310999487,0.3995803160184499,0.15608465981163763,0.16916001679800755,0.922704210877544
0.18090608088402138,0.32082698451297387,0.0804324330173618,0.41783450158564295,0.12170777580332147,0.14382010242093393,0.8462500982450012
0.0625358791756834,0.2197674645161729,0.04869307867899445,0.6690035776291492,0.1577391174273248,0.19063491253569215,0.827440867620676
0.5441419692744872,0.21271732608083907,0.12806283231874135,0.11507787232593218,0.06799805152414612,0.07896128135890064,0.861156890490117
0.17103686396453072,0.09695042680426627,0.5750393836086777,0.1569733256225254,0.12785783982139598,0.13632222614703798,0.9379089781257514
0.2102295443745953,0.011140072206946879,0.7002150488473525,0.07841533457110529,0.12569972018330214,0.13627839625816712,0.9223745188868775
0.6620479586961974,0.06714235525016193,0.2698121566574839,0.0009975293961567316,0.05861225341928921,0.0692836498722052,0.8459752557407187
0.3445700704674699,0.2190010760318279,0.17902027445902113,0.257408579041681,0.10055623370876672,0.11245288178907369,0.8942077082326682
0.18985583333186734,0.43673693156134075,0.1214854513226159,0.251921783784176,0.1029758763311588,0.12175878538232186,0.845736724523123
0.10013620804914931,0.15088607305496393,0.7489609211004095,1.679779547724671e-05,0.12491224699898733,0.1405994434864334,0.8884263258911138
0.41171126435707556,0.06872662591088989,0.07872067826636228,0.44084143146567234,0.11302147713399262,0.13205537164913744,0.8558642917933195
0.16463708261942703,0.684379617639538,0.13980826361527093,0.011175036125763909,0.07440556165459963,0.10304941265404721,0.7220377073316331
0.08754460847009335,0.12450547851358089,0.45834049108782987,0.3296094219284959,0.14513923371422618,0.1553805355396204,0.9340889012267384
0.011719198595815892,0.1548451590974392,0.46855361556945024,0.3648820267372945,0.1543329927916135,0.1661553413877858,0.9288476163484843
0.02200422508429919,0.22916363426116457,0.5063724448067983,0.24245969584773774,0.1409293447905348,0.15185334230151135,0.9280621858866531
0.4312269977339376,0.3301384770096865,0.14523115483676285,0.09340337041961308,0.07219958065479386,0.08543321701695449,0.8450996366023023
0.12083292658201686,0.07064332481421753,0.09430423539367092,0.7142195132100947,0.16435122921970516,0.19595366326571428,0.8387249642628214
0.09798046777038875,0.36231852489860755,0.36019273888146836,0.17950826844953527,0.11725247062043762,0.1301966088321045,0.9005800663490473
0.2982947781647927,0.08721422539081404,0.2124280274926392,0.40206296895175414,0.12434768925489956,0.13830266836191932,0.8990982656205774
0.1135798507781184,0.08634987796617678,0.43963742217441093,0.3604328490812939,0.14634827161561517,0.156758262111385,0.933592077664315
0.6209759463458253,0.06165217434536752,0.09305609523025285,0.22431578407855418,0.075556742231341,0.08714349701119298,0.8670382165365278
0.04220848279099438,0.2740466774179802,0.38472841121633206,0.2990164285746932,0.13753998447246696,0.15022959379772827,0.9155318935206147
0.23003916068218141,0.6026106049883156,0.05991961226369782,0.10743062206580518,0.07725759181554144,0.10239197665245958,0.7545277895920531
0.4376715371898443,0.09737534133727525,0.4626626464350618,0.00229047503781857,0.08542719661022914,0.09571107660667065,0.8925528751629906
0.15062186555371201,0.0697067840984361,0.08643397311327333,0.6932373772345787,0.1595044836118715,0.19028677871591015,0.8382320867915092
0.09573972054067488,0.022478253776023124,0.3952353184975641,0.4865467071857378,0.1600829113869173,0.17409420584021018,0.9195188927415945
0.2140657471285897,0.1221320238736734,0.017345617659456084,0.6464566113382808,0.14472372153030352,0.17627865414769933,0.8209940235250676
0.2629185097071069,0.18532251754916054,0.175100556396906,0.3766584163468265,0.11982771315148458,0.13507131114792661,0.8871440732536634
0.07392614145359146,0.244817886597876,0.5059781282161327,0.17527784373239985,0.12956806286982303,0.14017492922977773,0.9243312165860438
0.4358978469826659,0.15329146025978832,0.17956607035169764,0.23124462240584825,0.0926321941917628,0.102716941993803,0.9018200152157116
0.49785094645457095,0.01731528258849723,0.48244057752868785,0.0023931934282439282,0.08401381402523819,0.09423658597576393,0.8915201368483907
0.2601135048979051,0.01352351271439178,0.4306309951961394,0.2957319871915638,0.1298899627056992,0.13762082068010523,0.9438249391610871
0.091580370996527,0.35399209339001575,0.09348601276092855,0.46094152285252876,0.13282226044187667,0.15721347964099588,0.8448528761349365
0.6152584410971748,0.10241630877486348,0.08773173390773348,0.19459351622022836,0.07155277376638963,0.08303414496704459,0.8617271099110878
0.017371172601098644,0.4777520869319432,0.24405778903476733,0.2608189514321908,0.12256252817891126,0.14118302069627806,0.8681109638713257
0.3359360855688193,0.0005862826542544108,0.39670340852884367,0.2667742232480827,0.11962011742611728,0.12664693154119674,0.9445165071939092
0.4867740528536762,0.1852907621001451,0.052974544889879856,0.27496064015629884,0.08564414416882543,0.10084830731572533,0.8492372995483177
0.18303347195338168,0.1763060538613773,0.06433699639261735,0.5763234777926237,0.1409173382267814,0.1679413457408603,0.8390866323306831
0.5162559386936025,0.07148980329308517,0.2419732489818699,0.17028100903144253,0.08568159415795701,0.0929333469323006,0.9219682383802846
0.0711393543071459,0.1589022723013924,0.509003612903524,0.26095476048793753,0.1410874401803565,0.15076945995822819,0.9357826195003008
0.0854686909407034,0.4585306217467952,0.23910609898189467,0.21689458833060674,0.11305134985449529,0.1301222608766689,0.8688086811037384
0.037557956425760396,0.2438581059491574,0.40879432227778356,0.30978961534729854,0.14109829795608347,0.15331231151868072,0.9203324674867419
0.15936363960576916,0.1382659133657081,0.20289340001684852,0.4994770470116743,0.14319530613257708,0.16218297777231694,0.8829243863903153
0.29134083829556345,0.27165385715613166,0.19003836099979188,0.24696694354851306,0.10274172962651189,0.11536949254303544,0.8905450423835998
0.1032512979732235,0.25221949819715295,0.14803479195451552,0.49649441187510823,0.14122449200146417,0.16343021216374887,0.8641272022578317
0.12074069023625728,0.49890037711259355,0.32052082937288795,0.05983810327826118,0.09738358526419214,0.11510534275393484,0.8460387931112181
0.23583143570996548,0.1539818823387142,0.26923353214843626,0.34095314980288394,0.12407102026075154,0.13595953212115472,0.9125584526886337
0.12952686158414445,0.585597076557946,0.2722820439640357,0.01259401789387391,0.08694344276411925,0.10927652941899255,0.7956277823461719
0.015123143315860088,0.4868295645551182,0.47130808496604254,0.02673920716297916,0.11042458656267769,0.12911929032374767,0.8552137042095278
0.14836487041866986,0.13817102375890167,0.48684599093414693,0.22661811488828149,0.13098979068927485,0.13958710891504608,0.938408938385538
0.48490521249282525,0.355088510046007,0.09441615280248424,0.06559012465868361,0.06183474780518635,0.07743963670249883,0.7984896422324133
0.03197357267509082,0.2025262051044838,0.016186262503135467,0.7493139597172899,0.16710703712974398,0.20508628477932697,0.8148133226439365
0.3090745315484564,0.17997523092394943,0.05599337612303579,0.45495686140455854,0.11817013549501267,0.13988999718166992,0.8447361346469221
0.49705491193088713,0.010977928255607219,0.3874194564995078,0.1045477033139979,0.089732012354236,0.0961398020518621,0.9333492522257385
0.37473477515721715,0.011577975945036612,0.04574537320283988,0.5679418756949063,0.12875533493870414,0.15442571885867132,0.8337687264162233
0.24393454039715304,0.19546575031144645,0.005729498429876068,0.5548702108615245,0.13039476026653063,0.15884083117262782,0.8209146181363023
0.04253972446056991,0.47304410015326404,0.21551048745682952,0.2689056879293365,0.12007159220433161,0.13901080121263665,0.8637572847354873
0.15377346444407078,0.18578356383556066,0.42710388806820104,0.23333908365216752,0.12681371869803432,0.13610147278246745,0.9317586070557968
0.2522516619141045,0.2133971315780843,0.21911832652598484,0.3152328799818265,0.11589715742401102,0.12874127943256075,0.9002330715900805
0.03167813735615706,0.7641162591694411,0.05986873472442069,0.144336868749981,0.09196938484764333,0.12441092966502433,0.7392387879044899
0.07272299386958948,0.1680285053457759,0.0774208135775123,0.6818276872071223,0.1611951147296474,0.19294606530631256,0.8354413160679967
0.3220886083522715,0.3482201500114522,0.1404959281320265,0.18919531350425006,0.08973063458850107,0.10406588583797902,0.862248313805769
0.3137195212312613,0.27680830725596267,0.05849118269281168,0.3509809888199643,0.10462084710045723,0.12377583423936449,0.8452445321284259
0.004534267102569393,0.5359317208871626,0.01002144191670864,0.4495125700935593,0.12901163611037095,0.16070465363054554,0.802787182547708
0.28460649579458164,0.30810595118308326,0.2954185862166579,0.1118689668056772,0.09394612779234159,0.10493590869801578,0.8952714943623298
0.008070909275315332,0.7698095289619815,0.01804882027195574,0.20407074149074733,0.09756955655178784,0.1317755533663438,0.7404222866781573
0.5533487780289295,0.21364303413043567,0.13748859527321214,0.09551959256742273,0.06574919575417545,0.07663422562408027,0.8579612466719506
0.1439176700834856,0.04900778394723082,0.8049160252166214,0.002158520752662126,0.1274780062110015,0.1431337465931676,0.8906215986460218
0.05161407834254081,0.22942945493577918,0.2398463944622439,0.479110072259436,0.14889131703357916,0.16801745988496827,0.8861657421527283
0.4754076349342751,0.07711265832544165,0.2781038955849388,0.1693758111553443,0.0904967853502761,0.09739872820261898,0.9291372384454062
0.32881012919729147,0.14719069948534058,0.3925654839034689,0.13143368741389905,0.10205111161621981,0.1096115103582209,0.9310255034595091
0.0539851713333622,0.1035009150119747,0.09452836177294546,0.7479855518817176,0.1721011321197908,0.2058371910296447,0.8361031903850883
0.26833510516852654,0.03296799425101743,0.20675218874193838,0.4919447118385177,0.13707623237993605,0.1542706561061712,0.8885437829835785
0.6769790436903292,0.15253814591420417,0.15112218666577995,0.019360623729686513,0.05075770383360517,0.06305484976573852,0.8049770005349354
0.3243300056224513,0.33056547142624454,0.1846030687488732,0.16050145420243095,0.08941693426510332,0.10211811600012272,0.8756226394246821
0.6051036524993878,0.24173853122737077,0.14179859192364686,0.011359224349594613,0.05256540389436966,0.06619593992631843,0.7940880355030733
0.03592843022348133,0.3693315789613027,0.20890819474900987,0.38583179606620616,0.13507436755735353,0.15444239777069632,0.8745938259641702
0.1564434774118011,0.03599450081366282,0.7677622328191923,0.039799788955343675,0.12877277731914,0.14205710728303952,0.9064859885015724
0.31274726182101625,0.07269052167798751,0.3095339786260443,0.30502823787495204,0.11877902612277651,0.12790619657728833,0.9286416866520094
0.1747095058846567,0.7634611269035952,0.05735011688938092,0.004479250322367148,0.06643483659882538,0.10154405384190077,0.6542464485637065
0.09790172846744127,0.13883150143438405,0.1201156815785433,0.6431510885196314,0.1583238096104635,0.18631923477028758,0.8497448468251839
0.42038751946532416,0.1254597325850646,0.3280645025594028,0.1260882453902084,0.0916172561322131,0.09874189920335207,0.9278457966818496
0.3979296118511605,0.027092078795441555,0.40600975864019895,0.16896855071319913,0.1045502116913738,0.11070098529161841,0.9444379507188513
0.6102937376132497,0.02799383046747489,0.21375863545733653,0.1479537964619391,0.07581999749597654,0.08332872343376431,0.909890303986761
0.29317067138477004,0.09671590262649446,0.5430994847803858,0.06701394120834957,0.10750123757027781,0.11658167908621202,0.9221109046712286
0.1132795091227318,0.3343514818863665,0.24843261958697338,0.30393638940392836,0.12372236473333198,0.13885207023704674,0.891037234966065
0.23215538468033337,0.03878912622197664,0.4638814271930312,0.26517406190465886,0.1299753729890315,0.1374689886761933,0.9454886825070566
0.143295219851332,0.23441668577991912,0.5240830601047923,0.09820503426395649,0.11752853827013113,0.12827193953992314,0.9162451171446717
0.521318602198506,0.036206283532524024,0.011426233283087422,0.43104888098588257,0.10088452308088644,0.12215407461176371,0.8258793118569541
0.36995161182785735,0.022345207175808134,0.5774361641519509,0.030267016844383494,0.10163202473053305,0.11170307884072371,0.9098408547489468
0.1686071784083169,0.23777104749505773,0.5189826428345077,0.07463913126211782,0.11279133957042009,0.12384512345176792,0.9107451018396152
0.3049075875472545,0.4735003198113886,0.22040934625267491,0.001182746388681935,0.07254112535337992,0.09120566680267575,0.7953576559044656
0.32409036190828266,0.0993718096636589,0.4794037016015957,0.09713412682646265,0.10477521452015365,0.11255892652410475,0.9308476702442235
0.009857565482148634,0.11871189842931679,0.4674918511748471,0.40393868491368745,0.1594184988586597,0.171727401254639,0.9283230148127173
0.5969473004445104,0.2280799835551712,0.07832399867080105,0.09664871732951721,0.058982888124275795,0.07196747653122779,0.8195769945981394
0.0003314440851561052,0.26199335599035256,0.02549738572674232,0.7121778141977492,0.164606334499589,0.2012855650039556,0.8177751568839733
0.2755712612205064,0.11532650512536144,0.577435159789797,0.031667073864335135,0.106532969324522,0.11732801203622864,0.907992622355407
0.24044669898545432,0.23841878093265098,0.10650542088581647,0.4146290991960781,0.12039988161708275,0.13983213461401894,0.8610315643784214
0.1497061474343951,0.16034384951659636,0.4297226939606533,0.2602273090883553,0.1307220583266187,0.13997874515592643,0.9338707686013585
0.2733560866929694,0.011200230985321132,9.654003345217824e-05,0.7153471422882572,0.14933504736550116,0.18423065462811442,0.8105874001639245
0.16001230364838767,0.507844013062124,0.13372163573987897,0.19842204754960943,0.09849198185822017,0.11848366775520229,0.8312705347855478
0.5768679998901798,0.19561951771638927,0.12797005276816703,0.09954242962526383,0.06433472007822866,0.07518280389824902,0.8557105713335464
0.47702230143821656,0.11134379787365661,0.2667637840029546,0.14487011668517216,0.08632310281739791,0.0935573133739943,0.9226761618551645
0.43176205862270756,0.06379810673247008,0.1747563352357384,0.32968349940908387,0.1052512588109046,0.11713441883873416,0.8985510822041999
0.6628201389776713,0.11560885529133116,0.13449022764023502,0.0870807780907626,0.058938712414134384,0.06921830750510242,0.8514902276365212
0.26308886633714035,0.20384383823893348,0.2088314269369289,0.32423586848699726,0.11570273374140694,0.1288022802632126,0.8982972467953501
0.08620160610376411,0.9031268609297544,0.00816289377077673,0.002508639195704829,0.06666907429191557,0.11097132632195993,0.6007774846133612
0.09417799564927518,0.044247521965289485,0.12175426499563904,0.7398202173897962,0.17120806967786087,0.20294688066214514,0.8436102546600788
0.5893662208501784,0.03426552930714902,0.13967044480573057,0.23669780503694202,0.08247603919675199,0.09265336160279172,0.8901570085533401
0.10712463177181342,0.27058280129901113,0.6043975668391594,0.017895000090016232,0.1153219237702442,0.12976271634767048,0.8887138541494818
0.4779442904371139,0.11988523274897414,0.39494521163183055,0.007225265182081252,0.0786376868823613,0.0884298121752412,0.8892666957894826
0.20298276023776787,0.035143588194284224,0.6015613709925249,0.16031228057542296,0.1288163681423186,0.1368079511647773,0.9415853906558889
0.08487765767539118,0.2661460987683521,0.634857651892459,0.014118591663797773,0.11838014618392088,0.13338756170002547,0.8874901428226518
0.1094750519797076,0.235122894494247,0.10513647568104133,0.5502655778450041,0.14447169057534848,0.16996027195082897,0.8500321217251607
0.13388659599283143,0.5126415991202665,0.062385950426756716,0.29108585446014545,0.10613770731431789,0.13000142976728762,0.8164349230951721
0.06195816145484555,0.39496761993272667,0.05111733215872815,0.49195688645369956,0.1349458737389369,0.16298014772580804,0.8279896393637156
0.21403304676673432,0.20115744028050914,0.17608146167983976,0.4087280512729167,0.12651951126152963,0.1433007982549004,0.882894671922758
0.07881349373244989,0.39564952169401135,0.08800487203317937,0.4375321125403595,0.1299788897062786,0.15463658969604174,0.8405442073041637
0.2274976827784771,0.09667083385653089,0.4642638944582932,0.211567588906699,0.12327001397561049,0.13081976257232947,0.9422889290710587
0.1619326927073054,0.1485765789853753,0.4947036683116053,0.19478705999571402,0.12680197662900597,0.13533266850689576,0.9369650212915508
0.10057116265112954,0.2739178106457378,0.3194645452411461,0.30604648146198654,0.13031464807679347,0.1433510792541898,0.9090594138166189
0.5571225360765798,0.005791747725514167,0.01126462922291165,0.42582108697499443,0.09840178484075322,0.11946018196472728,0.8237203662539881
0.003872360074959571,0.49458738373442307,0.23663472854529363,0.26490552764532366,0.12317487887376759,0.14256476358531942,0.863992446492939
0.023539471617132112,0.48974127108680016,0.20518969320427366,0.2815295640917942,0.12183704520741855,0.14181372090875022,0.8591343942368903
0.2862274182780953,0.16737760858754552,0.009542012542954014,0.5368529605914053,0.12624287496641426,0.1532910128012209,0.8235504003755189
0.5490186848820598,0.005413006004943065,0.22488632865456926,0.22068198045842777,0.08922862950785815,0.09701681378893526,0.9197233553967183
0.061778777573857,0.5041449234591565,0.11842112472309249,0.3156551742438941,0.1174199237508608,0.14033749123466305,0.8366967566387444
0.004818706179052998,0.3070652688822594,0.519341284594902,0.16877474034378562,0.13324708370333163,0.1455915145893349,0.9152118794778474
0.1955566833287095,0.0913192700817441,0.09076289194487454,0.6223611546446718,0.14839014729296182,0.17566865616449245,0.8447161294045102
0.3455994774160956,0.2561554395129746,0.21602634273596277,0.18221874033496702,0.09369056979161795,0.10431535389570412,0.8981474566561988
0.19168904037480686,0.09847781658101555,0.006858485632551835,0.7029746574116258,0.15235093229537516,0.18697224914914887,0.8148317891487946
0.2515785347329014,0.317209267163888,0.29590887574301034,0.1353033223602003,0.0986832152296218,0.10994995350257147,0.8975284853332278
0.16308845293537852,0.03207182851492108,0.4145375088561478,0.3903022096935526,0.14574786532188475,0.15632393863160396,0.9323451455848807
0.435696819397713,0.3065043880862026,0.21048953717019955,0.04730925534588496,0.07120452519869537,0.08342667533303191,0.8534982955326124
0.06894800809536468,0.17441393564028898,0.7458549450678509,0.010783111196495391,0.12762279965620424,0.1432055176428054,0.8911863296673469
0.10074116156217629,0.34934677124353747,0.44431033753956717,0.10560172965471899,0.11423599378017002,0.1270452604090451,0.899175564774055
0.4751142860968629,0.10647310490128734,0.11823170326565144,0.30018090573619843,0.09472633970211478,0.10756582352117097,0.8806360291888702
0.1698639872219656,0.31823580628855735,0.47271994775195425,0.03918025873752269,0.104417830094936,0.11753601437913394,0.8883900874681455
0.10779308620211318,0.083277530393511,0.07403406037166672,0.7348953230327092,0.16606946251387988,0.19959412057238252,0.8320358437294502
0.11522221270568449,0.21741590339689376,0.10395408297516127,0.5634078009222604,0.14579823012262252,0.17162066695852618,0.8495377200570844
0.38339470742830534,0.3170636288876579,0.013204273859085612,0.2863373898249511,0.08911046721455523,0.10860431778943463,0.8205057499401205
0.1642528492472352,0.05868631887507481,0.3479295251938021,0.4291313066838878,0.14540878942204782,0.1581173559248026,0.9196257335039253
0.36990961814617496,0.0838442822304527,0.36098958265906456,0.1852565169643078,0.10446703291077644,0.1112284899430574,0.9392111046752282
0.2993811868194256,0.007566201505766512,0.14257872984150288,0.550473881833305,0.1379988436846786,0.1593493926261,0.8660142433581866
0.24140546378552458,0.18472161244609273,0.09352506691400522,0.48034785685437736,0.12785695355491325,0.14954751079730166,0.8549587544002117
0.19793981055929621,0.3079633193779317,0.3683313748211454,0.12576549524162656,0.10591903383913827,0.11698143985143088,0.9054345199858873
0.3355859458518878,0.05956048838695623,0.483019241574407,0.12183432418674905,0.10770070417763555,0.11478233632004352,0.9383038159925365
0.08584750405045857,0.25140024878156525,0.5060913768050169,0.15666087036295928,0.12656084808906312,0.1372614114485418,0.9220424499023149
0.32442108680235004,0.11529274841994505,0.3481670575258266,0.21211910725187835,0.10920779420469282,0.1167319521054572,0.9355432872914953
0.009228184290691046,0.09721134695025409,0.5391029911481057,0.35445747761094915,0.1587463021667373,0.16944063101041498,0.9368845076891839
0.20679029164616014,0.07503246353499862,0.416257783209283,0.3019194616095581,0.1322106380836772,0.14087378516361806,0.9385041931692327
0.27777746839935363,0.03389952634704652,0.19227081449636457,0.4960521907572353,0.13597957653818207,0.15370722720048877,0.8846661215273661
0.21189708807336308,0.10468387526214326,0.5671404058354707,0.11627863082902294,0.11989260007094246,0.12862013757307342,0.9321448595312491
0.13882473673050783,0.49852425672558515,0.272578678485944,0.09007232805796288,0.0965744600898853,0.11407173579600689,0.8466116467499735
0.11835386915323037,0.36845102758463855,0.4222056265131178,0.09098947674901332,0.10968738864075965,0.12298735986244336,0.8918590395260194
0.117864345657162,0.14962356657346987,0.38812148493290377,0.3443906028364643,0.13992727988051457,0.1510568298800976,0.9263221000439557
0.21469348420188847,0.13258719036323272,0.06566197746775843,0.5870573479671204,0.1408357392230519,0.16773056795410987,0.8396545778202084
0.22322948801222228,0.3456679705063379,0.25307118011344415,0.1780313613679957,0.10222829698630385,0.11487248731626867,0.8899284709039803
0.34732012983294525,0.03873472555181885,0.12883460686467432,0.4851105377505616,0.12600513196509971,0.14504317887025592,0.8687422114335612
0.0576999895556203,0.14186051899046054,0.7670185894249274,0.03342090202899171,0.1328212049399821,0.1475860382211537,0.8999577910002102
0.029261807323689375,0.544235972559275,0.17247077174089517,0.25403144837614045,0.1153586596619854,0.1371438417257009,0.8411508545364532
0.03381523584640507,0.030213644135100297,0.9225478904064174,0.013423229612077404,0.1438580892897632,0.16161246571629348,0.8901422835927916
0.4327559421059298,0.000384223810549548,0.32758994620157694,0.2392698878819436,0.10567448401548232,0.11248034176911281,0.9394929136364041
0.7709565834122686,0.07528477196380541,0.030827323926472718,0.12293132069745326,0.04989942843417331,0.0645271370966001,0.7733091948504017
0.19403069007088553,0.0028013822059427223,0.36933569514832576,0.433832232574846,0.14624351134305177,0.1582376582532439,0.9242016910349073
0.27527798511813995,0.2525559734159616,0.17967330490127073,0.29249273656462765,0.10863402088959626,0.12224857115201912,0.8886322340283811
0.006071201995151335,0.34007902140171525,0.08014202941864276,0.5737077471844907,0.15068980938771764,0.18026186065897268,0.8359494839166187
0.019809007122386826,0.4291952475788791,0.47974091978269195,0.07125482551604197,0.11665195054358146,0.13265284227020988,0.8793776940411493
0.3885301943446924,0.21494617329564847,0.10901271529351649,0.28751091706614257,0.09667092672484523,0.11092272239874305,0.8715159945077283
0.33527898448292615,0.5381921010034468,0.09162932367985445,0.0348995908337726,0.06510334347863249,0.08781390135012578,0.7413785571268123
0.5552642308675101,0.11587799782183886,0.29612151841088774,0.032736252899763243,0.07018222280646473,0.07901144736132903,0.8882538562483588
0.15731321340828935,0.47507343395972135,0.3119046649368314,0.055708687695157875,0.09432884192490257,0.11121464425916805,0.8481692546269733
0.2193255446934636,0.37874389002793,0.23592005736183075,0.1660105079167757,0.09948869338345413,0.11314244068601859,0.8793224963172313
0.5776528851392407,0.0018694159903813404,0.34432737647747685,0.07615032239290123,0.07856308777231329,0.08561217454074979,0.9176625660281381
0.05741262262851263,0.39980194201321867,0.010941751671919329,0.5318436836863495,0.13714438788155336,0.16842061013152398,0.8142969424849713
0.34078167426143885,0.08058445556101561,0.15755393721072822,0.4210799329668174,0.1203056225494726,0.13619021538570888,0.883364654419196
0.002160797645336088,0.501423035171973,0.35135309409053894,0.14506307309215216,0.11685840714695611,0.13432904572377186,0.8699414673670683
0.016956822261726835,0.29166591215768944,0.07634693493078079,0.615030330649803,0.15521385666585052,0.18583821481453136,0.8352095763551953
0.3468749036953514,0.49041323663868935,0.006522936359512061,0.15618892330644715,0.07348264975383154,0.09595852652593037,0.7657750948684555
0.4652336693875073,0.39006254664568624,0.12027426955279853,0.024429514414007876,0.05953609496866954,0.07650282876623996,0.7782208309000765
0.11896917050407319,0.3231621691605723,0.405564907400091,0.15230375293526352,0.11629622194838787,0.12803697437877343,0.9083018597764366
0.26752840119892723,0.6271588803856051,0.07560483352966997,0.029707884885797814,0.06653399165758096,0.09368044731789106,0.7102228219706026
0.5604478085031674,0.1094421187327291,0.14910184249512992,0.1810082302689735,0.07743682690941858,0.08686103980838099,0.8915024167365184
0.22308128433634478,0.10953806032380485,0.6375159999983678,0.029864655341482364,0.11372962097744488,0.1255395320677577,0.9059267555343552
0.26144723959854155,0.22743388135735632,0.3791006838896093,0.1320181951544929,0.10441805810132575,0.11349421990490725,0.9200297441474455
0.4629809230232622,0.034451610157671016,0.07003080817198898,0.43253665864707785,0.10868318412671614,0.1274863015654856,0.8525087228363049
0.2574809693446536,0.2511818655005855,0.06530973536945733,0.4260274297853036,0.1177342962344134,0.13912409548363944,0.8462538126492875
0.09725914933077426,0.47217186930730376,0.3425681516892737,0.0880008296726482,0.10398260252604744,0.12042425030081397,0.8634689629896297
0.3422819826913038,0.05475511149824179,0.09886927198978884,0.5040936338206656,0.12632761502130446,0.14731797776214128,0.8575166245172892
0.17199985775814391,0.21192223208815936,0.0964167295536072,0.5196611806000896,0.13666929895439303,0.16054153550071668,0.8513018050321496
0.6912383372439622,0.15075914681564306,0.06673599311695604,0.09126652282343857,0.05264161055420538,0.06562740679386651,0.8021284570873098
0.3168936608922509,0.2148112660159443,0.06398685667270454,0.40430821641910036,0.11183433362368687,0.13169011207981912,0.8492234675592242
0.12975587812449207,0.5345505894992987,0.10551473698294324,0.2301787953932661,0.10187662845353546,0.12402579643052336,0.8214148297012114
0.22544083660924405,0.3368020901792878,0.397145399185617,0.040611674025851176,0.09577910772774781,0.1086733010903824,0.8813490228670736
0.4697279959286278,0.20338105050944189,0.13102133957240256,0.19586961398952785,0.08245835718799945,0.09372435807341907,0.8797964465481386
0.1054385434054173,0.39455317702623194,0.4372260694996413,0.0627822100687093,0.10786784569863264,0.12243278131832605,0.8810372886831307
0.5295435975207354,0.3103051383355528,0.08116713172768499,0.07898413241602673,0.060284127876261494,0.07495474036054371,0.8042737201981577
0.21520462766943058,0.04394441382989265,0.6568557249968056,0.08399523350387117,0.12270760697177616,0.13265584066280198,0.9250071942454969
0.034223818605445475,0.04412723655809869,0.4272010829125745,0.49444786192388135,0.16674311775283826,0.1811399538147585,0.9205209245187118
0.10654269604554915,0.15665461429846697,0.2680649055310359,0.46873778412494793,0.14705396957644865,0.16386188086321773,0.8974263495681504
0.2540068585078878,0.1569020469209256,0.1690063612222301,0.42008473334895646,0.12543118130774836,0.14204313292226514,0.8830499491755939
0.25669165419764145,0.42193686055313234,0.21608907752187295,0.1052824077273532,0.08813925649642368,0.10313857308143924,0.8545712226096831
0.2154843050329008,0.15151897970395867,0.018825059793016397,0.6141716554701242,0.14057410474291243,0.17080031580120414,0.8230318783867342
0.11224118797776157,0.17732234656930515,0.2441401434800275,0.4662963219729057,0.14453767393599187,0.16199582882420427,0.892230836960884
0.07570957164005453,0.06177040346622492,0.17301030392924246,0.6895097209644779,0.1696916094577188,0.1974899230207155,0.8592418633932992
0.08654906317403259,0.27605417001238153,0.13421002894708453,0.5031867378665014,0.14182362507971033,0.16518205745355666,0.8585897721947562
0.6197521491352593,0.12296458902384029,0.13786221049482858,0.11942105134607173,0.06556610605781264,0.07527969477906689,0.8709666829845422
0.14718502311104212,0.42675719350000796,0.2080409252421907,0.21801685814675908,0.10762621442290182,0.12392429647169464,0.8684835620388981
0.21316698523015365,0.4806735301382314,0.28655230400468534,0.019607180626929666,0.08481476854036801,0.10269931791962601,0.8258552272639755
0.21257835916910198,0.07125331204471042,0.10799880489648084,0.6081695238897067,0.14707302453892523,0.17285676895578192,0.8508375195682828
0.5430932611783343,0.16415222930336232,0.13783107705377493,0.15492343246452842,0.07401186932577397,0.0840632927213225,0.8804302916271681
0.36460832717286046,0.21785089683178435,0.04273480488253247,0.3748059711128227,0.10391314427662653,0.12338193266975038,0.8422071370430314
0.04480825758223639,0.25621109583584617,0.10598853353212756,0.5929921130497898,0.15332764449993105,0.1812647524473963,0.8458767765367252
0.2561483169238746,0.6376667562781575,0.03436553436791667,0.0718193924300513,0.06927834791914628,0.0972509062564343,0.7123671190936866
0.16469020298331152,0.38753771349119476,0.2265972750404688,0.22117480848502502,0.1086459969571252,0.12351703094717567,0.8796033722960006
0.3588944401694627,0.5422905976469279,0.06451530134339312,0.03429966084021639,0.06167545800822646,0.08544330477077747,0.7218290324055926
0.39913805794444107,0.0524256122397275,0.06679565105997064,0.48164067875586086,0.11800003742583752,0.1391186417245592,0.8481971643991868
0.17485101556868507,0.4714752402924351,0.18926302182709237,0.1644107223117875,0.09777188486826552,0.11508749431497545,0.849543953061312
0.06940628087541556,0.05575471093234674,0.7757285426545487,0.09911046553768882,0.14147232988849265,0.15355874036615366,0.9212912892562056
0.11276288712731589,0.20064884444434053,0.2882497888788287,0.3983384795495149,0.13920584109537745,0.15382794667043312,0.9049450643296785
0.03248976997727746,0.3252024533728092,0.05407492225027973,0.5882328543996337,0.1491717763531109,0.17990506716787735,0.829169398624621
0.15168595255303507,0.2017039350255415,0.40092790161119235,0.24568221081023117,0.1264286219065737,0.13619226670060663,0.9283098443798098
0.01761376838615945,0.9173553922225057,0.05206059378306365,0.012970245608271059,0.07497029101241236,0.11791632750581517,0.6357922825294496
0.03650232204739589,0.4325190370423327,0.005169407459132993,0.5258092334511383,0.1369436368430088,0.16899697221435628,0.8103318955875084
0.04198146855584265,0.0701673952613943,0.6889175210448772,0.19893361513788577,0.14887569822372318,0.15862208273543763,0.9385559416215066
0.6694803739446975,0.19464975634160067,0.005784515870765437,0.13008535384293654,0.05389983857200812,0.06960072870318701,0.7744148599630977
0.11963608622101375,0.2817088998045636,0.20136657272332828,0.39728844125109436,0.13177501886945783,0.14937796294410208,0.8821583603919452
0.12215320518968766,0.24814835779563585,0.4203736579505454,0.20932477906413097,0.12473445365489626,0.13506931041227327,0.9234847892105776
0.10497328575840022,0.3505070201160767,0.23196773122757813,0.31255196289794485,0.12394050938701907,0.13997087321356733,0.8854735741907593
0.47557263460829,0.04300777249643574,0.2239468771590459,0.2574727157362283,0.09760857148801885,0.1062777395325626,0.9184291265257144
0.18818985980405226,0.5623042909660844,0.11829413258487011,0.13121171664499312,0.0871115607804361,0.10898532853692582,0.7992962167464718
0.047745818994155885,0.3223313988451957,0.387646737216805,0.24227604494384333,0.13012033387033622,0.14286261806978937,0.9108074290418754
0.13222731956393502,0.3426838923914329,0.10797288408034234,0.4171159039642899,0.12625153226358835,0.14813447912314925,0.8522764788515652
0.3569824296882334,0.47632120648272347,0.05415881001210772,0.1125375538169355,0.07111346531275857,0.09135722466680177,0.7784109639070552
0.19197611380860252,0.3147515681428347,0.3779838438699619,0.11528847417860079,0.10562740346238493,0.11693254343267595,0.9033191305139107
0.16805814854932047,0.1809403165665452,0.6304874545695065,0.020514080314627838,0.11470291937899611,0.12774265916869787,0.8979218072133492
0.08112614770128397,0.01760996756244695,0.8640029442292885,0.03726094050698066,0.13990785041918638,0.1552572781581877,0.9011355350223119
0.07438155964769694,0.7522588557073584,0.024147973350870003,0.1492116112940747,0.08761026935391447,0.12055783044336556,0.7267074152854065
0.057657352234486474,0.8310944018818927,0.05366085924420777,0.05758738663941303,0.07889636139093599,0.11589065589990243,0.6807827669823587
0.010538445821267018,0.3374286623354618,0.4821632663430902,0.1698696255001811,0.1301291903314074,0.14296009960062436,0.9102483189011368
0.37435043447274835,0.15153431970169687,0.11773095527124759,0.35638429055430715,0.10703091247012232,0.12235191688342631,0.8747792040896144
0.42084295127999277,0.007886056881468083,0.5596186757029594,0.011652316135579772,0.09524214758986249,0.10581397144207282,0.9000904728540711
0.75827343442033,0.009461003425783468,0.04722322590112228,0.18504233625276417,0.05991969006393262,0.07364531933865766,0.8136252324250535
0.057336215943804086,0.04112630523214837,0.6018034035150054,0.29973407530904217,0.15424289127418572,0.16332997068653562,0.9443636745041123
0.3596132289436194,0.12630301099388197,0.41770211080825403,0.09638164925424454,0.09796512182053115,0.10558602527174991,0.9278228020080819
0.15783559849939396,0.3035266376257261,0.3080597619780491,0.23057800189683078,0.11672814127986222,0.128759346853563,0.9065605265349492
0.599493883900092,0.057275183236872765,0.2045629483280458,0.13866798453498935,0.07441717966078767,0.08215117340291547,0.9058565639203234
0.2579615630733701,0.013405607037476178,0.35879592278648387,0.36983690710266987,0.1338843935925973,0.14388126771953502,0.9305199746611599
0.5834791857832999,0.17313326677484214,0.07062395105966995,0.17276359638218794,0.06893522432529303,0.08136713320512873,0.8472121556932021
0.037573642162485585,0.24471553469655474,0.2233037225089476,0.49440710063201215,0.15025853877475312,0.17065601136679784,0.8804760967476053
0.35934710469235137,0.29326089978643954,0.13356472024960472,0.21382727527160425,0.09051536817065936,0.10396039391795707,0.8706716544580604
0.11541817568246052,0.1544002935239933,0.6409558288011803,0.08922570199236586,0.12710489877897896,0.13820612792071524,0.9196762885354496
0.16697092282568388,0.4424832615306809,0.23319281418421992,0.15735300145941516,0.10076276918317736,0.11650578201674214,0.8648735490973103
0.39970226293497996,0.3696087097286517,0.15155080299931753,0.07913822433705098,0.07242692025701304,0.08680847089922757,0.834330100585351
0.23150677806466155,0.40025363707715134,0.34556778495459695,0.02267179990359031,0.08901741788060144,0.1040064271435848,0.8558838172347709
0.671030023881891,0.02656022486351628,0.09037128721732089,0.21203846403727172,0.07124320210813644,0.08283264990691387,0.8600859949331394
0.30980618668908166,0.034830079434694794,0.2693981712544341,0.38596556262178927,0.12623706750673325,0.1379974543513957,0.9147782334106258
0.008185097418449699,0.29710388514184477,0.5915637433946309,0.10314727404507462,0.13032499022650768,0.14355194948216837,0.9078594243869623
0.5549825211486166,0.014055137353189995,0.0062577044740684965,0.42470463702412486,0.09796309311363088,0.1192204949223746,0.8216967491823903
0.046194079488163085,0.6024029005519282,0.2124447659451404,0.13895825401476816,0.10275045032312294,0.1248697676044352,0.8228609077628601
0.48706768903958264,0.2858962005076119,0.16676227317654307,0.060273837276262406,0.06682319624805842,0.07897266908998143,0.8461559805192869
0.7058529556389039,0.0026294396927512022,0.16484755006892643,0.12667005459941855,0.06436226332149333,0.07343080258574931,0.8765022450399322
0.0020712617242903205,0.7657063687444375,0.040578771420295576,0.19164359811097653,0.09805640638183609,0.13128196458703717,0.7469145262282144
0.16587824037687957,0.5035073123840677,0.19750540280573886,0.13310904443331387,0.09481069598194594,0.11302884842134639,0.8388185609793419
0.0873907284827367,0.3286427892206937,0.06840760647064034,0.5155588758259293,0.1381257259508852,0.16505348147755847,0.8368543620793937
0.01614884499765873,0.19788149378765035,0.41248437846209357,0.3734852827525974,0.15074439478492221,0.16372602779253353,0.9207112443718413
0.21213203199906944,0.08315515299889384,0.24024242695035064,0.46447038805168617,0.1389939430027938,0.15490673227846305,0.8972750309711256
0.48196644359762697,0.20361589990195653,0.29086612046403304,0.023551536036383325,0.07223266714197112,0.08235686501693375,0.8770691687586584
0.25921202706549934,0.015238712912287398,0.12886573326626166,0.5966835267559517,0.1449175157862997,0.1689517289048782,0.8577450892372338
0.19564266460058083,0.38251334783257074,0.227776898208042,0.19406708935880637,0.10366874024325914,0.11788574589805238,0.8794001297910258
0.3589199428928371,0.4969003887558301,0.08373825090226518,0.06044141744906752,0.06661044719591813,0.08731837093779143,0.7628457388809243
0.08114853483590329,0.18575213226794995,0.3613937071067805,0.3717056257893664,0.14317580117936493,0.15599064310374136,0.9178486499613061
0.17372583539736935,0.016924715118280836,0.1566298345211046,0.6527196149632452,0.15869764493704178,0.1846419996394527,0.8594883355191559
0.15905208060775217,0.2704871929444378,0.5387883496876549,0.03167237676015513,0.10926787292344495,0.12224964055624292,0.8938093594898915
0.12129252737804011,0.2754873237920023,0.3665039363976826,0.23671621243227495,0.12402879615910835,0.1353517501748587,0.91634423639796
0.7693121478510057,0.07501911141633878,0.0445904992618576,0.1110782414707979,0.04954180393960205,0.06361884841773408,0.7787283984504193
0.22537162523098483,0.03530066099732893,0.060700877808861776,0.6786268359628244,0.15180897763832688,0.1824719683698247,0.8319578014889845
0.6487791121185089,0.10448954636950071,0.03755130659964102,0.2091800349123492,0.06775855346065122,0.08157617015339681,0.8306169967680173
0.6700622459176544,0.062213203651714136,0.10565379453073688,0.16207075589989442,0.0660183895335625,0.07658506777998579,0.8620269126511798
0.19841287179866166,0.19731693494327598,0.5723926959753682,0.031877497282694144,0.11001484673484661,0.12198613146760955,0.9018635594986335
0.7779606960130064,0.04753283949736468,0.11151151980932875,0.06299494468030024,0.048212229592535016,0.060761032623450346,0.7934728478252985
0.3415761843393923,0.06311396039052591,0.2920019620963446,0.30330789317373713,0.11571137386332378,0.12483363996074771,0.926924616631444
0.167882726843218,0.5312735165132464,0.14152906490637407,0.15931469173716145,0.09363909877618001,0.11393233738439007,0.8218834171746708
0.5117176449138675,0.03912917971985941,0.08636200685943976,0.3627911685068333,0.09848593020895013,0.1140167090503125,0.8637850629901179
0.038179116115732645,0.22682035218480442,0.1616454771218577,0.5733550545776052,0.15555883945905066,0.1804949849061515,0.8618457711716122
0.3127706590963722,0.09779321901801762,0.11386489078842704,0.4755712310971831,0.12529491835088935,0.14494260759181382,0.8644450409209131
0.14043241621345093,0.0887891580629821,0.6387498799414624,0.13202854578210463,0.13124208053631803,0.14069943653547992,0.932783270267205
0.07136266811994285,0.44687792201830884,0.3399612200646954,0.14179818979705294,0.11206252887279537,0.1275080747694055,0.8788661351483588
0.21669191798798207,0.48979087907540286,0.14083641879311667,0.1526807841434985,0.09028081954270505,0.1089282457974694,0.8288100013155856
0.11250111871604679,0.4225780756479143,0.06206666850582013,0.40285413713021867,0.12171131537159169,0.14645851463536494,0.8310292895883459
0.2607850149022719,0.10331065703179684,0.12294133256105007,0.512962995504881,0.13348124527540495,0.15461250364008527,0.8633276231405532
0.03570742801852671,0.16905649457359676,0.40475343508917905,0.3904826423186975,0.15135764690763867,0.16428990621939918,0.9212839083705467
0.08996374359574041,0.000935163519297145,0.5096678267043502,0.3994332661806125,0.15820156356004064,0.16855353324540714,0.9385834904433925
0.26047880863488443,0.15049467250271092,0.19913066640751817,0.38989585245488645,0.12359297369999248,0.13826031165576985,0.8939150521207053
0.2377287197536632,0.5606567182793258,0.13936480371864185,0.062249758248369064,0.07735521688209618,0.09921010541198656,0.7797110643201688
0.11692106702670657,0.04209544548215704,0.1278516497336771,0.7131318377574593,0.16708921753582856,0.19722728168281536,0.8471912004777543
0.11074986833637322,0.3614410789305683,0.04408919023164469,0.4837198625014136,0.13087322392689668,0.1579075164334445,0.8287966708795503
0.5763351679369373,0.1266023728089438,0.0057197209084760585,0.2913427383456428,0.07951537526076478,0.09662595706373553,0.8229194067212766
0.09058845390684456,0.09278899907387327,0.8009344147913235,0.015688132227958645,0.1315847876775983,0.14704622938973547,0.8948531915690423
0.3654864123818276,0.35605347034337587,0.12894763366904838,0.1495124836057482,0.08147811294317976,0.09580939653409427,0.8504188095390555
0.05061262146161934,0.4471776714160803,0.2673515480836743,0.23485815903862609,0.11938905344863437,0.1361926789561919,0.8766187313712904
0.15813848277639536,0.1694226275615305,0.2541603136662912,0.41827857599578294,0.1368021158339353,0.15199393295842487,0.9000498452221445
0.1316805163333372,0.5167320601715296,0.16218241630304672,0.18940500719208653,0.10101321842254814,0.12071910835692737,0.8367624628562093
0.7702674705422016,0.06814809708447438,0.13856799907321196,0.023016433300112046,0.04556420272776144,0.058777142437821034,0.775202754641615
0.02339730447783115,0.035006056701758874,0.7235135484335827,0.21808309038682722,0.1550620204010826,0.16489194452444733,0.9403856619453759
0.08289941676797563,0.14201228537981103,0.004643190438768064,0.7704451074134453,0.16638434836045057,0.205105160738845,0.8112148312655253
0.5594189139998706,0.34436449056488105,0.003526576033848294,0.0926900194014,0.05436088290489633,0.07290619343384856,0.7456277765238242
0.4719010380026296,0.4009829054435885,0.03148838897808506,0.09562766757569688,0.06135561600295592,0.08006736905075544,0.7662998888356383
0.003434325082517207,0.5213966763112906,0.18108135411322065,0.2940876444929714,0.12254618585901808,0.14433425787557924,0.8490443479098138
0.014348827486354975,0.33169136679820443,0.1461712634701403,0.5077885422453002,0.1469887701951825,0.1715694573138602,0.8567304023482974
0.06251889920281738,0.328803678272882,0.2413776451101135,0.36729977741418723,0.13393323771251256,0.15105473254969293,0.8866537012897107
0.30959191447654955,0.2708952179809857,0.2570410267413909,0.16247184080107374,0.09620502571962337,0.10658097790576081,0.9026472416558996
0.3975056308450584,0.09255726431385926,0.4029122542683688,0.10702485057271353,0.09627092937366934,0.10326149037773641,0.9323023425432346
0.47277138529448554,0.353421990568349,0.03571395599706975,0.13809266814009571,0.06717059407325375,0.08414820916576568,0.79824151623872
0.13402470513797346,0.6633771899261056,0.09655060591205437,0.10604749902386641,0.0848089880891683,0.11166715661106323,0.759480143159354
0.5449927097473444,0.06897658214386686,0.07949118987273132,0.30653951823605746,0.08895979707313877,0.10302401494480623,0.8634860243099418
0.06366313020881832,0.45720706754548135,0.4360276099256788,0.0431021923200215,0.10730233728521618,0.12428165942907496,0.8633803071035712
0.2869240649686137,0.3373041974203906,0.11955614276352786,0.2562155948474679,0.09852631550282238,0.11443565613063228,0.8609756681986528
0.4293372100421392,0.2695117806799215,0.2422184104685997,0.05893259880933975,0.0755718501805952,0.08633637982726589,0.8753187281166133
0.3230147289388132,0.27272576737643295,0.08809506548290247,0.3161644382018513,0.1019982457579322,0.11893138041057476,0.8576226510262808
0.15126927752491376,0.18913491831663268,0.06507481397340711,0.5945209901850466,0.14493024996568296,0.17301955188156093,0.8376524409501057
0.4354946107581663,0.33793563859310416,0.02153760275329406,0.20503214789543553,0.07660245690876184,0.09436355761744072,0.8117800859026092
0.09405153574311682,0.06912897666251924,0.7797384681034204,0.05708101949094373,0.13509703319494049,0.14844100467750732,0.9101058935059284
0.09456221311646498,0.025014285103455273,0.7314086925034438,0.14901480927663588,0.1431565099504149,0.15325481402571114,0.9341077528983718
0.45346875207921505,0.16132439632216194,0.166374894675978,0.21883195692264498,0.08908470837006133,0.09929221150199308,0.8971973433009208
0.08697745397995414,0.5804162587797913,0.1596608552222705,0.17294543201798404,0.10090690188112186,0.1230121510587628,0.8203002793839343
0.02339204115824413,0.8491420855671739,0.08706050090670953,0.04040537236787251,0.081047936422448,0.11840072238137335,0.6845223136510048
0.1758553967984977,0.3120996668517849,0.042699386644597236,0.46934554970512005,0.12563810255330848,0.1509207479384112,0.8324773384013426
0.17100390614885588,0.536742548802216,0.018858148045915187,0.2733953970030131,0.09849985814662213,0.124074437798235,0.7938771264617676
0.08683201738565313,0.5974273412349624,0.15245310774970164,0.16328753362968282,0.09908202712255225,0.12193567544163533,0.8125761944868873
0.19996928326840238,0.3032574008794843,0.2847904536437927,0.21198286220832063,0.11034254421516498,0.12210991841218265,0.9036329370289412
0.07711747964458478,0.3369103907767127,0.07181222348218255,0.5141599060965198,0.13872989168889294,0.16568521144725112,0.8373100440111404
0.18824594392797045,0.03091574444592103,0.4073178783104455,0.37352043331566304,0.1417307893994733,0.1517876399533932,0.933743942807149
0.0549950618633228,0.13372061304652522,0.25488180369798974,0.5564025213921622,0.15997311898365413,0.1804562972821264,0.8864923053006637
0.1454958616307561,0.6032039849218195,0.04007978850313499,0.21122036494428933,0.09339023744147061,0.119639969286597,0.7805939603491098
0.20005752630673854,0.40431500856682157,0.3286214079590199,0.06700605716742021,0.0949976237531493,0.10924059055760191,0.869618365007443
0.13826970637738337,0.36170830090818146,0.2137764417370855,0.2862455509773498,0.11740055164715316,0.13320014700228244,0.8813845501622566
0.30152671777273715,0.06710110046269982,0.2681571795642101,0.3632150022003528,0.12359418876254581,0.13493486279498826,0.9159544553754594
0.36056654156318135,0.03205839297191844,0.25896718156698073,0.34840788389791943,0.11798207235392892,0.12857526732430086,0.9176109434510986
0.2908774253130374,0.2577448966425559,0.06840033736010692,0.38297734068429984,0.11071521001211566,0.13037770581785652,0.8491882052809685
0.3332812905642638,0.11765969158740008,0.3805692929524246,0.16848972489591169,0.10568514314444931,0.1128107684158142,0.9368355931669552
0.18621752219722293,0.22653273623956613,0.10581636182131254,0.4814333797418982,0.1317407722022906,0.15385457850598444,0.8562681298247249
0.03511473586585545,0.16508341309052654,0.1382679091775151,0.6615339418661029,0.16530510838350182,0.19409988713627055,0.8516496883248935
0.4517185144452788,0.009352486515705753,0.045206049225011126,0.4937229498140044,0.11521454169155754,0.13752267208711455,0.8377857988286775
0.10386499081688849,0.04145581779466228,0.07797846976059916,0.7767007216278501,0.17201612185162404,0.20717251132702041,0.8303037924761059
0.11590941516678314,0.46742370082317974,0.09936608900316787,0.31730079500686925,0.11340291971280728,0.13554150778113275,0.8366656205118065
0.45270658689976795,0.47225297599500804,0.03773036755640638,0.03731006954881765,0.05523340910087041,0.07731604978009393,0.7143847785546205
0.1727842227736571,0.18578614424212522,0.36907379603308654,0.2723558369511312,0.12629295134761115,0.1362526706595244,0.9269025754599619
0.0006646597245319475,0.8506473775146812,0.09341307952414739,0.0552748832366395,0.08462554819646834,0.1215190261857167,0.6963975177610104
0.11176245105366013,0.45471483935157975,0.27368716672557514,0.159835542869185,0.10708547135835705,0.12303259908962971,0.8703829078693598
0.4643125946187157,0.10686328509211403,0.020514130103341546,0.4083099901858288,0.1015057994014893,0.12180358629728606,0.8333564099971905
0.29205366283083684,0.2371111869719382,0.45394509203044087,0.016890058166784107,0.09390863178257536,0.1054917979620062,0.8901984191832372
0.016850099331936305,0.34914165593958474,0.6193316663040492,0.014676578424429652,0.12061198353290298,0.13737712522060985,0.877962639989851
0.049751920245981684,0.3849796748300422,0.3765535029342825,0.1887149019896935,0.12216962148110368,0.13596794559746017,0.8985178156827704
0.1903879305337788,0.6233173860489755,0.029013419791418787,0.157281263625827,0.08324824132798209,0.11018393626887664,0.7555388212382914
0.2725613899732621,0.07908643494197183,0.2673182525226555,0.3810339225621104,0.12729180063622367,0.13942864624595525,0.9129529982789769
0.06468408506618471,0.05706759294439785,0.7921999714411665,0.08604835054825086,0.14132807903325667,0.15405720121500624,0.9173740527456131
0.28733851046973136,0.042639365003877196,0.23426501669117722,0.43575710783521415,0.13102269983038545,0.14537024120718586,0.9013034493328529
0.058622775939744826,0.035169774902562664,0.40209717545122253,0.5041102737064701,0.16477097082095168,0.1795924900335672,0.917471386415739
0.17909642315437882,0.4786171402277778,0.13605347960536648,0.20623295701247704,0.0987397416223324,0.11773041500255477,0.8386935663158049
0.12254672813457082,0.08720109640435796,0.5965052879166782,0.19374688754439295,0.1367801820073768,0.1454006787388341,0.9407121286762266
0.06163763623296167,0.1789029531464797,0.2108422804365937,0.548617130183965,0.15510572754719487,0.1768672756484464,0.8769611392414599
0.24992375913748816,0.011322681515761027,0.40498282131202284,0.333770738034728,0.13329263369260208,0.14196711063252748,0.9388979820658694
0.14908615062696134,0.513859019396354,0.26459842752832946,0.07245640244835506,0.09313289898920443,0.1114179463393656,0.8358877725634332
0.26729892112455733,0.07934794976603486,0.28225334034287475,0.37109978876653293,0.12745829371085138,0.13904750103369454,0.9166528902951314
0.011131243621298595,0.5998799773743059,0.1581418485398758,0.23084693046451973,0.11210488666251271,0.13585793203985208,0.8251626164133594
0.20527577065384883,0.3615652199667256,0.0815969222638288,0.3515620871155968,0.11196703657344145,0.1325147791696127,0.8449399929205549
0.12248129464042558,0.36477033366307854,0.01994296719354107,0.49280540450295485,0.12953607522884614,0.15786161374429827,0.8205672814080477
0.12537852059387258,0.03315792500304968,0.670457039758794,0.1710065146442837,0.13959848405476677,0.14857270995379337,0.9395970774052811
0.291231996229425,0.295915695467451,0.15773071607757522,0.25512159222554875,0.10122266446405612,0.11521447397512852,0.8785585783771158
0.2914190513062421,0.03789906379627369,0.657033881593439,0.013648003304045388,0.10976599839168892,0.1218696121106326,0.9006839070928028
0.10770518930777528,0.25945964523079823,0.565029878822464,0.06780528663896247,0.11863181810347347,0.13097384322732555,0.9057672523021977
0.1439621058259165,0.2129008602077628,0.25252935353956063,0.39060768042676025,0.13378324144734788,0.14880003086916788,0.8990807371873231
0.044300931922240355,0.0030907792661775796,0.8416619947899564,0.11094629402162581,0.14954093120989584,0.16221239435918633,0.9218835083512046
0.477696206095661,0.12060760262249616,0.31407541463184413,0.08762077664999868,0.08263192383026431,0.09004616092712857,0.917661818998987
0.4215565978512619,0.08536655124099346,0.2254008580263202,0.26767599288142424,0.10175211782412766,0.11102618384574733,0.916469559698598
0.004105312026718389,0.04719809262535043,0.645761420750854,0.30293517459707725,0.16083722075635243,0.17052994061766685,0.9431611843280601
0.26883057921042997,0.14228464183212972,0.0409578951803576,0.5479268837770828,0.1310655975449279,0.15708944671700023,0.8343373809256912
0.011223771171035752,0.002625494425400919,0.8283610997845531,0.15778963461901035,0.1562203519246838,0.16787549322290365,0.9305727055542035
0.13347906550404165,0.3066428229937333,0.2751840888446002,0.2846940226576249,0.12235099677785718,0.13592791624009484,0.90011676896263
0.05210340983769069,0.08971228267324952,0.4281864457116495,0.4299978617774102,0.15754946719611074,0.1702799907945906,0.9252377009237877
0.052200242932607714,0.4758021184633664,0.4428160053253375,0.029181633278688477,0.10660888060562611,0.12458837436819337,0.8556888324954555
0.27208167197935035,0.2559832518155948,0.1795252218911621,0.29240985431389277,0.10877121521313152,0.12246431740183522,0.888187004351861
0.1369020830008742,0.15459944937337977,0.4049212466765752,0.30357722094917083,0.1350136343074745,0.1450905978562009,0.9305470947282631
0.434513682946733,0.11637037527086003,0.41283466693908977,0.036281274843317335,0.0860176549374218,0.09477256811286504,0.9076218641134957
0.240714403967944,0.2838850157118357,0.4006785155374506,0.0747220647827699,0.09973242946635895,0.11064314924438241,0.901388202952137
0.29752884123830897,0.30760437600329393,0.06187391223009642,0.3329928705283007,0.10336254408517136,0.12245554091594918,0.84408221393687
0.1891331872139599,0.44382583878748094,0.3658523107927864,0.001188663205772691,0.08996605171947536,0.10708467875877106,0.8401393435763231
0.45633115326067214,0.3149159331677764,0.16107226031364694,0.06768065325790462,0.06886770808558576,0.08169205090132134,0.8430160257424979
0.5217574357572957,0.11355641440563823,0.05762305443435797,0.30706309540270815,0.08844017496923592,0.10364019171161476,0.8533385890999331
0.041334621293109684,0.8334267643732276,0.11450963402110319,0.010728980312559566,0.07848880709766552,0.11517361936961958,0.6814825089917184
0.041274309813770976,0.02870821264912882,0.579392850522108,0.3506246270149922,0.15986891406302908,0.16960626013574678,0.9425885219983963
0.09277748416663842,0.1013447472148597,0.7860731451702945,0.019804623448207468,0.1308215784535586,0.14590247872201567,0.8966371209005275
0.2864088867599348,0.3243571909321508,0.0022329999808882186,0.3870009223270262,0.10616831556298774,0.12973270711016527,0.8183619838660475
0.011678272139848076,0.5427250566308834,0.2540459572613552,0.19155071396791337,0.11464135578974476,0.13436731753017836,0.853193751999974
0.15948915835657704,0.7191342689079775,0.10749623107557432,0.013880341659871233,0.07242968498400036,0.1034475381580277,0.700158614440451
0.9163788810884665,0.01553052501729042,0.03695556934897429,0.031135024545268786,0.03118505468437956,0.05225875512872091,0.5967431602143265
0.27601637992196837,0.08573677494788937,0.22485804182185226,0.41338880330829,0.12792836877972746,0.14207104151267913,0.9004535154921807
0.11439456154383416,0.3322926208290135,0.5017866126800784,0.051526204947073835,0.11112160758033415,0.1247236648192805,0.8909424505874232
0.6384791617263252,0.023395642121690662,0.2447824929277886,0.0933427032241955,0.06979319276705223,0.07736367214838596,0.9021442600757974
0.05160258714526421,0.13566695935664552,0.34527514676483073,0.46745530673325963,0.155811072259247,0.17126687121993606,0.9097560500136588
0.24319834861076214,0.5091788995714558,0.14687611689390392,0.10074663492387798,0.08268723446107833,0.10189677424205305,0.8114803935270514
0.7029803854446546,0.07179993109934837,0.0577673805044239,0.16745230295157293,0.06124117055182565,0.07387849430330529,0.8289444868814246
0.2464809903816261,0.03959844902769213,0.10685962936407237,0.6070609312266093,0.1451426418895037,0.17060540196516416,0.8507505636846149
0.5601367487393613,0.3018697445957448,0.005531413297043786,0.13246209336785006,0.05965574776461594,0.07676494440598501,0.7771222688459976
0.3871253061710435,0.16841903708952202,0.3094729853396748,0.13498267139975975,0.09294932080059058,0.10075796118509668,0.9225010084298818
0.4506191729340671,0.14469763059245563,0.2755875292724247,0.1290956672010526,0.08629848043122745,0.09387826189701627,0.9192594610016983
0.051589254017467855,0.0046407195249119305,0.5504693890245901,0.39330063743303023,0.16258717128738776,0.17291497616674487,0.9402723517169628
0.07370714093748759,0.5075116511941498,0.2678869108161056,0.1508942970522571,0.1073618544352075,0.12523986994916284,0.8572498077392419
0.20887512730883215,0.2718501070063959,0.3715294222345372,0.1477453434502348,0.1084854920618519,0.11864352081777754,0.9143819343364972
0.2261340933680781,0.033351038875927566,0.5635477132094876,0.17696715454650674,0.12678284247940097,0.13422154310375825,0.9445789367910419
0.029988179441718835,0.7920993603704117,0.1478641472220118,0.030048312965857613,0.0842360034912365,0.11743471396240816,0.7173007081892425
0.012490693490390413,0.7499682401533605,0.06843021947855206,0.16911084687769704,0.09683429297786526,0.12840823901763831,0.7541127712573333
0.18886245845476984,0.12606681127721697,0.5213394732111412,0.16373125705687205,0.12354909835154616,0.13180862417430678,0.9373369847800094
0.19405436931274267,0.2512565561039408,0.542493881432602,0.012195193150714571,0.10528216715856392,0.11845843688195849,0.8887688368155282
