model,date,fold,actual_up,predicted_up,probability_up,forward_return
naive_most_frequent,2020-06-15,0,1,1,1.0,0.03972507216494847
naive_most_frequent,2020-06-16,0,1,1,1.0,0.007139093166830923
naive_most_frequent,2020-06-17,0,0,1,1.0,-0.008794933053294929
naive_most_frequent,2020-06-18,0,1,1,1.0,0.0018540590159168424
naive_most_frequent,2020-06-19,0,0,1,1.0,-0.00013222735935947139
naive_most_frequent,2020-06-22,0,1,1,1.0,0.0010576679145646306
naive_most_frequent,2020-06-23,0,1,1,1.0,0.0018489170384454745
naive_most_frequent,2020-06-24,0,0,1,1.0,-0.023332520124802025
naive_most_frequent,2020-06-25,0,1,1,1.0,0.013767108315136056
naive_most_frequent,2020-06-26,0,0,1,1.0,-0.015177739113596878
naive_most_frequent,2020-06-29,0,1,1,1.0,0.015411653164639105
naive_most_frequent,2020-06-30,0,1,1,1.0,0.001730754869780915
naive_most_frequent,2020-07-01,0,1,1,1.0,0.018208440143764992
naive_most_frequent,2020-07-02,0,1,1,1.0,0.002610586051291053
naive_most_frequent,2020-07-03,0,0,1,1.0,-0.006119021120141066
naive_most_frequent,2020-07-06,0,0,1,1.0,-0.0003929526011503537
naive_most_frequent,2020-07-07,0,0,1,1.0,-0.015725291985985823
naive_most_frequent,2020-07-08,0,1,1,1.0,0.00732263337341732
naive_most_frequent,2020-07-09,0,0,1,1.0,-0.007137205543896186
naive_most_frequent,2020-07-10,0,1,1,1.0,0.010649560277573578
naive_most_frequent,2020-07-13,0,0,1,1.0,-0.006981019678109046
naive_most_frequent,2020-07-14,0,1,1,1.0,0.01870279902775973
naive_most_frequent,2020-07-15,0,0,1,1.0,-0.007552109079995817
naive_most_frequent,2020-07-16,0,1,1,1.0,0.004198373075329664
naive_most_frequent,2020-07-17,0,0,1,1.0,-0.004964685067093244
naive_most_frequent,2020-07-20,0,1,1,1.0,0.025735279635752173
naive_most_frequent,2020-07-21,0,0,1,1.0,-0.013184932929406035
naive_most_frequent,2020-07-22,0,1,1,1.0,0.0028538333300729413
naive_most_frequent,2020-07-23,0,0,1,1.0,-0.010477273586270042
naive_most_frequent,2020-07-24,0,1,1,1.0,0.0036601176470589802
naive_most_frequent,2020-07-27,0,0,1,1.0,-0.0037770383404147623
naive_most_frequent,2020-07-28,0,1,1,1.0,0.006667564561839923
naive_most_frequent,2020-07-29,0,0,1,1.0,-0.002857155844155801
naive_most_frequent,2020-07-30,0,0,1,1.0,-0.01888508750827167
naive_most_frequent,2020-07-31,0,0,1,1.0,-0.000796561773620974
naive_most_frequent,2020-08-03,0,1,1,1.0,0.01806828821847839
naive_most_frequent,2020-08-04,0,0,1,1.0,-0.005741811525844076
naive_most_frequent,2020-08-05,0,1,1,1.0,0.007743758820218938
naive_most_frequent,2020-08-06,0,0,1,1.0,-0.005209716139746301
naive_most_frequent,2020-08-07,0,1,1,1.0,0.016234695583975833
naive_most_frequent,2020-08-10,0,1,1,1.0,0.003864918685973384
naive_most_frequent,2020-08-11,0,0,1,1.0,-0.0011549794957644854
naive_most_frequent,2020-08-12,0,0,1,1.0,-0.0021842219662282503
naive_most_frequent,2020-08-13,0,1,1,1.0,0.0019314189064423282
naive_most_frequent,2020-08-14,0,0,1,1.0,-0.007196992859452189
naive_most_frequent,2020-08-17,0,1,1,1.0,0.007508116504854279
naive_most_frequent,2020-08-18,0,1,1,1.0,0.008608479799345314
naive_most_frequent,2020-08-19,0,0,1,1.0,-0.008025439490445874
naive_most_frequent,2020-08-20,0,0,1,1.0,-0.0008989340863386763
naive_most_frequent,2020-08-21,0,1,1,1.0,0.005141310855733439
naive_most_frequent,2020-08-24,0,1,1,1.0,0.004347877404650147
naive_most_frequent,2020-08-25,0,0,1,1.0,-0.006111573642582635
naive_most_frequent,2020-08-26,0,1,1,1.0,0.001793479420791222
naive_most_frequent,2020-08-27,0,0,1,1.0,-0.0076726217777219885
naive_most_frequent,2020-08-28,0,0,1,1.0,-0.0002576804190124182
naive_most_frequent,2020-08-31,0,0,1,1.0,-0.016885859322354646
naive_most_frequent,2020-09-01,0,1,1,1.0,0.019273647014828033
naive_most_frequent,2020-09-02,0,1,1,1.0,0.008875765600097063
naive_most_frequent,2020-09-03,0,0,1,1.0,-0.030600548259594573
naive_most_frequent,2020-09-04,0,1,1,1.0,0.0028936078244587993
naive_most_frequent,2020-09-07,0,1,1,1.0,0.009836065573770592
naive_most_frequent,2020-09-08,0,0,1,1.0,-0.019870116883116906
naive_most_frequent,2020-09-09,0,1,1,1.0,0.006227653289682777
naive_most_frequent,2020-09-10,1,0,1,1.0,-0.008427692693502964
naive_most_frequent,2020-09-11,1,1,1,1.0,0.005577662460385158
naive_most_frequent,2020-09-14,1,0,1,1.0,-0.0001320919158466216
naive_most_frequent,2020-09-15,1,1,1,1.0,0.010962911252977436
naive_most_frequent,2020-09-16,1,0,1,1.0,-0.011627893759761032
naive_most_frequent,2020-09-17,1,0,1,1.0,-0.002379391873644665
naive_most_frequent,2020-09-18,1,0,1,1.0,-0.006625148978068762
naive_most_frequent,2020-09-21,1,0,1,1.0,-0.007202894395052617
naive_most_frequent,2020-09-22,1,1,1,1.0,0.02297459357785825
naive_most_frequent,2020-09-23,1,0,1,1.0,-0.007748831202375017
naive_most_frequent,2020-09-24,1,1,1,1.0,0.013898014008020487
naive_most_frequent,2020-09-25,1,0,1,1.0,-0.0009138250891337352
naive_most_frequent,2020-09-28,1,0,1,1.0,-0.0015679472307323916
naive_most_frequent,2020-09-29,1,0,1,1.0,-0.0206779468301036
naive_most_frequent,2020-09-30,1,1,1,1.0,0.003608124987087402
naive_most_frequent,2020-10-01,1,0,1,1.0,-0.01478029333635933
naive_most_frequent,2020-10-02,1,1,1,1.0,0.023922206350107
naive_most_frequent,2020-10-05,1,1,1,1.0,0.002771898026084907
naive_most_frequent,2020-10-06,1,1,1,1.0,0.013557970072950232
naive_most_frequent,2020-10-07,1,1,1,1.0,0.011298740259740203
naive_most_frequent,2020-10-08,1,1,1,1.0,0.001540965652717441
naive_most_frequent,2020-10-09,1,1,1,1.0,0.003333786468362243
naive_most_frequent,2020-10-12,1,1,1,1.0,0.010990428115015938
naive_most_frequent,2020-10-13,1,0,1,1.0,-0.0029073947300291003
naive_most_frequent,2020-10-14,1,1,1,1.0,0.005324619877964842
naive_most_frequent,2020-10-15,1,0,1,1.0,-0.005422446200916364
naive_most_frequent,2020-10-16,1,1,1,1.0,0.008621782352411067
naive_most_frequent,2020-10-19,1,0,1,1.0,-0.007919610009316957
naive_most_frequent,2020-10-20,1,1,1,1.0,0.0016473011061151066
naive_most_frequent,2020-10-21,1,0,1,1.0,-0.003289082734127202
naive_most_frequent,2020-10-22,1,1,1,1.0,0.002030663764047924
naive_most_frequent,2020-10-23,1,0,1,1.0,-0.004559860844579822
naive_most_frequent,2020-10-26,1,0,1,1.0,-0.01641421383963415
naive_most_frequent,2020-10-27,1,0,1,1.0,-0.0001293919742797467
naive_most_frequent,2020-10-28,1,0,1,1.0,-0.01565531096318673
naive_most_frequent,2020-10-29,1,0,1,1.0,-0.006046253784273037
naive_most_frequent,2020-10-30,1,1,1,1.0,0.004363845370384256
naive_most_frequent,2020-11-02,1,1,1,1.0,0.01935485264074477
naive_most_frequent,2020-11-03,1,0,1,1.0,-0.0021957892584808514
naive_most_frequent,2020-11-04,1,1,1,1.0,0.013333320388349668
naive_most_frequent,2020-11-05,1,1,1,1.0,0.00855899346651734
naive_most_frequent,2020-11-06,1,1,1,1.0,0.018999367409729073
naive_most_frequent,2020-11-09,1,1,1,1.0,0.0063393663022759394
naive_most_frequent,2020-11-10,1,1,1,1.0,0.017292515035727707
naive_most_frequent,2020-11-11,1,0,1,1.0,-0.00437106599840853
naive_most_frequent,2020-11-12,1,0,1,1.0,-0.001829292682926864
naive_most_frequent,2020-11-13,1,1,1,1.0,0.013683604488298196
naive_most_frequent,2020-11-16,1,1,1,1.0,0.0014462456135200252
naive_most_frequent,2020-11-17,1,1,1,1.0,0.004814081348613941
naive_most_frequent,2020-11-18,1,1,1,1.0,0.001437333846863842
naive_most_frequent,2020-11-19,1,0,1,1.0,-0.0004784236278145837
naive_most_frequent,2020-11-20,1,1,1,1.0,0.004188081847553038
naive_most_frequent,2020-11-23,1,1,1,1.0,0.013465264858562032
naive_most_frequent,2020-11-24,1,1,1,1.0,0.0044679245925483
naive_most_frequent,2020-11-25,1,0,1,1.0,-0.00772565843380546
naive_most_frequent,2020-11-26,1,0,1,1.0,-0.004600684367135233
naive_most_frequent,2020-11-27,1,0,1,1.0,-0.011495532525321206
naive_most_frequent,2020-11-30,1,1,1,1.0,0.010670170930575651
naive_most_frequent,2020-12-01,1,1,1,1.0,0.00035586001106069354
naive_most_frequent,2020-12-02,1,1,1,1.0,0.00355739348850026
naive_most_frequent,2020-12-03,1,1,1,1.0,0.0030722203617707944
naive_most_frequent,2020-12-04,1,1,1,1.0,0.005300942458486668
naive_most_frequent,2020-12-07,1,1,1,1.0,0.0024608273944610737
naive_most_frequent,2020-12-08,2,1,1,1.0,0.0064289302245845725
naive_most_frequent,2020-12-09,2,0,1,1.0,-0.00708478529813672
naive_most_frequent,2020-12-10,2,0,1,1.0,-0.006433454355677881
naive_most_frequent,2020-12-11,2,1,1,1.0,0.0030609252870041903
naive_most_frequent,2020-12-14,2,0,1,1.0,-0.004225363998545673
naive_most_frequent,2020-12-15,2,1,1,1.0,0.0075436943679252355
naive_most_frequent,2020-12-16,2,1,1,1.0,0.010762739444452274
naive_most_frequent,2020-12-17,2,0,1,1.0,-0.012037048332475764
naive_most_frequent,2020-12-18,2,0,1,1.0,-0.0008200562228202202
naive_most_frequent,2020-12-21,2,0,1,1.0,-0.009965986516989211
naive_most_frequent,2020-12-22,2,1,1,1.0,0.007342444165266526
naive_most_frequent,2020-12-23,2,1,1,1.0,0.003174277055590702
naive_most_frequent,2020-12-24,2,1,1,1.0,0.0058596037534370815
naive_most_frequent,2020-12-29,2,0,1,1.0,-0.002213713102325099
naive_most_frequent,2020-12-30,2,0,1,1.0,-0.012610941296251177
naive_most_frequent,2020-12-31,2,1,1,1.0,0.008514676171113456
naive_most_frequent,2021-01-04,2,0,1,1.0,-0.00035177064202362995
naive_most_frequent,2021-01-05,2,0,1,1.0,-0.010439870967742015
naive_most_frequent,2021-01-06,2,1,1,1.0,0.015410182368300385
naive_most_frequent,2021-01-07,2,1,1,1.0,0.005253291839678154
naive_most_frequent,2021-01-08,2,0,1,1.0,-0.007664661390492822
naive_most_frequent,2021-01-11,2,0,1,1.0,-0.003042656631105478
naive_most_frequent,2021-01-12,2,1,1,1.0,0.0007042845239044748
naive_most_frequent,2021-01-13,2,1,1,1.0,0.005278557184750676
naive_most_frequent,2021-01-14,2,0,1,1.0,-0.00035004668669924577
naive_most_frequent,2021-01-15,2,0,1,1.0,-0.00828760378866833
naive_most_frequent,2021-01-18,2,1,1,1.0,0.013418067483734308
naive_most_frequent,2021-01-19,2,1,1,1.0,0.0034843670960365003
naive_most_frequent,2021-01-20,2,1,1,1.0,0.007754606301976663
naive_most_frequent,2021-01-21,2,0,1,1.0,-0.004019742735729803
naive_most_frequent,2021-01-22,2,1,1,1.0,0.004381884174563089
naive_most_frequent,2021-01-25,2,0,1,1.0,-0.007003444477691079
naive_most_frequent,2021-01-27,2,0,1,1.0,-0.019308567910939378
naive_most_frequent,2021-01-28,2,0,1,1.0,-0.005423237443998974
naive_most_frequent,2021-01-29,2,1,1,1.0,0.008060692175667628
naive_most_frequent,2021-02-01,2,1,1,1.0,0.01481658025850674
naive_most_frequent,2021-02-02,2,1,1,1.0,0.008806430748327987
naive_most_frequent,2021-02-03,2,0,1,1.0,-0.0081552953860623
naive_most_frequent,2021-02-04,2,1,1,1.0,0.011349206979715198
naive_most_frequent,2021-02-05,2,1,1,1.0,0.005152833959628289
naive_most_frequent,2021-02-08,2,0,1,1.0,-0.008430143636707021
naive_most_frequent,2021-02-09,2,1,1,1.0,0.00631887630607908
naive_most_frequent,2021-02-10,2,0,1,1.0,-0.0018266469609153901
naive_most_frequent,2021-02-11,2,0,1,1.0,-0.006061969575660631
naive_most_frequent,2021-02-12,2,1,1,1.0,0.009551219573044278
naive_most_frequent,2021-02-15,2,1,1,1.0,0.00797899209008368
naive_most_frequent,2021-02-16,2,0,1,1.0,-0.003957910211466853
naive_most_frequent,2021-02-17,2,0,1,1.0,-0.0003405880939919559
naive_most_frequent,2021-02-18,2,0,1,1.0,-0.012038670799363937
naive_most_frequent,2021-02-19,2,0,1,1.0,-0.0029887918838669147
naive_most_frequent,2021-02-22,2,1,1,1.0,0.009800518512607326
naive_most_frequent,2021-02-23,2,0,1,1.0,-0.007878545150067362
naive_most_frequent,2021-02-24,2,1,1,1.0,0.008861836907145149
naive_most_frequent,2021-02-25,2,0,1,1.0,-0.024526601664312087
naive_most_frequent,2021-02-26,2,1,1,1.0,0.020348473386774035
naive_most_frequent,2021-03-01,2,0,1,1.0,-0.0038968022922636347
naive_most_frequent,2021-03-02,2,1,1,1.0,0.007018674167820871
naive_most_frequent,2021-03-03,2,0,1,1.0,-0.005598697632496541
naive_most_frequent,2021-03-04,2,0,1,1.0,-0.007583545990848539
naive_most_frequent,2021-03-05,2,1,1,1.0,0.006020562486260594
naive_most_frequent,2021-03-08,2,1,1,1.0,0.0036828173976615197
naive_most_frequent,2021-03-09,2,0,1,1.0,-0.008599931299162145
naive_most_frequent,2021-03-10,2,1,1,1.0,0.0008096229563916424
naive_most_frequent,2021-03-11,3,1,1,1.0,0.007974136229910167
naive_most_frequent,2021-03-12,3,1,1,1.0,0.0017198119500136944
naive_most_frequent,2021-03-15,3,1,1,1.0,0.008698569004284007
naive_most_frequent,2021-03-16,3,0,1,1.0,-0.006240724142995369
naive_most_frequent,2021-03-17,3,0,1,1.0,-0.005709065866429164
naive_most_frequent,2021-03-18,3,0,1,1.0,-0.003330282422363662
naive_most_frequent,2021-03-19,3,1,1,1.0,0.004147954785713059
naive_most_frequent,2021-03-22,3,0,1,1.0,-0.002294951180838778
naive_most_frequent,2021-03-23,3,1,1,1.0,0.005405417092768872
naive_most_frequent,2021-03-24,3,0,1,1.0,-0.0008007321162373238
naive_most_frequent,2021-03-25,3,1,1,1.0,0.00789929039265691
naive_most_frequent,2021-03-26,3,0,1,1.0,-0.003066833222775678
naive_most_frequent,2021-03-29,3,0,1,1.0,-0.007975356316806237
naive_most_frequent,2021-03-30,3,1,1,1.0,0.009762237280349195
naive_most_frequent,2021-03-31,3,1,1,1.0,0.0009099408760222527
naive_most_frequent,2021-04-01,3,1,1,1.0,0.0005682159090909522
naive_most_frequent,2021-04-06,3,1,1,1.0,0.006473594327986554
naive_most_frequent,2021-04-07,3,1,1,1.0,0.009817140267982305
naive_most_frequent,2021-04-08,3,1,1,1.0,0.00011176668033896497
naive_most_frequent,2021-04-09,3,0,1,1.0,-0.0026815418994413642
naive_most_frequent,2021-04-12,3,0,1,1.0,-0.00156844047572402
naive_most_frequent,2021-04-13,3,1,1,1.0,0.008639990732495884
naive_most_frequent,2021-04-14,3,1,1,1.0,0.004783635607783054
naive_most_frequent,2021-04-15,3,1,1,1.0,0.0005536204605847139
naive_most_frequent,2021-04-16,3,1,1,1.0,0.0005532256096085764
naive_most_frequent,2021-04-19,3,0,1,1.0,-0.006635678094131459
naive_most_frequent,2021-04-20,3,0,1,1.0,-0.003562680917390315
naive_most_frequent,2021-04-21,3,1,1,1.0,0.008379888268156499
naive_most_frequent,2021-04-22,3,1,1,1.0,0.0005540498614959866
naive_most_frequent,2021-04-23,3,0,1,1.0,-0.0016611405871160834
naive_most_frequent,2021-04-26,3,0,1,1.0,-0.0015529672423080232
naive_most_frequent,2021-04-27,3,1,1,1.0,0.006332629567100678
naive_most_frequent,2021-04-28,3,1,1,1.0,0.0005519430215954468
naive_most_frequent,2021-04-29,3,0,1,1.0,-0.00750303456371082
naive_most_frequent,2021-04-30,3,1,1,1.0,0.00044470262739415567
naive_most_frequent,2021-05-03,3,1,1,1.0,0.005667318716908953
naive_most_frequent,2021-05-04,3,1,1,1.0,0.003425392265193228
naive_most_frequent,2021-05-05,3,0,1,1.0,-0.004955368460640153
naive_most_frequent,2021-05-06,3,1,1,1.0,0.0026560092667551327
naive_most_frequent,2021-05-07,3,1,1,1.0,0.013796909796841339
naive_most_frequent,2021-05-10,3,0,1,1.0,-0.010669515746750458
naive_most_frequent,2021-05-11,3,0,1,1.0,-0.007153097595913982
naive_most_frequent,2021-05-12,3,0,1,1.0,-0.007980503125908811
naive_most_frequent,2021-05-13,3,1,1,1.0,0.00536316201117315
naive_most_frequent,2021-05-14,3,1,1,1.0,0.0023338407757111934
naive_most_frequent,2021-05-17,3,1,1,1.0,0.006209091779374676
naive_most_frequent,2021-05-18,3,0,1,1.0,-0.02016531129476573
naive_most_frequent,2021-05-19,3,1,1,1.0,0.01394518699831715
naive_most_frequent,2021-05-20,3,1,1,1.0,0.001996361934500257
naive_most_frequent,2021-05-21,3,1,1,1.0,0.0013283485201835976
naive_most_frequent,2021-05-24,3,1,1,1.0,0.009838591751476944
naive_most_frequent,2021-05-25,3,0,1,1.0,-0.0028462179057737735
naive_most_frequent,2021-05-26,3,1,1,1.0,0.0008782742728412618
naive_most_frequent,2021-05-27,3,1,1,1.0,0.01107822773013556
naive_most_frequent,2021-05-28,3,0,1,1.0,-0.0015187567802126267
naive_most_frequent,2021-05-31,3,0,1,1.0,-0.0027162103138177462
naive_most_frequent,2021-06-01,3,1,1,1.0,0.010022856411124659
naive_most_frequent,2021-06-02,3,1,1,1.0,0.006148204143546776
naive_most_frequent,2021-06-03,3,1,1,1.0,0.004073810077978246
naive_most_frequent,2021-06-04,3,0,1,1.0,-0.0011744714424739566
naive_most_frequent,2021-06-07,3,1,1,1.0,0.0016033564424364766
naive_most_frequent,2021-06-08,3,0,1,1.0,-0.0032016543180891643
naive_most_frequent,2021-06-09,3,1,1,1.0,0.004068490276905923
naive_most_frequent,2021-06-10,4,1,1,1.0,0.0020260396889104637
naive_most_frequent,2021-06-11,4,1,1,1.0,0.010109577417159121
naive_most_frequent,2021-06-15,4,0,1,1.0,-0.0009481247565977791
naive_most_frequent,2021-06-16,4,0,1,1.0,-0.002741769424406404
naive_most_frequent,2021-06-17,4,0,1,1.0,-0.00021145183461979133
naive_most_frequent,2021-06-18,4,0,1,1.0,-0.016922326274278476
naive_most_frequent,2021-06-21,4,1,1,1.0,0.014093652956223446
naive_most_frequent,2021-06-22,4,0,1,1.0,-0.00583495637948328
naive_most_frequent,2021-06-23,4,0,1,1.0,-0.003308046134970044
naive_most_frequent,2021-06-24,4,1,1,1.0,0.005139132652266953
naive_most_frequent,2021-06-25,4,1,1,1.0,0.0002130911870394936
naive_most_frequent,2021-06-28,4,1,1,1.0,0.00042598508144875424
naive_most_frequent,2021-06-29,4,1,1,1.0,0.001064498593474461
naive_most_frequent,2021-06-30,4,0,1,1.0,-0.010952775298247897
naive_most_frequent,2021-07-01,4,1,1,1.0,0.005268229109381073
naive_most_frequent,2021-07-02,4,1,1,1.0,0.0009625240641710775
naive_most_frequent,2021-07-05,4,0,1,1.0,-0.008013677017359888
naive_most_frequent,2021-07-06,4,1,1,1.0,0.00980185307203163
naive_most_frequent,2021-07-07,4,1,1,1.0,0.001600021333333368
naive_most_frequent,2021-07-08,4,0,1,1.0,-0.010010681362924823
naive_most_frequent,2021-07-09,4,1,1,1.0,0.009036187704778431
naive_most_frequent,2021-07-12,4,0,1,1.0,-0.0007462686328486567
naive_most_frequent,2021-07-13,4,1,1,1.0,0.003520697636166581
naive_most_frequent,2021-07-14,4,0,1,1.0,-0.004465224419843095
naive_most_frequent,2021-07-15,4,1,1,1.0,0.003737708284255792
naive_most_frequent,2021-07-16,4,0,1,1.0,-0.00872433256142846
naive_most_frequent,2021-07-19,4,0,1,1.0,-0.004400515281754225
naive_most_frequent,2021-07-20,4,1,1,1.0,0.00797755480859097
naive_most_frequent,2021-07-21,4,1,1,1.0,0.009732663101604366
naive_most_frequent,2021-07-22,4,1,1,1.0,0.001482883106328492
naive_most_frequent,2021-07-23,4,0,1,1.0,-0.00010578529542726312
naive_most_frequent,2021-07-26,4,1,1,1.0,0.004759858210706014
naive_most_frequent,2021-07-27,4,0,1,1.0,-0.007369165330438188
naive_most_frequent,2021-07-28,4,1,1,1.0,0.0057270229533670225
naive_most_frequent,2021-07-29,4,0,1,1.0,-0.002847242373779535
naive_most_frequent,2021-07-30,4,1,1,1.0,0.013219120414956098
naive_most_frequent,2021-08-02,4,0,1,1.0,-0.002609331022008776
naive_most_frequent,2021-08-03,4,1,1,1.0,0.004499790801586245
naive_most_frequent,2021-08-04,4,1,1,1.0,0.0010417543711169763
naive_most_frequent,2021-08-05,4,1,1,1.0,0.0029140078224167976
naive_most_frequent,2021-08-06,4,1,1,1.0,0.0003112898107930917
naive_most_frequent,2021-08-09,4,1,1,1.0,0.0030082986927739697
naive_most_frequent,2021-08-10,4,1,1,1.0,0.0031026579149309175
naive_most_frequent,2021-08-11,4,1,1,1.0,0.0014434374975449416
naive_most_frequent,2021-08-12,4,1,1,1.0,0.006383228859772272
naive_most_frequent,2021-08-13,4,0,1,1.0,-0.006342741687979547
naive_most_frequent,2021-08-16,4,0,1,1.0,-0.008442283798279271
naive_most_frequent,2021-08-17,4,0,1,1.0,-0.0002076316105830145
naive_most_frequent,2021-08-18,4,0,1,1.0,-0.004881098713458432
naive_most_frequent,2021-08-19,4,0,1,1.0,-0.00010438321853478705
naive_most_frequent,2021-08-20,4,1,1,1.0,0.0036531260547569833
naive_most_frequent,2021-08-23,4,1,1,1.0,0.002807778585367071
naive_most_frequent,2021-08-24,4,1,1,1.0,0.004666566421238194
naive_most_frequent,2021-08-25,4,0,1,1.0,-0.005161024106968171
naive_most_frequent,2021-08-26,4,1,1,1.0,0.00010377672039152408
naive_most_frequent,2021-08-27,4,1,1,1.0,0.002282415211976474
naive_most_frequent,2021-08-30,4,1,1,1.0,0.004657871807702385
naive_most_frequent,2021-08-31,4,0,1,1.0,-0.0007212033942138873
naive_most_frequent,2021-09-01,4,0,1,1.0,-0.0010310238381486814
naive_most_frequent,2021-09-02,4,1,1,1.0,0.005882960118515301
naive_most_frequent,2021-09-03,4,1,1,1.0,0.0017442848527016164
naive_most_frequent,2021-09-06,4,1,1,1.0,0.0008194407708523865
naive_most_frequent,2021-09-07,4,0,1,1.0,-0.0023538634976344452
naive_most_frequent,2021-09-08,5,0,1,1.0,-0.017644654770886614
naive_most_frequent,2021-09-09,5,1,1,1.0,0.0041771302385729125
naive_most_frequent,2021-09-10,5,1,1,1.0,0.003015734067565168
naive_most_frequent,2021-09-13,5,1,1,1.0,0.0015552203697839495
naive_most_frequent,2021-09-14,5,0,1,1.0,-0.002898530080714945
naive_most_frequent,2021-09-15,5,1,1,1.0,0.006852190614617948
naive_most_frequent,2021-09-16,5,0,1,1.0,-0.009795875135206966
naive_most_frequent,2021-09-17,5,0,1,1.0,-0.019993731333892928
naive_most_frequent,2021-09-20,5,1,1,1.0,0.0036127509976331407
naive_most_frequent,2021-09-21,5,1,1,1.0,0.0035998307125411078
naive_most_frequent,2021-09-22,5,1,1,1.0,0.010866114454413767
naive_most_frequent,2021-09-23,5,0,1,1.0,-0.003965748278021097
naive_most_frequent,2021-09-24,5,1,1,1.0,0.005867539692633317
naive_most_frequent,2021-09-27,5,0,1,1.0,-0.015000020833333405
naive_most_frequent,2021-09-28,5,0,1,1.0,-0.010575296331964856
naive_most_frequent,2021-09-29,5,1,1,1.0,0.017956392004198296
naive_most_frequent,2021-09-30,5,0,1,1.0,-0.03380933502329553
naive_most_frequent,2021-10-01,5,1,1,1.0,0.012388687645795038
naive_most_frequent,2021-10-04,5,0,1,1.0,-0.004186421031068144
naive_most_frequent,2021-10-05,5,0,1,1.0,-0.006036412828600235
naive_most_frequent,2021-10-06,5,1,1,1.0,0.006940668115613002
naive_most_frequent,2021-10-07,5,1,1,1.0,0.007646742221792957
naive_most_frequent,2021-10-08,5,0,1,1.0,-0.0011757268314606106
naive_most_frequent,2021-10-11,5,0,1,1.0,-0.00428029976287736
naive_most_frequent,2021-10-12,5,1,1,1.0,0.0010746802447711978
naive_most_frequent,2021-10-13,5,1,1,1.0,0.006441202223484543
naive_most_frequent,2021-10-14,5,1,1,1.0,0.006613365333333343
naive_most_frequent,2021-10-15,5,1,1,1.0,0.002861036255344951
naive_most_frequent,2021-10-18,5,0,1,1.0,-0.0011622992515035735
naive_most_frequent,2021-10-19,5,1,1,1.0,0.007087675945072203
naive_most_frequent,2021-10-20,5,0,1,1.0,-0.0011554727254875496
naive_most_frequent,2021-10-21,5,0,1,1.0,-0.0008412451715741343
naive_most_frequent,2021-10-22,5,1,1,1.0,0.0036838121527458245
naive_most_frequent,2021-10-25,5,1,1,1.0,0.0012584102217028104
naive_most_frequent,2021-10-26,5,1,1,1.0,0.00041887304926047086
naive_most_frequent,2021-10-27,5,0,1,1.0,-0.0031406617401800174
naive_most_frequent,2021-10-28,5,0,1,1.0,-0.015752992903245167
naive_most_frequent,2021-10-29,5,1,1,1.0,0.00928291710112128
naive_most_frequent,2021-11-01,5,0,1,1.0,-0.006554551498236694
naive_most_frequent,2021-11-02,5,1,1,1.0,0.009151867519933354
naive_most_frequent,2021-11-03,5,1,1,1.0,0.0048507749688755375
naive_most_frequent,2021-11-04,5,1,1,1.0,0.0051421764598365005
naive_most_frequent,2021-11-05,5,1,1,1.0,0.0006264042663020053
naive_most_frequent,2021-11-08,5,0,1,1.0,-0.002295419544883992
naive_most_frequent,2021-11-09,5,0,1,1.0,-0.0017779334309370176
naive_most_frequent,2021-11-10,5,0,1,1.0,-0.005657339098711467
naive_most_frequent,2021-11-11,5,1,1,1.0,0.008428984999305111
naive_most_frequent,2021-11-12,5,1,1,1.0,0.005119611379371225
naive_most_frequent,2021-11-15,5,0,1,1.0,-0.006860665494615281
naive_most_frequent,2021-11-16,5,0,1,1.0,-0.006594065243939018
naive_most_frequent,2021-11-17,5,1,1,1.0,0.0018964491878010747
naive_most_frequent,2021-11-18,5,1,1,1.0,0.0019981386895842057
naive_most_frequent,2021-11-19,5,0,1,1.0,-0.004513024816467537
naive_most_frequent,2021-11-22,5,1,1,1.0,0.008961507832609517
naive_most_frequent,2021-11-23,5,0,1,1.0,-0.005015632341137888
naive_most_frequent,2021-11-24,5,1,1,1.0,0.0018903696503846934
naive_most_frequent,2021-11-25,5,0,1,1.0,-0.01719077532094815
naive_most_frequent,2021-11-26,5,0,1,1.0,-0.005759396208204093
naive_most_frequent,2021-11-29,5,1,1,1.0,0.00461275472417122
naive_most_frequent,2021-11-30,5,0,1,1.0,-0.004484772995520081
naive_most_frequent,2021-12-01,5,0,1,1.0,-0.002252558116940029
naive_most_frequent,2021-12-02,5,1,1,1.0,0.0019350677897784774
naive_most_frequent,2021-12-03,5,1,1,1.0,0.0016094528415060427
naive_most_frequent,2021-12-06,6,1,1,1.0,0.006855918732853183
naive_most_frequent,2021-12-07,6,1,1,1.0,0.013192946338822065
naive_most_frequent,2021-12-08,6,0,1,1.0,-0.0030452692519603586
naive_most_frequent,2021-12-09,6,0,1,1.0,-0.004002569959920765
naive_most_frequent,2021-12-10,6,1,1,1.0,0.0054991963938071375
naive_most_frequent,2021-12-13,6,0,1,1.0,-0.0006311001129342131
naive_most_frequent,2021-12-14,6,0,1,1.0,-0.00884021286592962
naive_most_frequent,2021-12-15,6,0,1,1.0,-0.0030792206413251533
naive_most_frequent,2021-12-16,6,1,1,1.0,0.0023431888629585895
naive_most_frequent,2021-12-17,6,0,1,1.0,-0.0022314206542192183
naive_most_frequent,2021-12-20,6,1,1,1.0,0.007774174488303087
naive_most_frequent,2021-12-21,6,1,1,1.0,0.0008454190271187656
naive_most_frequent,2021-12-22,6,1,1,1.0,0.0034843417113752384
naive_most_frequent,2021-12-23,6,1,1,1.0,0.004945296665137766
naive_most_frequent,2021-12-24,6,1,1,1.0,0.011831190203513975
naive_most_frequent,2021-12-29,6,1,1,1.0,0.0012417529102002334
naive_most_frequent,2021-12-30,6,0,1,1.0,-0.0091980051840016
naive_most_frequent,2021-12-31,6,1,1,1.0,0.013142734542315626
naive_most_frequent,2022-01-04,6,0,1,1.0,-0.004221105864957497
naive_most_frequent,2022-01-05,6,0,1,1.0,-0.02615797119356922
naive_most_frequent,2022-01-06,6,1,1,1.0,0.011784700885769217
naive_most_frequent,2022-01-07,6,0,1,1.0,-0.001049380869379446
naive_most_frequent,2022-01-10,6,0,1,1.0,-0.007247846867053931
naive_most_frequent,2022-01-11,6,1,1,1.0,0.005502031414622133
naive_most_frequent,2022-01-12,6,1,1,1.0,0.005682426661921758
naive_most_frequent,2022-01-13,6,0,1,1.0,-0.010672773883017572
naive_most_frequent,2022-01-14,6,1,1,1.0,0.0030670861004626904
naive_most_frequent,2022-01-17,6,0,1,1.0,-0.0014761599104242684
naive_most_frequent,2022-01-18,6,0,1,1.0,-0.009292471255305301
naive_most_frequent,2022-01-19,6,1,1,1.0,0.0012790662971648992
naive_most_frequent,2022-01-20,6,0,1,1.0,-0.02203533059324403
naive_most_frequent,2022-01-21,6,0,1,1.0,-0.005986752825076103
naive_most_frequent,2022-01-24,6,0,1,1.0,-0.02496713753832669
naive_most_frequent,2022-01-25,6,0,1,1.0,-0.01841867679224307
naive_most_frequent,2022-01-27,6,1,1,1.0,0.022425617335798176
naive_most_frequent,2022-01-28,6,0,1,1.0,-0.00279767230530803
naive_most_frequent,2022-01-31,6,1,1,1.0,0.005049904555606499
naive_most_frequent,2022-02-01,6,1,1,1.0,0.012505605460152225
naive_most_frequent,2022-02-02,6,0,1,1.0,-0.0016541795324217512
naive_most_frequent,2022-02-03,6,1,1,1.0,0.0061857616943086224
naive_most_frequent,2022-02-04,6,0,1,1.0,-0.0016466572245759092
naive_most_frequent,2022-02-07,6,1,1,1.0,0.010336430386267192
naive_most_frequent,2022-02-08,6,1,1,1.0,0.010992621168675054
naive_most_frequent,2022-02-09,6,1,1,1.0,0.003121983024243491
naive_most_frequent,2022-02-10,6,0,1,1.0,-0.009980682549903475
naive_most_frequent,2022-02-11,6,1,1,1.0,0.002493257452574449
naive_most_frequent,2022-02-14,6,0,1,1.0,-0.004000886548414129
naive_most_frequent,2022-02-15,6,1,1,1.0,0.012376495360151063
naive_most_frequent,2022-02-16,6,1,1,1.0,0.00160860053619305
naive_most_frequent,2022-02-17,6,0,1,1.0,-0.009743083303145994
naive_most_frequent,2022-02-18,6,1,1,1.0,0.0012974700248127302
naive_most_frequent,2022-02-21,6,0,1,1.0,-0.00982619576907251
naive_most_frequent,2022-02-22,6,1,1,1.0,0.005888778818607943
naive_most_frequent,2022-02-23,6,0,1,1.0,-0.023633998777840448
naive_most_frequent,2022-02-24,6,1,1,1.0,0.002998045813858541
naive_most_frequent,2022-02-25,6,1,1,1.0,0.007417225563661534
naive_most_frequent,2022-02-28,6,1,1,1.0,0.0061538241758241075
naive_most_frequent,2022-03-01,6,1,1,1.0,0.004587210672503561
naive_most_frequent,2022-03-02,6,1,1,1.0,0.009567275182628565
naive_most_frequent,2022-03-03,6,0,1,1.0,-0.010122797651057391
naive_most_frequent,2022-03-04,6,0,1,1.0,-0.010552665590789156
naive_most_frequent,2022-03-07,6,0,1,1.0,-0.00758653131126541
naive_most_frequent,2022-03-08,6,1,1,1.0,0.010857478155163358
naive_most_frequent,2022-03-09,7,1,1,1.0,0.012494509261168574
naive_most_frequent,2022-03-10,7,0,1,1.0,-0.00974230384527952
naive_most_frequent,2022-03-11,7,1,1,1.0,0.01224305819054261
naive_most_frequent,2022-03-14,7,0,1,1.0,-0.007019449395668453
naive_most_frequent,2022-03-15,7,1,1,1.0,0.010766775772706128
naive_most_frequent,2022-03-16,7,1,1,1.0,0.011082407766679347
naive_most_frequent,2022-03-17,7,1,1,1.0,0.0025539852872833446
naive_most_frequent,2022-03-18,7,1,1,1.0,0.0008491879933043567
naive_most_frequent,2022-03-21,7,1,1,1.0,0.009014720447399371
naive_most_frequent,2022-03-22,7,1,1,1.0,0.005255413130706543
naive_most_frequent,2022-03-23,7,1,1,1.0,0.0011501568501688375
naive_most_frequent,2022-03-24,7,1,1,1.0,0.003028731070496171
naive_most_frequent,2022-03-25,7,1,1,1.0,0.0005205643427679263
naive_most_frequent,2022-03-28,7,1,1,1.0,0.006868602637885468
naive_most_frequent,2022-03-29,7,1,1,1.0,0.0069250439276487
naive_most_frequent,2022-03-30,7,0,1,1.0,-0.0021556046428989895
naive_most_frequent,2022-03-31,7,0,1,1.0,-0.021602695418194595
naive_most_frequent,2022-04-01,7,1,1,1.0,0.003364514736994062
naive_most_frequent,2022-04-04,7,1,1,1.0,0.0023053756680289084
naive_most_frequent,2022-04-05,7,0,1,1.0,-0.005331970615118253
naive_most_frequent,2022-04-06,7,0,1,1.0,-0.006621789012211443
naive_most_frequent,2022-04-07,7,1,1,1.0,0.004549782995454832
naive_most_frequent,2022-04-08,7,1,1,1.0,0.001263914024353996
naive_most_frequent,2022-04-11,7,0,1,1.0,-0.004839049123480876
naive_most_frequent,2022-04-12,7,1,1,1.0,0.0033826639192953145
naive_most_frequent,2022-04-13,7,1,1,1.0,0.006742520158923515
naive_most_frequent,2022-04-14,7,1,1,1.0,0.005755577768011388
naive_most_frequent,2022-04-19,7,1,1,1.0,0.0011445218900787424
naive_most_frequent,2022-04-20,7,1,1,1.0,0.0031178133120162155
naive_most_frequent,2022-04-21,7,0,1,1.0,-0.016576865413702735
naive_most_frequent,2022-04-22,7,0,1,1.0,-0.020227539406395767
naive_most_frequent,2022-04-26,7,0,1,1.0,-0.008279537634408696
naive_most_frequent,2022-04-27,7,1,1,1.0,0.01290247166098446
naive_most_frequent,2022-04-28,7,1,1,1.0,0.010383226512165056
naive_most_frequent,2022-04-29,7,0,1,1.0,-0.011547791201904745
naive_most_frequent,2022-05-02,7,0,1,1.0,-0.004715991273869569
naive_most_frequent,2022-05-03,7,0,1,1.0,-0.0011845896921753862
naive_most_frequent,2022-05-04,7,1,1,1.0,0.007439374663072762
naive_most_frequent,2022-05-05,7,0,1,1.0,-0.02129714209552358
naive_most_frequent,2022-05-06,7,0,1,1.0,-0.01115360342767413
naive_most_frequent,2022-05-09,7,0,1,1.0,-0.01105827712042462
naive_most_frequent,2022-05-10,7,1,1,1.0,0.004920082746281862
naive_most_frequent,2022-05-11,7,0,1,1.0,-0.018582462938161903
naive_most_frequent,2022-05-12,7,1,1,1.0,0.01961454715242228
naive_most_frequent,2022-05-13,7,1,1,1.0,0.0027799399532970615
naive_most_frequent,2022-05-16,7,1,1,1.0,0.0032158017298735686
naive_most_frequent,2022-05-17,7,1,1,1.0,0.009948071073857978
naive_most_frequent,2022-05-18,7,0,1,1.0,-0.014556221476757503
naive_most_frequent,2022-05-19,7,1,1,1.0,0.011328265089646017
naive_most_frequent,2022-05-20,7,0,1,1.0,-0.00032944213330632355
naive_most_frequent,2022-05-23,7,0,1,1.0,-0.0028562232544899757
naive_most_frequent,2022-05-24,7,1,1,1.0,0.003305089896609603
naive_most_frequent,2022-05-25,7,0,1,1.0,-0.007137388821785273
naive_most_frequent,2022-05-26,7,1,1,1.0,0.011280734600325859
naive_most_frequent,2022-05-27,7,1,1,1.0,0.014435695222316358
naive_most_frequent,2022-05-30,7,0,1,1.0,-0.01078050860757851
naive_most_frequent,2022-05-31,7,1,1,1.0,0.0027244986328573972
naive_most_frequent,2022-06-01,7,0,1,1.0,-0.008694739513210759
naive_most_frequent,2022-06-02,7,1,1,1.0,0.009209560456195254
naive_most_frequent,2022-06-03,7,0,1,1.0,-0.004019587049877593
naive_most_frequent,2022-06-06,7,0,1,1.0,-0.015161420157068117
naive_most_frequent,2022-06-07,7,1,1,1.0,0.0034333480625390322
naive_most_frequent,2022-06-08,7,0,1,1.0,-0.014348731001075699
naive_most_frequent,2022-06-09,8,0,1,1.0,-0.012654030929875715
naive_most_frequent,2022-06-10,8,0,1,1.0,-0.03595325022010332
naive_most_frequent,2022-06-14,8,0,1,1.0,-0.013294082352941161
naive_most_frequent,2022-06-15,8,0,1,1.0,-0.0019077619443986782
naive_most_frequent,2022-06-16,8,0,1,1.0,-0.016724417832091998
naive_most_frequent,2022-06-17,8,0,1,1.0,-0.005345583898568429
naive_most_frequent,2022-06-20,8,1,1,1.0,0.0129473184458051
naive_most_frequent,2022-06-21,8,0,1,1.0,-0.0022911129868564695
naive_most_frequent,2022-06-22,8,1,1,1.0,0.0031423979488129916
naive_most_frequent,2022-06-23,8,1,1,1.0,0.007469915662650539
naive_most_frequent,2022-06-24,8,1,1,1.0,0.01985166156954099
naive_most_frequent,2022-06-27,8,1,1,1.0,0.0085600728020645
naive_most_frequent,2022-06-28,8,0,1,1.0,-0.007789861462856429
naive_most_frequent,2022-06-29,8,0,1,1.0,-0.018631310927176514
naive_most_frequent,2022-06-30,8,0,1,1.0,-0.030805994029850625
naive_most_frequent,2022-07-01,8,1,1,1.0,0.011087865247945361
naive_most_frequent,2022-07-04,8,1,1,1.0,0.0012184476666261546
naive_most_frequent,2022-07-05,8,0,1,1.0,-0.004624522444311108
naive_most_frequent,2022-07-06,8,1,1,1.0,0.008680755487458613
naive_most_frequent,2022-07-07,8,1,1,1.0,0.004363648484848381
naive_most_frequent,2022-07-08,8,0,1,1.0,-0.010982428059589378
naive_most_frequent,2022-07-11,8,0,1,1.0,-0.00048801710145263133
naive_most_frequent,2022-07-12,8,1,1,1.0,0.00219743610316514
naive_most_frequent,2022-07-13,8,1,1,1.0,0.0054818494570276766
naive_most_frequent,2022-07-14,8,0,1,1.0,-0.007148097805329656
naive_most_frequent,2022-07-15,8,1,1,1.0,0.012324613019814912
naive_most_frequent,2022-07-18,8,0,1,1.0,-0.005544828900009957
naive_most_frequent,2022-07-19,8,1,1,1.0,0.017212096969696944
naive_most_frequent,2022-07-20,8,1,1,1.0,0.004885653119295563
naive_most_frequent,2022-07-21,8,0,1,1.0,-0.00035573341976191664
naive_most_frequent,2022-07-22,8,0,1,1.0,-0.00023729536522076877
naive_most_frequent,2022-07-25,8,1,1,1.0,0.002254413885315776
naive_most_frequent,2022-07-26,8,1,1,1.0,0.003196365535736323
naive_most_frequent,2022-07-27,8,1,1,1.0,0.009086665307686204
naive_most_frequent,2022-07-28,8,1,1,1.0,0.008770903782694406
naive_most_frequent,2022-07-29,8,1,1,1.0,0.006955703525256096
naive_most_frequent,2022-08-01,8,1,1,1.0,0.0003453603460124022
naive_most_frequent,2022-08-02,8,0,1,1.0,-0.0032224422053452884
naive_most_frequent,2022-08-03,8,1,1,1.0,0.00034635722957676585
naive_most_frequent,2022-08-04,8,1,1,1.0,0.0063481418091890784
naive_most_frequent,2022-08-05,8,1,1,1.0,0.0006881293568496982
naive_most_frequent,2022-08-08,8,1,1,1.0,0.0008022922636101715
naive_most_frequent,2022-08-09,8,0,1,1.0,-0.00480987173614289
naive_most_frequent,2022-08-10,8,1,1,1.0,0.011277272467726807
naive_most_frequent,2022-08-11,8,0,1,1.0,-0.004437858594829036
naive_most_frequent,2022-08-12,8,1,1,1.0,0.004914847523485033
naive_most_frequent,2022-08-15,8,1,1,1.0,0.005573316778282766
naive_most_frequent,2022-08-16,8,1,1,1.0,0.004976744486969942
naive_most_frequent,2022-08-17,8,0,1,1.0,-0.0028137310706524143
naive_most_frequent,2022-08-18,8,1,1,1.0,0.00045147856549609955
naive_most_frequent,2022-08-19,8,0,1,1.0,-0.009250891349852242
naive_most_frequent,2022-08-22,8,0,1,1.0,-0.01207012070143465
naive_most_frequent,2022-08-23,8,1,1,1.0,0.0062240777726123575
naive_most_frequent,2022-08-24,8,1,1,1.0,0.007216460233111288
naive_most_frequent,2022-08-25,8,1,1,1.0,0.007505925167746952
naive_most_frequent,2022-08-26,8,0,1,1.0,-0.019641021318027807
naive_most_frequent,2022-08-29,8,1,1,1.0,0.005066240761456342
naive_most_frequent,2022-08-30,8,0,1,1.0,-0.00045825409029387476
naive_most_frequent,2022-08-31,8,0,1,1.0,-0.013638991404011591
naive_most_frequent,2022-09-01,8,0,1,1.0,-0.0019753544498105624
naive_most_frequent,2022-09-02,8,1,1,1.0,0.004307870582231477
naive_most_frequent,2022-09-05,8,0,1,1.0,-0.00313011817458575
naive_most_frequent,2022-09-06,8,0,1,1.0,-0.013722526194267504
naive_most_frequent,2022-09-07,9,1,1,1.0,0.01957319937680002
naive_most_frequent,2022-09-08,9,1,1,1.0,0.00693881106812988
naive_most_frequent,2022-09-09,9,1,1,1.0,0.010106776157114972
naive_most_frequent,2022-09-12,9,1,1,1.0,0.0068221264407775095
naive_most_frequent,2022-09-13,9,0,1,1.0,-0.026425792441813978
naive_most_frequent,2022-09-14,9,1,1,1.0,0.0032478715143007264
naive_most_frequent,2022-09-15,9,0,1,1.0,-0.015261880339042078
naive_most_frequent,2022-09-16,9,0,1,1.0,-0.0016437595783436176
naive_most_frequent,2022-09-19,9,1,1,1.0,0.013054216312527567
naive_most_frequent,2022-09-20,9,0,1,1.0,-0.015788251866592162
naive_most_frequent,2022-09-21,9,0,1,1.0,-0.018872363987642804
naive_most_frequent,2022-09-23,9,0,1,1.0,-0.01574894205337829
naive_most_frequent,2022-09-26,9,1,1,1.0,0.002687101403917147
naive_most_frequent,2022-09-27,9,0,1,1.0,-0.00438534556634651
naive_most_frequent,2022-09-28,9,1,1,1.0,0.014070646736670245
naive_most_frequent,2022-09-29,9,0,1,1.0,-0.015082046877969879
naive_most_frequent,2022-09-30,9,0,1,1.0,-0.017518069981063533
naive_most_frequent,2022-10-03,9,1,1,1.0,0.036409053731012
naive_most_frequent,2022-10-04,9,1,1,1.0,0.01816643341555224
naive_most_frequent,2022-10-05,9,1,1,1.0,0.00035456695100677393
naive_most_frequent,2022-10-06,9,0,1,1.0,-0.007559732692665522
naive_most_frequent,2022-10-07,9,0,1,1.0,-0.014163235449770495
naive_most_frequent,2022-10-10,9,0,1,1.0,-0.0036219122631433454
naive_most_frequent,2022-10-11,9,1,1,1.0,0.00024238459035963444
naive_most_frequent,2022-10-12,9,0,1,1.0,-0.0016959296779189836
naive_most_frequent,2022-10-13,9,1,1,1.0,0.01820167367058989
naive_most_frequent,2022-10-14,9,0,1,1.0,-0.014658609717144055
naive_most_frequent,2022-10-17,9,1,1,1.0,0.01777941461054655
naive_most_frequent,2022-10-18,9,1,1,1.0,0.002614390906372055
naive_most_frequent,2022-10-19,9,0,1,1.0,-0.010193208123982167
naive_most_frequent,2022-10-20,9,0,1,1.0,-0.007783510770362656
naive_most_frequent,2022-10-21,9,1,1,1.0,0.014844255191355904
naive_most_frequent,2022-10-24,9,1,1,1.0,0.0034486979878083357
naive_most_frequent,2022-10-25,9,1,1,1.0,0.001303638349264169
naive_most_frequent,2022-10-26,9,1,1,1.0,0.005681181339358021
naive_most_frequent,2022-10-27,9,0,1,1.0,-0.008708932461940266
naive_most_frequent,2022-10-28,9,1,1,1.0,0.01139735208130066
naive_most_frequent,2022-10-31,9,1,1,1.0,0.016081652398599378
naive_most_frequent,2022-11-01,9,1,1,1.0,0.002195032398221608
naive_most_frequent,2022-11-02,9,0,1,1.0,-0.018674386167146895
naive_most_frequent,2022-11-03,9,1,1,1.0,0.004581228870476739
naive_most_frequent,2022-11-04,9,1,1,1.0,0.007717528334338031
naive_most_frequent,2022-11-07,9,1,1,1.0,0.003481120909723634
naive_most_frequent,2022-11-08,9,1,1,1.0,0.006244148719560139
naive_most_frequent,2022-11-09,9,0,1,1.0,-0.005515927563178424
naive_most_frequent,2022-11-10,9,1,1,1.0,0.02750169831867688
naive_most_frequent,2022-11-11,9,0,1,1.0,-0.0013494714653502493
naive_most_frequent,2022-11-14,9,1,1,1.0,0.0010134684342295586
naive_most_frequent,2022-11-15,9,0,1,1.0,-0.0029249859705814396
naive_most_frequent,2022-11-16,9,1,1,1.0,0.0034977435461269746
naive_most_frequent,2022-11-17,9,1,1,1.0,0.0016864627459756143
naive_most_frequent,2022-11-18,9,0,1,1.0,-0.0019081603730232155
naive_most_frequent,2022-11-21,9,1,1,1.0,0.006072885876583056
naive_most_frequent,2022-11-22,9,1,1,1.0,0.006036228549477274
naive_most_frequent,2022-11-23,9,1,1,1.0,0.0014444111111111546
naive_most_frequent,2022-11-24,9,1,1,1.0,0.0023299568067221
naive_most_frequent,2022-11-25,9,0,1,1.0,-0.004095583533123004
naive_most_frequent,2022-11-28,9,1,1,1.0,0.0030009669556412266
naive_most_frequent,2022-11-29,9,1,1,1.0,0.004543484143251009
naive_most_frequent,2022-11-30,9,1,1,1.0,0.009817969998500375
naive_most_frequent,2022-12-01,9,0,1,1.0,-0.006773028110410362
naive_most_frequent,2022-12-02,9,1,1,1.0,0.0034096459175019245
naive_most_frequent,2022-12-05,9,0,1,1.0,-0.004713361677736616
naive_most_frequent,2022-12-06,10,0,1,1.0,-0.00892075961715555
naive_most_frequent,2022-12-07,10,0,1,1.0,-0.007556395322955822
naive_most_frequent,2022-12-08,10,1,1,1.0,0.005598477339569641
naive_most_frequent,2022-12-09,10,0,1,1.0,-0.004565148748806203
naive_most_frequent,2022-12-12,10,1,1,1.0,0.0025726509491577065
naive_most_frequent,2022-12-13,10,1,1,1.0,0.007028952594966498
naive_most_frequent,2022-12-14,10,0,1,1.0,-0.006647440579493846
naive_most_frequent,2022-12-15,10,0,1,1.0,-0.007584217819129324
naive_most_frequent,2022-12-16,10,0,1,1.0,-0.0020229264321331986
naive_most_frequent,2022-12-19,10,0,1,1.0,-0.015315326059166856
naive_most_frequent,2022-12-20,10,1,1,1.0,0.012122575203051822
naive_most_frequent,2022-12-21,10,1,1,1.0,0.005084711864406843
naive_most_frequent,2022-12-22,10,0,1,1.0,-0.006632895108473091
naive_most_frequent,2022-12-23,10,0,1,1.0,-0.0021503281784706063
naive_most_frequent,2022-12-28,10,0,1,1.0,-0.008279414954733277
naive_most_frequent,2022-12-29,10,1,1,1.0,0.0029734102705074594
naive_most_frequent,2022-12-30,10,0,1,1.0,-0.021436682603307333
naive_most_frequent,2023-01-03,10,1,1,1.0,0.015963668142624288
naive_most_frequent,2023-01-04,10,1,1,1.0,0.0014909737013193425
naive_most_frequent,2023-01-05,10,1,1,1.0,0.0062987059092991515
naive_most_frequent,2023-01-06,10,1,1,1.0,0.006031626060147177
naive_most_frequent,2023-01-09,10,0,1,1.0,-0.0029412103406966095
naive_most_frequent,2023-01-10,10,1,1,1.0,0.009303381090349117
naive_most_frequent,2023-01-11,10,1,1,1.0,0.01169065885443632
naive_most_frequent,2023-01-12,10,1,1,1.0,0.0072222444444445255
naive_most_frequent,2023-01-13,10,1,1,1.0,0.008383915976085676
naive_most_frequent,2023-01-16,10,0,1,1.0,-0.0010940378035647624
naive_most_frequent,2023-01-17,10,1,1,1.0,0.0009856970974855273
naive_most_frequent,2023-01-18,10,1,1,1.0,0.006017450634191457
naive_most_frequent,2023-01-19,10,1,1,1.0,0.0013050897652557847
naive_most_frequent,2023-01-20,10,1,1,1.0,0.00141193657000116
naive_most_frequent,2023-01-23,10,1,1,1.0,0.004555379757767319
naive_most_frequent,2023-01-24,10,0,1,1.0,-0.002915191009009166
naive_most_frequent,2023-01-25,10,1,1,1.0,0.0025987872788042488
naive_most_frequent,2023-01-27,10,0,1,1.0,-0.0011879577141358233
naive_most_frequent,2023-01-30,10,0,1,1.0,-0.00043253675067456143
naive_most_frequent,2023-01-31,10,1,1,1.0,0.002704456886532647
naive_most_frequent,2023-02-01,10,1,1,1.0,0.0016182327841571809
naive_most_frequent,2023-02-02,10,1,1,1.0,0.0063550627468791365
naive_most_frequent,2023-02-03,10,0,1,1.0,-0.002782853473188518
naive_most_frequent,2023-02-06,10,0,1,1.0,-0.00558115285137184
naive_most_frequent,2023-02-07,10,1,1,1.0,0.004101424628139894
naive_most_frequent,2023-02-08,10,0,1,1.0,-0.005267096692111117
naive_most_frequent,2023-02-09,10,0,1,1.0,-0.007996520337189117
naive_most_frequent,2023-02-10,10,0,1,1.0,-0.0021787036325042752
naive_most_frequent,2023-02-13,10,1,1,1.0,0.0016375764549689809
naive_most_frequent,2023-02-14,10,0,1,1.0,-0.009700261580381508
naive_most_frequent,2023-02-15,10,1,1,1.0,0.0077041271439122205
naive_most_frequent,2023-02-16,10,0,1,1.0,-0.008191350113397777
naive_most_frequent,2023-02-17,10,1,1,1.0,0.000660775259569979
naive_most_frequent,2023-02-20,10,0,1,1.0,-0.0018708704125386388
naive_most_frequent,2023-02-21,10,0,1,1.0,-0.0019845645639877674
naive_most_frequent,2023-02-22,10,0,1,1.0,-0.0029827331965113224
naive_most_frequent,2023-02-23,10,1,1,1.0,0.00265925761772845
naive_most_frequent,2023-02-24,10,0,1,1.0,-0.010719427797976078
naive_most_frequent,2023-02-27,10,1,1,1.0,0.004356646705428346
naive_most_frequent,2023-02-28,10,1,1,1.0,0.0005560560313175866
naive_most_frequent,2023-03-01,10,1,1,1.0,0.0015562361222347665
naive_most_frequent,2023-03-02,10,1,1,1.0,0.003995571675817322
naive_most_frequent,2023-03-03,10,1,1,1.0,0.00641169584801804
naive_most_frequent,2023-03-06,10,1,1,1.0,0.005492091328074489
naive_most_frequent,2023-03-07,10,0,1,1.0,-0.006008335088394934
naive_most_frequent,2023-03-08,10,1,1,1.0,0.005055489725365181
naive_most_frequent,2023-03-09,11,0,1,1.0,-0.023072729023708938
naive_most_frequent,2023-03-10,11,0,1,1.0,-0.005260723315904325
naive_most_frequent,2023-03-13,11,0,1,1.0,-0.014965702206626408
naive_most_frequent,2023-03-14,11,1,1,1.0,0.009252878578331236
naive_most_frequent,2023-03-15,11,0,1,1.0,-0.013355970873932477
naive_most_frequent,2023-03-16,11,1,1,1.0,0.003670987809360593
naive_most_frequent,2023-03-17,11,0,1,1.0,-0.013715819264277451
naive_most_frequent,2023-03-20,11,1,1,1.0,0.00857570971635524
naive_most_frequent,2023-03-21,11,1,1,1.0,0.008502792238340717
naive_most_frequent,2023-03-22,11,0,1,1.0,-0.007063860330313143
naive_most_frequent,2023-03-23,11,0,1,1.0,-0.0019506482627504873
naive_most_frequent,2023-03-24,11,1,1,1.0,0.0013795699685132945
naive_most_frequent,2023-03-27,11,1,1,1.0,0.0097588865616276
naive_most_frequent,2023-03-28,11,1,1,1.0,0.0026151564280327833
naive_most_frequent,2023-03-29,11,1,1,1.0,0.00986621682921296
naive_most_frequent,2023-03-30,11,1,1,1.0,0.008197596579530675
naive_most_frequent,2023-03-31,11,1,1,1.0,0.00011140565951661685
naive_most_frequent,2023-04-03,11,1,1,1.0,0.0015591825196661357
naive_most_frequent,2023-04-04,11,1,1,1.0,0.00011121983765161048
naive_most_frequent,2023-04-05,11,0,1,1.0,-0.002334878756173553
naive_most_frequent,2023-04-06,11,1,1,1.0,0.012816159161390006
naive_most_frequent,2023-04-11,11,1,1,1.0,0.004731525244218382
naive_most_frequent,2023-04-12,11,0,1,1.0,-0.003614007307283007
naive_most_frequent,2023-04-13,11,1,1,1.0,0.005825444960690929
naive_most_frequent,2023-04-14,11,1,1,1.0,0.002841164837915855
naive_most_frequent,2023-04-17,11,0,1,1.0,-0.0032689986902800783
naive_most_frequent,2023-04-18,11,1,1,1.0,0.0009838963487056596
naive_most_frequent,2023-04-19,11,0,1,1.0,-0.00032764308273569576
naive_most_frequent,2023-04-20,11,0,1,1.0,-0.0050256637717215336
naive_most_frequent,2023-04-21,11,0,1,1.0,-0.0006588119029317108
naive_most_frequent,2023-04-24,11,0,1,1.0,-0.0005494231282403561
naive_most_frequent,2023-04-26,11,0,1,1.0,-0.003957794678515758
naive_most_frequent,2023-04-27,11,1,1,1.0,0.0030904967569647113
naive_most_frequent,2023-04-28,11,1,1,1.0,0.00352112687679762
naive_most_frequent,2023-05-01,11,0,1,1.0,-0.010087697700253084
naive_most_frequent,2023-05-02,11,0,1,1.0,-0.009636630589683559
naive_most_frequent,2023-05-03,11,1,1,1.0,0.00044729893983674884
naive_most_frequent,2023-05-04,11,1,1,1.0,0.0034656792665963554
naive_most_frequent,2023-05-05,11,1,1,1.0,0.008244184308284552
naive_most_frequent,2023-05-08,11,0,1,1.0,-0.001878430939226572
naive_most_frequent,2023-05-09,11,0,1,1.0,-0.0002214546613206192
naive_most_frequent,2023-05-10,11,1,1,1.0,0.0009966116929822633
naive_most_frequent,2023-05-11,11,1,1,1.0,0.0005530420231627531
naive_most_frequent,2023-05-12,11,1,1,1.0,0.002763958079512241
naive_most_frequent,2023-05-15,11,0,1,1.0,-0.004189603225675964
naive_most_frequent,2023-05-16,11,0,1,1.0,-0.005757274136403812
naive_most_frequent,2023-05-17,11,1,1,1.0,0.005679231436105825
naive_most_frequent,2023-05-18,11,1,1,1.0,0.00697601609956866
training_frequency,2020-06-15,0,1,1,0.5515873015873016,0.03972507216494847
training_frequency,2020-06-16,0,1,1,0.5515873015873016,0.007139093166830923
training_frequency,2020-06-17,0,0,1,0.5515873015873016,-0.008794933053294929
training_frequency,2020-06-18,0,1,1,0.5515873015873016,0.0018540590159168424
training_frequency,2020-06-19,0,0,1,0.5515873015873016,-0.00013222735935947139
training_frequency,2020-06-22,0,1,1,0.5515873015873016,0.0010576679145646306
training_frequency,2020-06-23,0,1,1,0.5515873015873016,0.0018489170384454745
training_frequency,2020-06-24,0,0,1,0.5515873015873016,-0.023332520124802025
training_frequency,2020-06-25,0,1,1,0.5515873015873016,0.013767108315136056
training_frequency,2020-06-26,0,0,1,0.5515873015873016,-0.015177739113596878
training_frequency,2020-06-29,0,1,1,0.5515873015873016,0.015411653164639105
training_frequency,2020-06-30,0,1,1,0.5515873015873016,0.001730754869780915
training_frequency,2020-07-01,0,1,1,0.5515873015873016,0.018208440143764992
training_frequency,2020-07-02,0,1,1,0.5515873015873016,0.002610586051291053
training_frequency,2020-07-03,0,0,1,0.5515873015873016,-0.006119021120141066
training_frequency,2020-07-06,0,0,1,0.5515873015873016,-0.0003929526011503537
training_frequency,2020-07-07,0,0,1,0.5515873015873016,-0.015725291985985823
training_frequency,2020-07-08,0,1,1,0.5515873015873016,0.00732263337341732
training_frequency,2020-07-09,0,0,1,0.5515873015873016,-0.007137205543896186
training_frequency,2020-07-10,0,1,1,0.5515873015873016,0.010649560277573578
training_frequency,2020-07-13,0,0,1,0.5515873015873016,-0.006981019678109046
training_frequency,2020-07-14,0,1,1,0.5515873015873016,0.01870279902775973
training_frequency,2020-07-15,0,0,1,0.5515873015873016,-0.007552109079995817
training_frequency,2020-07-16,0,1,1,0.5515873015873016,0.004198373075329664
training_frequency,2020-07-17,0,0,1,0.5515873015873016,-0.004964685067093244
training_frequency,2020-07-20,0,1,1,0.5515873015873016,0.025735279635752173
training_frequency,2020-07-21,0,0,1,0.5515873015873016,-0.013184932929406035
training_frequency,2020-07-22,0,1,1,0.5515873015873016,0.0028538333300729413
training_frequency,2020-07-23,0,0,1,0.5515873015873016,-0.010477273586270042
training_frequency,2020-07-24,0,1,1,0.5515873015873016,0.0036601176470589802
training_frequency,2020-07-27,0,0,1,0.5515873015873016,-0.0037770383404147623
training_frequency,2020-07-28,0,1,1,0.5515873015873016,0.006667564561839923
training_frequency,2020-07-29,0,0,1,0.5515873015873016,-0.002857155844155801
training_frequency,2020-07-30,0,0,1,0.5515873015873016,-0.01888508750827167
training_frequency,2020-07-31,0,0,1,0.5515873015873016,-0.000796561773620974
training_frequency,2020-08-03,0,1,1,0.5515873015873016,0.01806828821847839
training_frequency,2020-08-04,0,0,1,0.5515873015873016,-0.005741811525844076
training_frequency,2020-08-05,0,1,1,0.5515873015873016,0.007743758820218938
training_frequency,2020-08-06,0,0,1,0.5515873015873016,-0.005209716139746301
training_frequency,2020-08-07,0,1,1,0.5515873015873016,0.016234695583975833
training_frequency,2020-08-10,0,1,1,0.5515873015873016,0.003864918685973384
training_frequency,2020-08-11,0,0,1,0.5515873015873016,-0.0011549794957644854
training_frequency,2020-08-12,0,0,1,0.5515873015873016,-0.0021842219662282503
training_frequency,2020-08-13,0,1,1,0.5515873015873016,0.0019314189064423282
training_frequency,2020-08-14,0,0,1,0.5515873015873016,-0.007196992859452189
training_frequency,2020-08-17,0,1,1,0.5515873015873016,0.007508116504854279
training_frequency,2020-08-18,0,1,1,0.5515873015873016,0.008608479799345314
training_frequency,2020-08-19,0,0,1,0.5515873015873016,-0.008025439490445874
training_frequency,2020-08-20,0,0,1,0.5515873015873016,-0.0008989340863386763
training_frequency,2020-08-21,0,1,1,0.5515873015873016,0.005141310855733439
training_frequency,2020-08-24,0,1,1,0.5515873015873016,0.004347877404650147
training_frequency,2020-08-25,0,0,1,0.5515873015873016,-0.006111573642582635
training_frequency,2020-08-26,0,1,1,0.5515873015873016,0.001793479420791222
training_frequency,2020-08-27,0,0,1,0.5515873015873016,-0.0076726217777219885
training_frequency,2020-08-28,0,0,1,0.5515873015873016,-0.0002576804190124182
training_frequency,2020-08-31,0,0,1,0.5515873015873016,-0.016885859322354646
training_frequency,2020-09-01,0,1,1,0.5515873015873016,0.019273647014828033
training_frequency,2020-09-02,0,1,1,0.5515873015873016,0.008875765600097063
training_frequency,2020-09-03,0,0,1,0.5515873015873016,-0.030600548259594573
training_frequency,2020-09-04,0,1,1,0.5515873015873016,0.0028936078244587993
training_frequency,2020-09-07,0,1,1,0.5515873015873016,0.009836065573770592
training_frequency,2020-09-08,0,0,1,0.5515873015873016,-0.019870116883116906
training_frequency,2020-09-09,0,1,1,0.5515873015873016,0.006227653289682777
training_frequency,2020-09-10,1,0,1,0.5485008818342152,-0.008427692693502964
training_frequency,2020-09-11,1,1,1,0.5485008818342152,0.005577662460385158
training_frequency,2020-09-14,1,0,1,0.5485008818342152,-0.0001320919158466216
training_frequency,2020-09-15,1,1,1,0.5485008818342152,0.010962911252977436
training_frequency,2020-09-16,1,0,1,0.5485008818342152,-0.011627893759761032
training_frequency,2020-09-17,1,0,1,0.5485008818342152,-0.002379391873644665
training_frequency,2020-09-18,1,0,1,0.5485008818342152,-0.006625148978068762
training_frequency,2020-09-21,1,0,1,0.5485008818342152,-0.007202894395052617
training_frequency,2020-09-22,1,1,1,0.5485008818342152,0.02297459357785825
training_frequency,2020-09-23,1,0,1,0.5485008818342152,-0.007748831202375017
training_frequency,2020-09-24,1,1,1,0.5485008818342152,0.013898014008020487
training_frequency,2020-09-25,1,0,1,0.5485008818342152,-0.0009138250891337352
training_frequency,2020-09-28,1,0,1,0.5485008818342152,-0.0015679472307323916
training_frequency,2020-09-29,1,0,1,0.5485008818342152,-0.0206779468301036
training_frequency,2020-09-30,1,1,1,0.5485008818342152,0.003608124987087402
training_frequency,2020-10-01,1,0,1,0.5485008818342152,-0.01478029333635933
training_frequency,2020-10-02,1,1,1,0.5485008818342152,0.023922206350107
training_frequency,2020-10-05,1,1,1,0.5485008818342152,0.002771898026084907
training_frequency,2020-10-06,1,1,1,0.5485008818342152,0.013557970072950232
training_frequency,2020-10-07,1,1,1,0.5485008818342152,0.011298740259740203
training_frequency,2020-10-08,1,1,1,0.5485008818342152,0.001540965652717441
training_frequency,2020-10-09,1,1,1,0.5485008818342152,0.003333786468362243
training_frequency,2020-10-12,1,1,1,0.5485008818342152,0.010990428115015938
training_frequency,2020-10-13,1,0,1,0.5485008818342152,-0.0029073947300291003
training_frequency,2020-10-14,1,1,1,0.5485008818342152,0.005324619877964842
training_frequency,2020-10-15,1,0,1,0.5485008818342152,-0.005422446200916364
training_frequency,2020-10-16,1,1,1,0.5485008818342152,0.008621782352411067
training_frequency,2020-10-19,1,0,1,0.5485008818342152,-0.007919610009316957
training_frequency,2020-10-20,1,1,1,0.5485008818342152,0.0016473011061151066
training_frequency,2020-10-21,1,0,1,0.5485008818342152,-0.003289082734127202
training_frequency,2020-10-22,1,1,1,0.5485008818342152,0.002030663764047924
training_frequency,2020-10-23,1,0,1,0.5485008818342152,-0.004559860844579822
training_frequency,2020-10-26,1,0,1,0.5485008818342152,-0.01641421383963415
training_frequency,2020-10-27,1,0,1,0.5485008818342152,-0.0001293919742797467
training_frequency,2020-10-28,1,0,1,0.5485008818342152,-0.01565531096318673
training_frequency,2020-10-29,1,0,1,0.5485008818342152,-0.006046253784273037
training_frequency,2020-10-30,1,1,1,0.5485008818342152,0.004363845370384256
training_frequency,2020-11-02,1,1,1,0.5485008818342152,0.01935485264074477
training_frequency,2020-11-03,1,0,1,0.5485008818342152,-0.0021957892584808514
training_frequency,2020-11-04,1,1,1,0.5485008818342152,0.013333320388349668
training_frequency,2020-11-05,1,1,1,0.5485008818342152,0.00855899346651734
training_frequency,2020-11-06,1,1,1,0.5485008818342152,0.018999367409729073
training_frequency,2020-11-09,1,1,1,0.5485008818342152,0.0063393663022759394
training_frequency,2020-11-10,1,1,1,0.5485008818342152,0.017292515035727707
training_frequency,2020-11-11,1,0,1,0.5485008818342152,-0.00437106599840853
training_frequency,2020-11-12,1,0,1,0.5485008818342152,-0.001829292682926864
training_frequency,2020-11-13,1,1,1,0.5485008818342152,0.013683604488298196
training_frequency,2020-11-16,1,1,1,0.5485008818342152,0.0014462456135200252
training_frequency,2020-11-17,1,1,1,0.5485008818342152,0.004814081348613941
training_frequency,2020-11-18,1,1,1,0.5485008818342152,0.001437333846863842
training_frequency,2020-11-19,1,0,1,0.5485008818342152,-0.0004784236278145837
training_frequency,2020-11-20,1,1,1,0.5485008818342152,0.004188081847553038
training_frequency,2020-11-23,1,1,1,0.5485008818342152,0.013465264858562032
training_frequency,2020-11-24,1,1,1,0.5485008818342152,0.0044679245925483
training_frequency,2020-11-25,1,0,1,0.5485008818342152,-0.00772565843380546
training_frequency,2020-11-26,1,0,1,0.5485008818342152,-0.004600684367135233
training_frequency,2020-11-27,1,0,1,0.5485008818342152,-0.011495532525321206
training_frequency,2020-11-30,1,1,1,0.5485008818342152,0.010670170930575651
training_frequency,2020-12-01,1,1,1,0.5485008818342152,0.00035586001106069354
training_frequency,2020-12-02,1,1,1,0.5485008818342152,0.00355739348850026
training_frequency,2020-12-03,1,1,1,0.5485008818342152,0.0030722203617707944
training_frequency,2020-12-04,1,1,1,0.5485008818342152,0.005300942458486668
training_frequency,2020-12-07,1,1,1,0.5485008818342152,0.0024608273944610737
training_frequency,2020-12-08,2,1,1,0.5507936507936508,0.0064289302245845725
training_frequency,2020-12-09,2,0,1,0.5507936507936508,-0.00708478529813672
training_frequency,2020-12-10,2,0,1,0.5507936507936508,-0.006433454355677881
training_frequency,2020-12-11,2,1,1,0.5507936507936508,0.0030609252870041903
training_frequency,2020-12-14,2,0,1,0.5507936507936508,-0.004225363998545673
training_frequency,2020-12-15,2,1,1,0.5507936507936508,0.0075436943679252355
training_frequency,2020-12-16,2,1,1,0.5507936507936508,0.010762739444452274
training_frequency,2020-12-17,2,0,1,0.5507936507936508,-0.012037048332475764
training_frequency,2020-12-18,2,0,1,0.5507936507936508,-0.0008200562228202202
training_frequency,2020-12-21,2,0,1,0.5507936507936508,-0.009965986516989211
training_frequency,2020-12-22,2,1,1,0.5507936507936508,0.007342444165266526
training_frequency,2020-12-23,2,1,1,0.5507936507936508,0.003174277055590702
training_frequency,2020-12-24,2,1,1,0.5507936507936508,0.0058596037534370815
training_frequency,2020-12-29,2,0,1,0.5507936507936508,-0.002213713102325099
training_frequency,2020-12-30,2,0,1,0.5507936507936508,-0.012610941296251177
training_frequency,2020-12-31,2,1,1,0.5507936507936508,0.008514676171113456
training_frequency,2021-01-04,2,0,1,0.5507936507936508,-0.00035177064202362995
training_frequency,2021-01-05,2,0,1,0.5507936507936508,-0.010439870967742015
training_frequency,2021-01-06,2,1,1,0.5507936507936508,0.015410182368300385
training_frequency,2021-01-07,2,1,1,0.5507936507936508,0.005253291839678154
training_frequency,2021-01-08,2,0,1,0.5507936507936508,-0.007664661390492822
training_frequency,2021-01-11,2,0,1,0.5507936507936508,-0.003042656631105478
training_frequency,2021-01-12,2,1,1,0.5507936507936508,0.0007042845239044748
training_frequency,2021-01-13,2,1,1,0.5507936507936508,0.005278557184750676
training_frequency,2021-01-14,2,0,1,0.5507936507936508,-0.00035004668669924577
training_frequency,2021-01-15,2,0,1,0.5507936507936508,-0.00828760378866833
training_frequency,2021-01-18,2,1,1,0.5507936507936508,0.013418067483734308
training_frequency,2021-01-19,2,1,1,0.5507936507936508,0.0034843670960365003
training_frequency,2021-01-20,2,1,1,0.5507936507936508,0.007754606301976663
training_frequency,2021-01-21,2,0,1,0.5507936507936508,-0.004019742735729803
training_frequency,2021-01-22,2,1,1,0.5507936507936508,0.004381884174563089
training_frequency,2021-01-25,2,0,1,0.5507936507936508,-0.007003444477691079
training_frequency,2021-01-27,2,0,1,0.5507936507936508,-0.019308567910939378
training_frequency,2021-01-28,2,0,1,0.5507936507936508,-0.005423237443998974
training_frequency,2021-01-29,2,1,1,0.5507936507936508,0.008060692175667628
training_frequency,2021-02-01,2,1,1,0.5507936507936508,0.01481658025850674
training_frequency,2021-02-02,2,1,1,0.5507936507936508,0.008806430748327987
training_frequency,2021-02-03,2,0,1,0.5507936507936508,-0.0081552953860623
training_frequency,2021-02-04,2,1,1,0.5507936507936508,0.011349206979715198
training_frequency,2021-02-05,2,1,1,0.5507936507936508,0.005152833959628289
training_frequency,2021-02-08,2,0,1,0.5507936507936508,-0.008430143636707021
training_frequency,2021-02-09,2,1,1,0.5507936507936508,0.00631887630607908
training_frequency,2021-02-10,2,0,1,0.5507936507936508,-0.0018266469609153901
training_frequency,2021-02-11,2,0,1,0.5507936507936508,-0.006061969575660631
training_frequency,2021-02-12,2,1,1,0.5507936507936508,0.009551219573044278
training_frequency,2021-02-15,2,1,1,0.5507936507936508,0.00797899209008368
training_frequency,2021-02-16,2,0,1,0.5507936507936508,-0.003957910211466853
training_frequency,2021-02-17,2,0,1,0.5507936507936508,-0.0003405880939919559
training_frequency,2021-02-18,2,0,1,0.5507936507936508,-0.012038670799363937
training_frequency,2021-02-19,2,0,1,0.5507936507936508,-0.0029887918838669147
training_frequency,2021-02-22,2,1,1,0.5507936507936508,0.009800518512607326
training_frequency,2021-02-23,2,0,1,0.5507936507936508,-0.007878545150067362
training_frequency,2021-02-24,2,1,1,0.5507936507936508,0.008861836907145149
training_frequency,2021-02-25,2,0,1,0.5507936507936508,-0.024526601664312087
training_frequency,2021-02-26,2,1,1,0.5507936507936508,0.020348473386774035
training_frequency,2021-03-01,2,0,1,0.5507936507936508,-0.0038968022922636347
training_frequency,2021-03-02,2,1,1,0.5507936507936508,0.007018674167820871
training_frequency,2021-03-03,2,0,1,0.5507936507936508,-0.005598697632496541
training_frequency,2021-03-04,2,0,1,0.5507936507936508,-0.007583545990848539
training_frequency,2021-03-05,2,1,1,0.5507936507936508,0.006020562486260594
training_frequency,2021-03-08,2,1,1,0.5507936507936508,0.0036828173976615197
training_frequency,2021-03-09,2,0,1,0.5507936507936508,-0.008599931299162145
training_frequency,2021-03-10,2,1,1,0.5507936507936508,0.0008096229563916424
training_frequency,2021-03-11,3,1,1,0.5454545454545454,0.007974136229910167
training_frequency,2021-03-12,3,1,1,0.5454545454545454,0.0017198119500136944
training_frequency,2021-03-15,3,1,1,0.5454545454545454,0.008698569004284007
training_frequency,2021-03-16,3,0,1,0.5454545454545454,-0.006240724142995369
training_frequency,2021-03-17,3,0,1,0.5454545454545454,-0.005709065866429164
training_frequency,2021-03-18,3,0,1,0.5454545454545454,-0.003330282422363662
training_frequency,2021-03-19,3,1,1,0.5454545454545454,0.004147954785713059
training_frequency,2021-03-22,3,0,1,0.5454545454545454,-0.002294951180838778
training_frequency,2021-03-23,3,1,1,0.5454545454545454,0.005405417092768872
training_frequency,2021-03-24,3,0,1,0.5454545454545454,-0.0008007321162373238
training_frequency,2021-03-25,3,1,1,0.5454545454545454,0.00789929039265691
training_frequency,2021-03-26,3,0,1,0.5454545454545454,-0.003066833222775678
training_frequency,2021-03-29,3,0,1,0.5454545454545454,-0.007975356316806237
training_frequency,2021-03-30,3,1,1,0.5454545454545454,0.009762237280349195
training_frequency,2021-03-31,3,1,1,0.5454545454545454,0.0009099408760222527
training_frequency,2021-04-01,3,1,1,0.5454545454545454,0.0005682159090909522
training_frequency,2021-04-06,3,1,1,0.5454545454545454,0.006473594327986554
training_frequency,2021-04-07,3,1,1,0.5454545454545454,0.009817140267982305
training_frequency,2021-04-08,3,1,1,0.5454545454545454,0.00011176668033896497
training_frequency,2021-04-09,3,0,1,0.5454545454545454,-0.0026815418994413642
training_frequency,2021-04-12,3,0,1,0.5454545454545454,-0.00156844047572402
training_frequency,2021-04-13,3,1,1,0.5454545454545454,0.008639990732495884
training_frequency,2021-04-14,3,1,1,0.5454545454545454,0.004783635607783054
training_frequency,2021-04-15,3,1,1,0.5454545454545454,0.0005536204605847139
training_frequency,2021-04-16,3,1,1,0.5454545454545454,0.0005532256096085764
training_frequency,2021-04-19,3,0,1,0.5454545454545454,-0.006635678094131459
training_frequency,2021-04-20,3,0,1,0.5454545454545454,-0.003562680917390315
training_frequency,2021-04-21,3,1,1,0.5454545454545454,0.008379888268156499
training_frequency,2021-04-22,3,1,1,0.5454545454545454,0.0005540498614959866
training_frequency,2021-04-23,3,0,1,0.5454545454545454,-0.0016611405871160834
training_frequency,2021-04-26,3,0,1,0.5454545454545454,-0.0015529672423080232
training_frequency,2021-04-27,3,1,1,0.5454545454545454,0.006332629567100678
training_frequency,2021-04-28,3,1,1,0.5454545454545454,0.0005519430215954468
training_frequency,2021-04-29,3,0,1,0.5454545454545454,-0.00750303456371082
training_frequency,2021-04-30,3,1,1,0.5454545454545454,0.00044470262739415567
training_frequency,2021-05-03,3,1,1,0.5454545454545454,0.005667318716908953
training_frequency,2021-05-04,3,1,1,0.5454545454545454,0.003425392265193228
training_frequency,2021-05-05,3,0,1,0.5454545454545454,-0.004955368460640153
training_frequency,2021-05-06,3,1,1,0.5454545454545454,0.0026560092667551327
training_frequency,2021-05-07,3,1,1,0.5454545454545454,0.013796909796841339
training_frequency,2021-05-10,3,0,1,0.5454545454545454,-0.010669515746750458
training_frequency,2021-05-11,3,0,1,0.5454545454545454,-0.007153097595913982
training_frequency,2021-05-12,3,0,1,0.5454545454545454,-0.007980503125908811
training_frequency,2021-05-13,3,1,1,0.5454545454545454,0.00536316201117315
training_frequency,2021-05-14,3,1,1,0.5454545454545454,0.0023338407757111934
training_frequency,2021-05-17,3,1,1,0.5454545454545454,0.006209091779374676
training_frequency,2021-05-18,3,0,1,0.5454545454545454,-0.02016531129476573
training_frequency,2021-05-19,3,1,1,0.5454545454545454,0.01394518699831715
training_frequency,2021-05-20,3,1,1,0.5454545454545454,0.001996361934500257
training_frequency,2021-05-21,3,1,1,0.5454545454545454,0.0013283485201835976
training_frequency,2021-05-24,3,1,1,0.5454545454545454,0.009838591751476944
training_frequency,2021-05-25,3,0,1,0.5454545454545454,-0.0028462179057737735
training_frequency,2021-05-26,3,1,1,0.5454545454545454,0.0008782742728412618
training_frequency,2021-05-27,3,1,1,0.5454545454545454,0.01107822773013556
training_frequency,2021-05-28,3,0,1,0.5454545454545454,-0.0015187567802126267
training_frequency,2021-05-31,3,0,1,0.5454545454545454,-0.0027162103138177462
training_frequency,2021-06-01,3,1,1,0.5454545454545454,0.010022856411124659
training_frequency,2021-06-02,3,1,1,0.5454545454545454,0.006148204143546776
training_frequency,2021-06-03,3,1,1,0.5454545454545454,0.004073810077978246
training_frequency,2021-06-04,3,0,1,0.5454545454545454,-0.0011744714424739566
training_frequency,2021-06-07,3,1,1,0.5454545454545454,0.0016033564424364766
training_frequency,2021-06-08,3,0,1,0.5454545454545454,-0.0032016543180891643
training_frequency,2021-06-09,3,1,1,0.5454545454545454,0.004068490276905923
training_frequency,2021-06-10,4,1,1,0.5515873015873016,0.0020260396889104637
training_frequency,2021-06-11,4,1,1,0.5515873015873016,0.010109577417159121
training_frequency,2021-06-15,4,0,1,0.5515873015873016,-0.0009481247565977791
training_frequency,2021-06-16,4,0,1,0.5515873015873016,-0.002741769424406404
training_frequency,2021-06-17,4,0,1,0.5515873015873016,-0.00021145183461979133
training_frequency,2021-06-18,4,0,1,0.5515873015873016,-0.016922326274278476
training_frequency,2021-06-21,4,1,1,0.5515873015873016,0.014093652956223446
training_frequency,2021-06-22,4,0,1,0.5515873015873016,-0.00583495637948328
training_frequency,2021-06-23,4,0,1,0.5515873015873016,-0.003308046134970044
training_frequency,2021-06-24,4,1,1,0.5515873015873016,0.005139132652266953
training_frequency,2021-06-25,4,1,1,0.5515873015873016,0.0002130911870394936
training_frequency,2021-06-28,4,1,1,0.5515873015873016,0.00042598508144875424
training_frequency,2021-06-29,4,1,1,0.5515873015873016,0.001064498593474461
training_frequency,2021-06-30,4,0,1,0.5515873015873016,-0.010952775298247897
training_frequency,2021-07-01,4,1,1,0.5515873015873016,0.005268229109381073
training_frequency,2021-07-02,4,1,1,0.5515873015873016,0.0009625240641710775
training_frequency,2021-07-05,4,0,1,0.5515873015873016,-0.008013677017359888
training_frequency,2021-07-06,4,1,1,0.5515873015873016,0.00980185307203163
training_frequency,2021-07-07,4,1,1,0.5515873015873016,0.001600021333333368
training_frequency,2021-07-08,4,0,1,0.5515873015873016,-0.010010681362924823
training_frequency,2021-07-09,4,1,1,0.5515873015873016,0.009036187704778431
training_frequency,2021-07-12,4,0,1,0.5515873015873016,-0.0007462686328486567
training_frequency,2021-07-13,4,1,1,0.5515873015873016,0.003520697636166581
training_frequency,2021-07-14,4,0,1,0.5515873015873016,-0.004465224419843095
training_frequency,2021-07-15,4,1,1,0.5515873015873016,0.003737708284255792
training_frequency,2021-07-16,4,0,1,0.5515873015873016,-0.00872433256142846
training_frequency,2021-07-19,4,0,1,0.5515873015873016,-0.004400515281754225
training_frequency,2021-07-20,4,1,1,0.5515873015873016,0.00797755480859097
training_frequency,2021-07-21,4,1,1,0.5515873015873016,0.009732663101604366
training_frequency,2021-07-22,4,1,1,0.5515873015873016,0.001482883106328492
training_frequency,2021-07-23,4,0,1,0.5515873015873016,-0.00010578529542726312
training_frequency,2021-07-26,4,1,1,0.5515873015873016,0.004759858210706014
training_frequency,2021-07-27,4,0,1,0.5515873015873016,-0.007369165330438188
training_frequency,2021-07-28,4,1,1,0.5515873015873016,0.0057270229533670225
training_frequency,2021-07-29,4,0,1,0.5515873015873016,-0.002847242373779535
training_frequency,2021-07-30,4,1,1,0.5515873015873016,0.013219120414956098
training_frequency,2021-08-02,4,0,1,0.5515873015873016,-0.002609331022008776
training_frequency,2021-08-03,4,1,1,0.5515873015873016,0.004499790801586245
training_frequency,2021-08-04,4,1,1,0.5515873015873016,0.0010417543711169763
training_frequency,2021-08-05,4,1,1,0.5515873015873016,0.0029140078224167976
training_frequency,2021-08-06,4,1,1,0.5515873015873016,0.0003112898107930917
training_frequency,2021-08-09,4,1,1,0.5515873015873016,0.0030082986927739697
training_frequency,2021-08-10,4,1,1,0.5515873015873016,0.0031026579149309175
training_frequency,2021-08-11,4,1,1,0.5515873015873016,0.0014434374975449416
training_frequency,2021-08-12,4,1,1,0.5515873015873016,0.006383228859772272
training_frequency,2021-08-13,4,0,1,0.5515873015873016,-0.006342741687979547
training_frequency,2021-08-16,4,0,1,0.5515873015873016,-0.008442283798279271
training_frequency,2021-08-17,4,0,1,0.5515873015873016,-0.0002076316105830145
training_frequency,2021-08-18,4,0,1,0.5515873015873016,-0.004881098713458432
training_frequency,2021-08-19,4,0,1,0.5515873015873016,-0.00010438321853478705
training_frequency,2021-08-20,4,1,1,0.5515873015873016,0.0036531260547569833
training_frequency,2021-08-23,4,1,1,0.5515873015873016,0.002807778585367071
training_frequency,2021-08-24,4,1,1,0.5515873015873016,0.004666566421238194
training_frequency,2021-08-25,4,0,1,0.5515873015873016,-0.005161024106968171
training_frequency,2021-08-26,4,1,1,0.5515873015873016,0.00010377672039152408
training_frequency,2021-08-27,4,1,1,0.5515873015873016,0.002282415211976474
training_frequency,2021-08-30,4,1,1,0.5515873015873016,0.004657871807702385
training_frequency,2021-08-31,4,0,1,0.5515873015873016,-0.0007212033942138873
training_frequency,2021-09-01,4,0,1,0.5515873015873016,-0.0010310238381486814
training_frequency,2021-09-02,4,1,1,0.5515873015873016,0.005882960118515301
training_frequency,2021-09-03,4,1,1,0.5515873015873016,0.0017442848527016164
training_frequency,2021-09-06,4,1,1,0.5515873015873016,0.0008194407708523865
training_frequency,2021-09-07,4,0,1,0.5515873015873016,-0.0023538634976344452
training_frequency,2021-09-08,5,0,1,0.5543345543345544,-0.017644654770886614
training_frequency,2021-09-09,5,1,1,0.5543345543345544,0.0041771302385729125
training_frequency,2021-09-10,5,1,1,0.5543345543345544,0.003015734067565168
training_frequency,2021-09-13,5,1,1,0.5543345543345544,0.0015552203697839495
training_frequency,2021-09-14,5,0,1,0.5543345543345544,-0.002898530080714945
training_frequency,2021-09-15,5,1,1,0.5543345543345544,0.006852190614617948
training_frequency,2021-09-16,5,0,1,0.5543345543345544,-0.009795875135206966
training_frequency,2021-09-17,5,0,1,0.5543345543345544,-0.019993731333892928
training_frequency,2021-09-20,5,1,1,0.5543345543345544,0.0036127509976331407
training_frequency,2021-09-21,5,1,1,0.5543345543345544,0.0035998307125411078
training_frequency,2021-09-22,5,1,1,0.5543345543345544,0.010866114454413767
training_frequency,2021-09-23,5,0,1,0.5543345543345544,-0.003965748278021097
training_frequency,2021-09-24,5,1,1,0.5543345543345544,0.005867539692633317
training_frequency,2021-09-27,5,0,1,0.5543345543345544,-0.015000020833333405
training_frequency,2021-09-28,5,0,1,0.5543345543345544,-0.010575296331964856
training_frequency,2021-09-29,5,1,1,0.5543345543345544,0.017956392004198296
training_frequency,2021-09-30,5,0,1,0.5543345543345544,-0.03380933502329553
training_frequency,2021-10-01,5,1,1,0.5543345543345544,0.012388687645795038
training_frequency,2021-10-04,5,0,1,0.5543345543345544,-0.004186421031068144
training_frequency,2021-10-05,5,0,1,0.5543345543345544,-0.006036412828600235
training_frequency,2021-10-06,5,1,1,0.5543345543345544,0.006940668115613002
training_frequency,2021-10-07,5,1,1,0.5543345543345544,0.007646742221792957
training_frequency,2021-10-08,5,0,1,0.5543345543345544,-0.0011757268314606106
training_frequency,2021-10-11,5,0,1,0.5543345543345544,-0.00428029976287736
training_frequency,2021-10-12,5,1,1,0.5543345543345544,0.0010746802447711978
training_frequency,2021-10-13,5,1,1,0.5543345543345544,0.006441202223484543
training_frequency,2021-10-14,5,1,1,0.5543345543345544,0.006613365333333343
training_frequency,2021-10-15,5,1,1,0.5543345543345544,0.002861036255344951
training_frequency,2021-10-18,5,0,1,0.5543345543345544,-0.0011622992515035735
training_frequency,2021-10-19,5,1,1,0.5543345543345544,0.007087675945072203
training_frequency,2021-10-20,5,0,1,0.5543345543345544,-0.0011554727254875496
training_frequency,2021-10-21,5,0,1,0.5543345543345544,-0.0008412451715741343
training_frequency,2021-10-22,5,1,1,0.5543345543345544,0.0036838121527458245
training_frequency,2021-10-25,5,1,1,0.5543345543345544,0.0012584102217028104
training_frequency,2021-10-26,5,1,1,0.5543345543345544,0.00041887304926047086
training_frequency,2021-10-27,5,0,1,0.5543345543345544,-0.0031406617401800174
training_frequency,2021-10-28,5,0,1,0.5543345543345544,-0.015752992903245167
training_frequency,2021-10-29,5,1,1,0.5543345543345544,0.00928291710112128
training_frequency,2021-11-01,5,0,1,0.5543345543345544,-0.006554551498236694
training_frequency,2021-11-02,5,1,1,0.5543345543345544,0.009151867519933354
training_frequency,2021-11-03,5,1,1,0.5543345543345544,0.0048507749688755375
training_frequency,2021-11-04,5,1,1,0.5543345543345544,0.0051421764598365005
training_frequency,2021-11-05,5,1,1,0.5543345543345544,0.0006264042663020053
training_frequency,2021-11-08,5,0,1,0.5543345543345544,-0.002295419544883992
training_frequency,2021-11-09,5,0,1,0.5543345543345544,-0.0017779334309370176
training_frequency,2021-11-10,5,0,1,0.5543345543345544,-0.005657339098711467
training_frequency,2021-11-11,5,1,1,0.5543345543345544,0.008428984999305111
training_frequency,2021-11-12,5,1,1,0.5543345543345544,0.005119611379371225
training_frequency,2021-11-15,5,0,1,0.5543345543345544,-0.006860665494615281
training_frequency,2021-11-16,5,0,1,0.5543345543345544,-0.006594065243939018
training_frequency,2021-11-17,5,1,1,0.5543345543345544,0.0018964491878010747
training_frequency,2021-11-18,5,1,1,0.5543345543345544,0.0019981386895842057
training_frequency,2021-11-19,5,0,1,0.5543345543345544,-0.004513024816467537
training_frequency,2021-11-22,5,1,1,0.5543345543345544,0.008961507832609517
training_frequency,2021-11-23,5,0,1,0.5543345543345544,-0.005015632341137888
training_frequency,2021-11-24,5,1,1,0.5543345543345544,0.0018903696503846934
training_frequency,2021-11-25,5,0,1,0.5543345543345544,-0.01719077532094815
training_frequency,2021-11-26,5,0,1,0.5543345543345544,-0.005759396208204093
training_frequency,2021-11-29,5,1,1,0.5543345543345544,0.00461275472417122
training_frequency,2021-11-30,5,0,1,0.5543345543345544,-0.004484772995520081
training_frequency,2021-12-01,5,0,1,0.5543345543345544,-0.002252558116940029
training_frequency,2021-12-02,5,1,1,0.5543345543345544,0.0019350677897784774
training_frequency,2021-12-03,5,1,1,0.5543345543345544,0.0016094528415060427
training_frequency,2021-12-06,6,1,1,0.5532879818594104,0.006855918732853183
training_frequency,2021-12-07,6,1,1,0.5532879818594104,0.013192946338822065
training_frequency,2021-12-08,6,0,1,0.5532879818594104,-0.0030452692519603586
training_frequency,2021-12-09,6,0,1,0.5532879818594104,-0.004002569959920765
training_frequency,2021-12-10,6,1,1,0.5532879818594104,0.0054991963938071375
training_frequency,2021-12-13,6,0,1,0.5532879818594104,-0.0006311001129342131
training_frequency,2021-12-14,6,0,1,0.5532879818594104,-0.00884021286592962
training_frequency,2021-12-15,6,0,1,0.5532879818594104,-0.0030792206413251533
training_frequency,2021-12-16,6,1,1,0.5532879818594104,0.0023431888629585895
training_frequency,2021-12-17,6,0,1,0.5532879818594104,-0.0022314206542192183
training_frequency,2021-12-20,6,1,1,0.5532879818594104,0.007774174488303087
training_frequency,2021-12-21,6,1,1,0.5532879818594104,0.0008454190271187656
training_frequency,2021-12-22,6,1,1,0.5532879818594104,0.0034843417113752384
training_frequency,2021-12-23,6,1,1,0.5532879818594104,0.004945296665137766
training_frequency,2021-12-24,6,1,1,0.5532879818594104,0.011831190203513975
training_frequency,2021-12-29,6,1,1,0.5532879818594104,0.0012417529102002334
training_frequency,2021-12-30,6,0,1,0.5532879818594104,-0.0091980051840016
training_frequency,2021-12-31,6,1,1,0.5532879818594104,0.013142734542315626
training_frequency,2022-01-04,6,0,1,0.5532879818594104,-0.004221105864957497
training_frequency,2022-01-05,6,0,1,0.5532879818594104,-0.02615797119356922
training_frequency,2022-01-06,6,1,1,0.5532879818594104,0.011784700885769217
training_frequency,2022-01-07,6,0,1,0.5532879818594104,-0.001049380869379446
training_frequency,2022-01-10,6,0,1,0.5532879818594104,-0.007247846867053931
training_frequency,2022-01-11,6,1,1,0.5532879818594104,0.005502031414622133
training_frequency,2022-01-12,6,1,1,0.5532879818594104,0.005682426661921758
training_frequency,2022-01-13,6,0,1,0.5532879818594104,-0.010672773883017572
training_frequency,2022-01-14,6,1,1,0.5532879818594104,0.0030670861004626904
training_frequency,2022-01-17,6,0,1,0.5532879818594104,-0.0014761599104242684
training_frequency,2022-01-18,6,0,1,0.5532879818594104,-0.009292471255305301
training_frequency,2022-01-19,6,1,1,0.5532879818594104,0.0012790662971648992
training_frequency,2022-01-20,6,0,1,0.5532879818594104,-0.02203533059324403
training_frequency,2022-01-21,6,0,1,0.5532879818594104,-0.005986752825076103
training_frequency,2022-01-24,6,0,1,0.5532879818594104,-0.02496713753832669
training_frequency,2022-01-25,6,0,1,0.5532879818594104,-0.01841867679224307
training_frequency,2022-01-27,6,1,1,0.5532879818594104,0.022425617335798176
training_frequency,2022-01-28,6,0,1,0.5532879818594104,-0.00279767230530803
training_frequency,2022-01-31,6,1,1,0.5532879818594104,0.005049904555606499
training_frequency,2022-02-01,6,1,1,0.5532879818594104,0.012505605460152225
training_frequency,2022-02-02,6,0,1,0.5532879818594104,-0.0016541795324217512
training_frequency,2022-02-03,6,1,1,0.5532879818594104,0.0061857616943086224
training_frequency,2022-02-04,6,0,1,0.5532879818594104,-0.0016466572245759092
training_frequency,2022-02-07,6,1,1,0.5532879818594104,0.010336430386267192
training_frequency,2022-02-08,6,1,1,0.5532879818594104,0.010992621168675054
training_frequency,2022-02-09,6,1,1,0.5532879818594104,0.003121983024243491
training_frequency,2022-02-10,6,0,1,0.5532879818594104,-0.009980682549903475
training_frequency,2022-02-11,6,1,1,0.5532879818594104,0.002493257452574449
training_frequency,2022-02-14,6,0,1,0.5532879818594104,-0.004000886548414129
training_frequency,2022-02-15,6,1,1,0.5532879818594104,0.012376495360151063
training_frequency,2022-02-16,6,1,1,0.5532879818594104,0.00160860053619305
training_frequency,2022-02-17,6,0,1,0.5532879818594104,-0.009743083303145994
training_frequency,2022-02-18,6,1,1,0.5532879818594104,0.0012974700248127302
training_frequency,2022-02-21,6,0,1,0.5532879818594104,-0.00982619576907251
training_frequency,2022-02-22,6,1,1,0.5532879818594104,0.005888778818607943
training_frequency,2022-02-23,6,0,1,0.5532879818594104,-0.023633998777840448
training_frequency,2022-02-24,6,1,1,0.5532879818594104,0.002998045813858541
training_frequency,2022-02-25,6,1,1,0.5532879818594104,0.007417225563661534
training_frequency,2022-02-28,6,1,1,0.5532879818594104,0.0061538241758241075
training_frequency,2022-03-01,6,1,1,0.5532879818594104,0.004587210672503561
training_frequency,2022-03-02,6,1,1,0.5532879818594104,0.009567275182628565
training_frequency,2022-03-03,6,0,1,0.5532879818594104,-0.010122797651057391
training_frequency,2022-03-04,6,0,1,0.5532879818594104,-0.010552665590789156
training_frequency,2022-03-07,6,0,1,0.5532879818594104,-0.00758653131126541
training_frequency,2022-03-08,6,1,1,0.5532879818594104,0.010857478155163358
training_frequency,2022-03-09,7,1,1,0.5523809523809524,0.012494509261168574
training_frequency,2022-03-10,7,0,1,0.5523809523809524,-0.00974230384527952
training_frequency,2022-03-11,7,1,1,0.5523809523809524,0.01224305819054261
training_frequency,2022-03-14,7,0,1,0.5523809523809524,-0.007019449395668453
training_frequency,2022-03-15,7,1,1,0.5523809523809524,0.010766775772706128
training_frequency,2022-03-16,7,1,1,0.5523809523809524,0.011082407766679347
training_frequency,2022-03-17,7,1,1,0.5523809523809524,0.0025539852872833446
training_frequency,2022-03-18,7,1,1,0.5523809523809524,0.0008491879933043567
training_frequency,2022-03-21,7,1,1,0.5523809523809524,0.009014720447399371
training_frequency,2022-03-22,7,1,1,0.5523809523809524,0.005255413130706543
training_frequency,2022-03-23,7,1,1,0.5523809523809524,0.0011501568501688375
training_frequency,2022-03-24,7,1,1,0.5523809523809524,0.003028731070496171
training_frequency,2022-03-25,7,1,1,0.5523809523809524,0.0005205643427679263
training_frequency,2022-03-28,7,1,1,0.5523809523809524,0.006868602637885468
training_frequency,2022-03-29,7,1,1,0.5523809523809524,0.0069250439276487
training_frequency,2022-03-30,7,0,1,0.5523809523809524,-0.0021556046428989895
training_frequency,2022-03-31,7,0,1,0.5523809523809524,-0.021602695418194595
training_frequency,2022-04-01,7,1,1,0.5523809523809524,0.003364514736994062
training_frequency,2022-04-04,7,1,1,0.5523809523809524,0.0023053756680289084
training_frequency,2022-04-05,7,0,1,0.5523809523809524,-0.005331970615118253
training_frequency,2022-04-06,7,0,1,0.5523809523809524,-0.006621789012211443
training_frequency,2022-04-07,7,1,1,0.5523809523809524,0.004549782995454832
training_frequency,2022-04-08,7,1,1,0.5523809523809524,0.001263914024353996
training_frequency,2022-04-11,7,0,1,0.5523809523809524,-0.004839049123480876
training_frequency,2022-04-12,7,1,1,0.5523809523809524,0.0033826639192953145
training_frequency,2022-04-13,7,1,1,0.5523809523809524,0.006742520158923515
training_frequency,2022-04-14,7,1,1,0.5523809523809524,0.005755577768011388
training_frequency,2022-04-19,7,1,1,0.5523809523809524,0.0011445218900787424
training_frequency,2022-04-20,7,1,1,0.5523809523809524,0.0031178133120162155
training_frequency,2022-04-21,7,0,1,0.5523809523809524,-0.016576865413702735
training_frequency,2022-04-22,7,0,1,0.5523809523809524,-0.020227539406395767
training_frequency,2022-04-26,7,0,1,0.5523809523809524,-0.008279537634408696
training_frequency,2022-04-27,7,1,1,0.5523809523809524,0.01290247166098446
training_frequency,2022-04-28,7,1,1,0.5523809523809524,0.010383226512165056
training_frequency,2022-04-29,7,0,1,0.5523809523809524,-0.011547791201904745
training_frequency,2022-05-02,7,0,1,0.5523809523809524,-0.004715991273869569
training_frequency,2022-05-03,7,0,1,0.5523809523809524,-0.0011845896921753862
training_frequency,2022-05-04,7,1,1,0.5523809523809524,0.007439374663072762
training_frequency,2022-05-05,7,0,1,0.5523809523809524,-0.02129714209552358
training_frequency,2022-05-06,7,0,1,0.5523809523809524,-0.01115360342767413
training_frequency,2022-05-09,7,0,1,0.5523809523809524,-0.01105827712042462
training_frequency,2022-05-10,7,1,1,0.5523809523809524,0.004920082746281862
training_frequency,2022-05-11,7,0,1,0.5523809523809524,-0.018582462938161903
training_frequency,2022-05-12,7,1,1,0.5523809523809524,0.01961454715242228
training_frequency,2022-05-13,7,1,1,0.5523809523809524,0.0027799399532970615
training_frequency,2022-05-16,7,1,1,0.5523809523809524,0.0032158017298735686
training_frequency,2022-05-17,7,1,1,0.5523809523809524,0.009948071073857978
training_frequency,2022-05-18,7,0,1,0.5523809523809524,-0.014556221476757503
training_frequency,2022-05-19,7,1,1,0.5523809523809524,0.011328265089646017
training_frequency,2022-05-20,7,0,1,0.5523809523809524,-0.00032944213330632355
training_frequency,2022-05-23,7,0,1,0.5523809523809524,-0.0028562232544899757
training_frequency,2022-05-24,7,1,1,0.5523809523809524,0.003305089896609603
training_frequency,2022-05-25,7,0,1,0.5523809523809524,-0.007137388821785273
training_frequency,2022-05-26,7,1,1,0.5523809523809524,0.011280734600325859
training_frequency,2022-05-27,7,1,1,0.5523809523809524,0.014435695222316358
training_frequency,2022-05-30,7,0,1,0.5523809523809524,-0.01078050860757851
training_frequency,2022-05-31,7,1,1,0.5523809523809524,0.0027244986328573972
training_frequency,2022-06-01,7,0,1,0.5523809523809524,-0.008694739513210759
training_frequency,2022-06-02,7,1,1,0.5523809523809524,0.009209560456195254
training_frequency,2022-06-03,7,0,1,0.5523809523809524,-0.004019587049877593
training_frequency,2022-06-06,7,0,1,0.5523809523809524,-0.015161420157068117
training_frequency,2022-06-07,7,1,1,0.5523809523809524,0.0034333480625390322
training_frequency,2022-06-08,7,0,1,0.5523809523809524,-0.014348731001075699
training_frequency,2022-06-09,8,0,1,0.5545634920634921,-0.012654030929875715
training_frequency,2022-06-10,8,0,1,0.5545634920634921,-0.03595325022010332
training_frequency,2022-06-14,8,0,1,0.5545634920634921,-0.013294082352941161
training_frequency,2022-06-15,8,0,1,0.5545634920634921,-0.0019077619443986782
training_frequency,2022-06-16,8,0,1,0.5545634920634921,-0.016724417832091998
training_frequency,2022-06-17,8,0,1,0.5545634920634921,-0.005345583898568429
training_frequency,2022-06-20,8,1,1,0.5545634920634921,0.0129473184458051
training_frequency,2022-06-21,8,0,1,0.5545634920634921,-0.0022911129868564695
training_frequency,2022-06-22,8,1,1,0.5545634920634921,0.0031423979488129916
training_frequency,2022-06-23,8,1,1,0.5545634920634921,0.007469915662650539
training_frequency,2022-06-24,8,1,1,0.5545634920634921,0.01985166156954099
training_frequency,2022-06-27,8,1,1,0.5545634920634921,0.0085600728020645
training_frequency,2022-06-28,8,0,1,0.5545634920634921,-0.007789861462856429
training_frequency,2022-06-29,8,0,1,0.5545634920634921,-0.018631310927176514
training_frequency,2022-06-30,8,0,1,0.5545634920634921,-0.030805994029850625
training_frequency,2022-07-01,8,1,1,0.5545634920634921,0.011087865247945361
training_frequency,2022-07-04,8,1,1,0.5545634920634921,0.0012184476666261546
training_frequency,2022-07-05,8,0,1,0.5545634920634921,-0.004624522444311108
training_frequency,2022-07-06,8,1,1,0.5545634920634921,0.008680755487458613
training_frequency,2022-07-07,8,1,1,0.5545634920634921,0.004363648484848381
training_frequency,2022-07-08,8,0,1,0.5545634920634921,-0.010982428059589378
training_frequency,2022-07-11,8,0,1,0.5545634920634921,-0.00048801710145263133
training_frequency,2022-07-12,8,1,1,0.5545634920634921,0.00219743610316514
training_frequency,2022-07-13,8,1,1,0.5545634920634921,0.0054818494570276766
training_frequency,2022-07-14,8,0,1,0.5545634920634921,-0.007148097805329656
training_frequency,2022-07-15,8,1,1,0.5545634920634921,0.012324613019814912
training_frequency,2022-07-18,8,0,1,0.5545634920634921,-0.005544828900009957
training_frequency,2022-07-19,8,1,1,0.5545634920634921,0.017212096969696944
training_frequency,2022-07-20,8,1,1,0.5545634920634921,0.004885653119295563
training_frequency,2022-07-21,8,0,1,0.5545634920634921,-0.00035573341976191664
training_frequency,2022-07-22,8,0,1,0.5545634920634921,-0.00023729536522076877
training_frequency,2022-07-25,8,1,1,0.5545634920634921,0.002254413885315776
training_frequency,2022-07-26,8,1,1,0.5545634920634921,0.003196365535736323
training_frequency,2022-07-27,8,1,1,0.5545634920634921,0.009086665307686204
training_frequency,2022-07-28,8,1,1,0.5545634920634921,0.008770903782694406
training_frequency,2022-07-29,8,1,1,0.5545634920634921,0.006955703525256096
training_frequency,2022-08-01,8,1,1,0.5545634920634921,0.0003453603460124022
training_frequency,2022-08-02,8,0,1,0.5545634920634921,-0.0032224422053452884
training_frequency,2022-08-03,8,1,1,0.5545634920634921,0.00034635722957676585
training_frequency,2022-08-04,8,1,1,0.5545634920634921,0.0063481418091890784
training_frequency,2022-08-05,8,1,1,0.5545634920634921,0.0006881293568496982
training_frequency,2022-08-08,8,1,1,0.5545634920634921,0.0008022922636101715
training_frequency,2022-08-09,8,0,1,0.5545634920634921,-0.00480987173614289
training_frequency,2022-08-10,8,1,1,0.5545634920634921,0.011277272467726807
training_frequency,2022-08-11,8,0,1,0.5545634920634921,-0.004437858594829036
training_frequency,2022-08-12,8,1,1,0.5545634920634921,0.004914847523485033
training_frequency,2022-08-15,8,1,1,0.5545634920634921,0.005573316778282766
training_frequency,2022-08-16,8,1,1,0.5545634920634921,0.004976744486969942
training_frequency,2022-08-17,8,0,1,0.5545634920634921,-0.0028137310706524143
training_frequency,2022-08-18,8,1,1,0.5545634920634921,0.00045147856549609955
training_frequency,2022-08-19,8,0,1,0.5545634920634921,-0.009250891349852242
training_frequency,2022-08-22,8,0,1,0.5545634920634921,-0.01207012070143465
training_frequency,2022-08-23,8,1,1,0.5545634920634921,0.0062240777726123575
training_frequency,2022-08-24,8,1,1,0.5545634920634921,0.007216460233111288
training_frequency,2022-08-25,8,1,1,0.5545634920634921,0.007505925167746952
training_frequency,2022-08-26,8,0,1,0.5545634920634921,-0.019641021318027807
training_frequency,2022-08-29,8,1,1,0.5545634920634921,0.005066240761456342
training_frequency,2022-08-30,8,0,1,0.5545634920634921,-0.00045825409029387476
training_frequency,2022-08-31,8,0,1,0.5545634920634921,-0.013638991404011591
training_frequency,2022-09-01,8,0,1,0.5545634920634921,-0.0019753544498105624
training_frequency,2022-09-02,8,1,1,0.5545634920634921,0.004307870582231477
training_frequency,2022-09-05,8,0,1,0.5545634920634921,-0.00313011817458575
training_frequency,2022-09-06,8,0,1,0.5545634920634921,-0.013722526194267504
training_frequency,2022-09-07,9,1,1,0.5536881419234361,0.01957319937680002
training_frequency,2022-09-08,9,1,1,0.5536881419234361,0.00693881106812988
training_frequency,2022-09-09,9,1,1,0.5536881419234361,0.010106776157114972
training_frequency,2022-09-12,9,1,1,0.5536881419234361,0.0068221264407775095
training_frequency,2022-09-13,9,0,1,0.5536881419234361,-0.026425792441813978
training_frequency,2022-09-14,9,1,1,0.5536881419234361,0.0032478715143007264
training_frequency,2022-09-15,9,0,1,0.5536881419234361,-0.015261880339042078
training_frequency,2022-09-16,9,0,1,0.5536881419234361,-0.0016437595783436176
training_frequency,2022-09-19,9,1,1,0.5536881419234361,0.013054216312527567
training_frequency,2022-09-20,9,0,1,0.5536881419234361,-0.015788251866592162
training_frequency,2022-09-21,9,0,1,0.5536881419234361,-0.018872363987642804
training_frequency,2022-09-23,9,0,1,0.5536881419234361,-0.01574894205337829
training_frequency,2022-09-26,9,1,1,0.5536881419234361,0.002687101403917147
training_frequency,2022-09-27,9,0,1,0.5536881419234361,-0.00438534556634651
training_frequency,2022-09-28,9,1,1,0.5536881419234361,0.014070646736670245
training_frequency,2022-09-29,9,0,1,0.5536881419234361,-0.015082046877969879
training_frequency,2022-09-30,9,0,1,0.5536881419234361,-0.017518069981063533
training_frequency,2022-10-03,9,1,1,0.5536881419234361,0.036409053731012
training_frequency,2022-10-04,9,1,1,0.5536881419234361,0.01816643341555224
training_frequency,2022-10-05,9,1,1,0.5536881419234361,0.00035456695100677393
training_frequency,2022-10-06,9,0,1,0.5536881419234361,-0.007559732692665522
training_frequency,2022-10-07,9,0,1,0.5536881419234361,-0.014163235449770495
training_frequency,2022-10-10,9,0,1,0.5536881419234361,-0.0036219122631433454
training_frequency,2022-10-11,9,1,1,0.5536881419234361,0.00024238459035963444
training_frequency,2022-10-12,9,0,1,0.5536881419234361,-0.0016959296779189836
training_frequency,2022-10-13,9,1,1,0.5536881419234361,0.01820167367058989
training_frequency,2022-10-14,9,0,1,0.5536881419234361,-0.014658609717144055
training_frequency,2022-10-17,9,1,1,0.5536881419234361,0.01777941461054655
training_frequency,2022-10-18,9,1,1,0.5536881419234361,0.002614390906372055
training_frequency,2022-10-19,9,0,1,0.5536881419234361,-0.010193208123982167
training_frequency,2022-10-20,9,0,1,0.5536881419234361,-0.007783510770362656
training_frequency,2022-10-21,9,1,1,0.5536881419234361,0.014844255191355904
training_frequency,2022-10-24,9,1,1,0.5536881419234361,0.0034486979878083357
training_frequency,2022-10-25,9,1,1,0.5536881419234361,0.001303638349264169
training_frequency,2022-10-26,9,1,1,0.5536881419234361,0.005681181339358021
training_frequency,2022-10-27,9,0,1,0.5536881419234361,-0.008708932461940266
training_frequency,2022-10-28,9,1,1,0.5536881419234361,0.01139735208130066
training_frequency,2022-10-31,9,1,1,0.5536881419234361,0.016081652398599378
training_frequency,2022-11-01,9,1,1,0.5536881419234361,0.002195032398221608
training_frequency,2022-11-02,9,0,1,0.5536881419234361,-0.018674386167146895
training_frequency,2022-11-03,9,1,1,0.5536881419234361,0.004581228870476739
training_frequency,2022-11-04,9,1,1,0.5536881419234361,0.007717528334338031
training_frequency,2022-11-07,9,1,1,0.5536881419234361,0.003481120909723634
training_frequency,2022-11-08,9,1,1,0.5536881419234361,0.006244148719560139
training_frequency,2022-11-09,9,0,1,0.5536881419234361,-0.005515927563178424
training_frequency,2022-11-10,9,1,1,0.5536881419234361,0.02750169831867688
training_frequency,2022-11-11,9,0,1,0.5536881419234361,-0.0013494714653502493
training_frequency,2022-11-14,9,1,1,0.5536881419234361,0.0010134684342295586
training_frequency,2022-11-15,9,0,1,0.5536881419234361,-0.0029249859705814396
training_frequency,2022-11-16,9,1,1,0.5536881419234361,0.0034977435461269746
training_frequency,2022-11-17,9,1,1,0.5536881419234361,0.0016864627459756143
training_frequency,2022-11-18,9,0,1,0.5536881419234361,-0.0019081603730232155
training_frequency,2022-11-21,9,1,1,0.5536881419234361,0.006072885876583056
training_frequency,2022-11-22,9,1,1,0.5536881419234361,0.006036228549477274
training_frequency,2022-11-23,9,1,1,0.5536881419234361,0.0014444111111111546
training_frequency,2022-11-24,9,1,1,0.5536881419234361,0.0023299568067221
training_frequency,2022-11-25,9,0,1,0.5536881419234361,-0.004095583533123004
training_frequency,2022-11-28,9,1,1,0.5536881419234361,0.0030009669556412266
training_frequency,2022-11-29,9,1,1,0.5536881419234361,0.004543484143251009
training_frequency,2022-11-30,9,1,1,0.5536881419234361,0.009817969998500375
training_frequency,2022-12-01,9,0,1,0.5536881419234361,-0.006773028110410362
training_frequency,2022-12-02,9,1,1,0.5536881419234361,0.0034096459175019245
training_frequency,2022-12-05,9,0,1,0.5536881419234361,-0.004713361677736616
training_frequency,2022-12-06,10,0,1,0.5564373897707231,-0.00892075961715555
training_frequency,2022-12-07,10,0,1,0.5564373897707231,-0.007556395322955822
training_frequency,2022-12-08,10,1,1,0.5564373897707231,0.005598477339569641
training_frequency,2022-12-09,10,0,1,0.5564373897707231,-0.004565148748806203
training_frequency,2022-12-12,10,1,1,0.5564373897707231,0.0025726509491577065
training_frequency,2022-12-13,10,1,1,0.5564373897707231,0.007028952594966498
training_frequency,2022-12-14,10,0,1,0.5564373897707231,-0.006647440579493846
training_frequency,2022-12-15,10,0,1,0.5564373897707231,-0.007584217819129324
training_frequency,2022-12-16,10,0,1,0.5564373897707231,-0.0020229264321331986
training_frequency,2022-12-19,10,0,1,0.5564373897707231,-0.015315326059166856
training_frequency,2022-12-20,10,1,1,0.5564373897707231,0.012122575203051822
training_frequency,2022-12-21,10,1,1,0.5564373897707231,0.005084711864406843
training_frequency,2022-12-22,10,0,1,0.5564373897707231,-0.006632895108473091
training_frequency,2022-12-23,10,0,1,0.5564373897707231,-0.0021503281784706063
training_frequency,2022-12-28,10,0,1,0.5564373897707231,-0.008279414954733277
training_frequency,2022-12-29,10,1,1,0.5564373897707231,0.0029734102705074594
training_frequency,2022-12-30,10,0,1,0.5564373897707231,-0.021436682603307333
training_frequency,2023-01-03,10,1,1,0.5564373897707231,0.015963668142624288
training_frequency,2023-01-04,10,1,1,0.5564373897707231,0.0014909737013193425
training_frequency,2023-01-05,10,1,1,0.5564373897707231,0.0062987059092991515
training_frequency,2023-01-06,10,1,1,0.5564373897707231,0.006031626060147177
training_frequency,2023-01-09,10,0,1,0.5564373897707231,-0.0029412103406966095
training_frequency,2023-01-10,10,1,1,0.5564373897707231,0.009303381090349117
training_frequency,2023-01-11,10,1,1,0.5564373897707231,0.01169065885443632
training_frequency,2023-01-12,10,1,1,0.5564373897707231,0.0072222444444445255
training_frequency,2023-01-13,10,1,1,0.5564373897707231,0.008383915976085676
training_frequency,2023-01-16,10,0,1,0.5564373897707231,-0.0010940378035647624
training_frequency,2023-01-17,10,1,1,0.5564373897707231,0.0009856970974855273
training_frequency,2023-01-18,10,1,1,0.5564373897707231,0.006017450634191457
training_frequency,2023-01-19,10,1,1,0.5564373897707231,0.0013050897652557847
training_frequency,2023-01-20,10,1,1,0.5564373897707231,0.00141193657000116
training_frequency,2023-01-23,10,1,1,0.5564373897707231,0.004555379757767319
training_frequency,2023-01-24,10,0,1,0.5564373897707231,-0.002915191009009166
training_frequency,2023-01-25,10,1,1,0.5564373897707231,0.0025987872788042488
training_frequency,2023-01-27,10,0,1,0.5564373897707231,-0.0011879577141358233
training_frequency,2023-01-30,10,0,1,0.5564373897707231,-0.00043253675067456143
training_frequency,2023-01-31,10,1,1,0.5564373897707231,0.002704456886532647
training_frequency,2023-02-01,10,1,1,0.5564373897707231,0.0016182327841571809
training_frequency,2023-02-02,10,1,1,0.5564373897707231,0.0063550627468791365
training_frequency,2023-02-03,10,0,1,0.5564373897707231,-0.002782853473188518
training_frequency,2023-02-06,10,0,1,0.5564373897707231,-0.00558115285137184
training_frequency,2023-02-07,10,1,1,0.5564373897707231,0.004101424628139894
training_frequency,2023-02-08,10,0,1,0.5564373897707231,-0.005267096692111117
training_frequency,2023-02-09,10,0,1,0.5564373897707231,-0.007996520337189117
training_frequency,2023-02-10,10,0,1,0.5564373897707231,-0.0021787036325042752
training_frequency,2023-02-13,10,1,1,0.5564373897707231,0.0016375764549689809
training_frequency,2023-02-14,10,0,1,0.5564373897707231,-0.009700261580381508
training_frequency,2023-02-15,10,1,1,0.5564373897707231,0.0077041271439122205
training_frequency,2023-02-16,10,0,1,0.5564373897707231,-0.008191350113397777
training_frequency,2023-02-17,10,1,1,0.5564373897707231,0.000660775259569979
training_frequency,2023-02-20,10,0,1,0.5564373897707231,-0.0018708704125386388
training_frequency,2023-02-21,10,0,1,0.5564373897707231,-0.0019845645639877674
training_frequency,2023-02-22,10,0,1,0.5564373897707231,-0.0029827331965113224
training_frequency,2023-02-23,10,1,1,0.5564373897707231,0.00265925761772845
training_frequency,2023-02-24,10,0,1,0.5564373897707231,-0.010719427797976078
training_frequency,2023-02-27,10,1,1,0.5564373897707231,0.004356646705428346
training_frequency,2023-02-28,10,1,1,0.5564373897707231,0.0005560560313175866
training_frequency,2023-03-01,10,1,1,0.5564373897707231,0.0015562361222347665
training_frequency,2023-03-02,10,1,1,0.5564373897707231,0.003995571675817322
training_frequency,2023-03-03,10,1,1,0.5564373897707231,0.00641169584801804
training_frequency,2023-03-06,10,1,1,0.5564373897707231,0.005492091328074489
training_frequency,2023-03-07,10,0,1,0.5564373897707231,-0.006008335088394934
training_frequency,2023-03-08,10,1,1,0.5564373897707231,0.005055489725365181
training_frequency,2023-03-09,11,0,1,0.556390977443609,-0.023072729023708938
training_frequency,2023-03-10,11,0,1,0.556390977443609,-0.005260723315904325
training_frequency,2023-03-13,11,0,1,0.556390977443609,-0.014965702206626408
training_frequency,2023-03-14,11,1,1,0.556390977443609,0.009252878578331236
training_frequency,2023-03-15,11,0,1,0.556390977443609,-0.013355970873932477
training_frequency,2023-03-16,11,1,1,0.556390977443609,0.003670987809360593
training_frequency,2023-03-17,11,0,1,0.556390977443609,-0.013715819264277451
training_frequency,2023-03-20,11,1,1,0.556390977443609,0.00857570971635524
training_frequency,2023-03-21,11,1,1,0.556390977443609,0.008502792238340717
training_frequency,2023-03-22,11,0,1,0.556390977443609,-0.007063860330313143
training_frequency,2023-03-23,11,0,1,0.556390977443609,-0.0019506482627504873
training_frequency,2023-03-24,11,1,1,0.556390977443609,0.0013795699685132945
training_frequency,2023-03-27,11,1,1,0.556390977443609,0.0097588865616276
training_frequency,2023-03-28,11,1,1,0.556390977443609,0.0026151564280327833
training_frequency,2023-03-29,11,1,1,0.556390977443609,0.00986621682921296
training_frequency,2023-03-30,11,1,1,0.556390977443609,0.008197596579530675
training_frequency,2023-03-31,11,1,1,0.556390977443609,0.00011140565951661685
training_frequency,2023-04-03,11,1,1,0.556390977443609,0.0015591825196661357
training_frequency,2023-04-04,11,1,1,0.556390977443609,0.00011121983765161048
training_frequency,2023-04-05,11,0,1,0.556390977443609,-0.002334878756173553
training_frequency,2023-04-06,11,1,1,0.556390977443609,0.012816159161390006
training_frequency,2023-04-11,11,1,1,0.556390977443609,0.004731525244218382
training_frequency,2023-04-12,11,0,1,0.556390977443609,-0.003614007307283007
training_frequency,2023-04-13,11,1,1,0.556390977443609,0.005825444960690929
training_frequency,2023-04-14,11,1,1,0.556390977443609,0.002841164837915855
training_frequency,2023-04-17,11,0,1,0.556390977443609,-0.0032689986902800783
training_frequency,2023-04-18,11,1,1,0.556390977443609,0.0009838963487056596
training_frequency,2023-04-19,11,0,1,0.556390977443609,-0.00032764308273569576
training_frequency,2023-04-20,11,0,1,0.556390977443609,-0.0050256637717215336
training_frequency,2023-04-21,11,0,1,0.556390977443609,-0.0006588119029317108
training_frequency,2023-04-24,11,0,1,0.556390977443609,-0.0005494231282403561
training_frequency,2023-04-26,11,0,1,0.556390977443609,-0.003957794678515758
training_frequency,2023-04-27,11,1,1,0.556390977443609,0.0030904967569647113
training_frequency,2023-04-28,11,1,1,0.556390977443609,0.00352112687679762
training_frequency,2023-05-01,11,0,1,0.556390977443609,-0.010087697700253084
training_frequency,2023-05-02,11,0,1,0.556390977443609,-0.009636630589683559
training_frequency,2023-05-03,11,1,1,0.556390977443609,0.00044729893983674884
training_frequency,2023-05-04,11,1,1,0.556390977443609,0.0034656792665963554
training_frequency,2023-05-05,11,1,1,0.556390977443609,0.008244184308284552
training_frequency,2023-05-08,11,0,1,0.556390977443609,-0.001878430939226572
training_frequency,2023-05-09,11,0,1,0.556390977443609,-0.0002214546613206192
training_frequency,2023-05-10,11,1,1,0.556390977443609,0.0009966116929822633
training_frequency,2023-05-11,11,1,1,0.556390977443609,0.0005530420231627531
training_frequency,2023-05-12,11,1,1,0.556390977443609,0.002763958079512241
training_frequency,2023-05-15,11,0,1,0.556390977443609,-0.004189603225675964
training_frequency,2023-05-16,11,0,1,0.556390977443609,-0.005757274136403812
training_frequency,2023-05-17,11,1,1,0.556390977443609,0.005679231436105825
training_frequency,2023-05-18,11,1,1,0.556390977443609,0.00697601609956866
logistic_l2,2020-06-15,0,1,1,0.6649875884007053,0.03972507216494847
logistic_l2,2020-06-16,0,1,1,0.7264593441482372,0.007139093166830923
logistic_l2,2020-06-17,0,0,1,0.7198954031201958,-0.008794933053294929
logistic_l2,2020-06-18,0,1,1,0.6611992770483611,0.0018540590159168424
logistic_l2,2020-06-19,0,0,1,0.6525838507684973,-0.00013222735935947139
logistic_l2,2020-06-22,0,1,0,0.48099640871092264,0.0010576679145646306
logistic_l2,2020-06-23,0,1,1,0.7838831374989357,0.0018489170384454745
logistic_l2,2020-06-24,0,0,1,0.7276781772039146,-0.023332520124802025
logistic_l2,2020-06-25,0,1,1,0.5931325842939299,0.013767108315136056
logistic_l2,2020-06-26,0,0,1,0.7005309672508858,-0.015177739113596878
logistic_l2,2020-06-29,0,1,1,0.6627282816063902,0.015411653164639105
logistic_l2,2020-06-30,0,1,1,0.6821080795950795,0.001730754869780915
logistic_l2,2020-07-01,0,1,1,0.6210724306248508,0.018208440143764992
logistic_l2,2020-07-02,0,1,1,0.6131087931417676,0.002610586051291053
logistic_l2,2020-07-03,0,0,1,0.6339010009560405,-0.006119021120141066
logistic_l2,2020-07-06,0,0,1,0.6577202560743635,-0.0003929526011503537
logistic_l2,2020-07-07,0,0,1,0.6757570498685054,-0.015725291985985823
logistic_l2,2020-07-08,0,1,1,0.6408045098181885,0.00732263337341732
logistic_l2,2020-07-09,0,0,1,0.6682109675143992,-0.007137205543896186
logistic_l2,2020-07-10,0,1,1,0.6763114550340837,0.010649560277573578
logistic_l2,2020-07-13,0,0,1,0.7251968481306548,-0.006981019678109046
logistic_l2,2020-07-14,0,1,1,0.5226529407274614,0.01870279902775973
logistic_l2,2020-07-15,0,0,1,0.5462371148214477,-0.007552109079995817
logistic_l2,2020-07-16,0,1,1,0.6059320303232573,0.004198373075329664
logistic_l2,2020-07-17,0,0,1,0.5444108024269968,-0.004964685067093244
logistic_l2,2020-07-20,0,1,1,0.5942995952588036,0.025735279635752173
logistic_l2,2020-07-21,0,0,0,0.4288338562328284,-0.013184932929406035
logistic_l2,2020-07-22,0,1,1,0.5461385333656888,0.0028538333300729413
logistic_l2,2020-07-23,0,0,0,0.48354122896248236,-0.010477273586270042
logistic_l2,2020-07-24,0,1,1,0.525574809101061,0.0036601176470589802
logistic_l2,2020-07-27,0,0,1,0.519896731313803,-0.0037770383404147623
logistic_l2,2020-07-28,0,1,1,0.6144154524960569,0.006667564561839923
logistic_l2,2020-07-29,0,0,1,0.5682091335410122,-0.002857155844155801
logistic_l2,2020-07-30,0,0,1,0.5560653108215983,-0.01888508750827167
logistic_l2,2020-07-31,0,0,1,0.6367762751165902,-0.000796561773620974
logistic_l2,2020-08-03,0,1,1,0.5529981095533696,0.01806828821847839
logistic_l2,2020-08-04,0,0,1,0.6110772852997363,-0.005741811525844076
logistic_l2,2020-08-05,0,1,1,0.565718413414801,0.007743758820218938
logistic_l2,2020-08-06,0,0,1,0.5420099223682084,-0.005209716139746301
logistic_l2,2020-08-07,0,1,1,0.5215085593309027,0.016234695583975833
logistic_l2,2020-08-10,0,1,0,0.4455045858128635,0.003864918685973384
logistic_l2,2020-08-11,0,0,0,0.43190458510210183,-0.0011549794957644854
logistic_l2,2020-08-12,0,0,1,0.5810646196731879,-0.0021842219662282503
logistic_l2,2020-08-13,0,1,1,0.6848556992422595,0.0019314189064423282
logistic_l2,2020-08-14,0,0,0,0.4929011637805912,-0.007196992859452189
logistic_l2,2020-08-17,0,1,1,0.541625365035405,0.007508116504854279
logistic_l2,2020-08-18,0,1,1,0.528108711270202,0.008608479799345314
logistic_l2,2020-08-19,0,0,0,0.47913119164814866,-0.008025439490445874
logistic_l2,2020-08-20,0,0,0,0.4702576883249649,-0.0008989340863386763
logistic_l2,2020-08-21,0,1,1,0.5426791129648207,0.005141310855733439
logistic_l2,2020-08-24,0,1,0,0.4648139457808958,0.004347877404650147
logistic_l2,2020-08-25,0,0,1,0.5705483117871931,-0.006111573642582635
logistic_l2,2020-08-26,0,1,1,0.5368453073638305,0.001793479420791222
logistic_l2,2020-08-27,0,0,1,0.5021492467301996,-0.0076726217777219885
logistic_l2,2020-08-28,0,0,1,0.5483078852204644,-0.0002576804190124182
logistic_l2,2020-08-31,0,0,1,0.5179882923154052,-0.016885859322354646
logistic_l2,2020-09-01,0,1,1,0.6380618692221658,0.019273647014828033
logistic_l2,2020-09-02,0,1,0,0.47683699174458066,0.008875765600097063
logistic_l2,2020-09-03,0,0,1,0.5368516437597077,-0.030600548259594573
logistic_l2,2020-09-04,0,1,0,0.47970900249183224,0.0028936078244587993
logistic_l2,2020-09-07,0,1,0,0.4099992975182221,0.009836065573770592
logistic_l2,2020-09-08,0,0,0,0.4963834479092066,-0.019870116883116906
logistic_l2,2020-09-09,0,1,1,0.5114245228999966,0.006227653289682777
logistic_l2,2020-09-10,1,0,1,0.5778081421214903,-0.008427692693502964
logistic_l2,2020-09-11,1,1,1,0.57018300331857,0.005577662460385158
logistic_l2,2020-09-14,1,0,1,0.5355184898977052,-0.0001320919158466216
logistic_l2,2020-09-15,1,1,1,0.5895768015287319,0.010962911252977436
logistic_l2,2020-09-16,1,0,1,0.533480406813656,-0.011627893759761032
logistic_l2,2020-09-17,1,0,1,0.5855644995845104,-0.002379391873644665
logistic_l2,2020-09-18,1,0,1,0.5322579904105504,-0.006625148978068762
logistic_l2,2020-09-21,1,0,1,0.6079347459731422,-0.007202894395052617
logistic_l2,2020-09-22,1,1,1,0.5982911148633614,0.02297459357785825
logistic_l2,2020-09-23,1,0,0,0.479153638525007,-0.007748831202375017
logistic_l2,2020-09-24,1,1,1,0.5262248568170524,0.013898014008020487
logistic_l2,2020-09-25,1,0,0,0.45964013911075596,-0.0009138250891337352
logistic_l2,2020-09-28,1,0,0,0.4929711115382721,-0.0015679472307323916
logistic_l2,2020-09-29,1,0,0,0.4888080353056988,-0.0206779468301036
logistic_l2,2020-09-30,1,1,1,0.6141708292158509,0.003608124987087402
logistic_l2,2020-10-01,1,0,0,0.46006965327842503,-0.01478029333635933
logistic_l2,2020-10-02,1,1,1,0.6470786589108098,0.023922206350107
logistic_l2,2020-10-05,1,1,0,0.472732559045875,0.002771898026084907
logistic_l2,2020-10-06,1,1,1,0.5361182373642747,0.013557970072950232
logistic_l2,2020-10-07,1,1,0,0.3656261345003305,0.011298740259740203
logistic_l2,2020-10-08,1,1,0,0.38724829827194973,0.001540965652717441
logistic_l2,2020-10-09,1,1,0,0.3777049726414306,0.003333786468362243
logistic_l2,2020-10-12,1,1,0,0.4296918978577772,0.010990428115015938
logistic_l2,2020-10-13,1,0,0,0.4228867500626622,-0.0029073947300291003
logistic_l2,2020-10-14,1,1,0,0.4259174520165449,0.005324619877964842
logistic_l2,2020-10-15,1,0,0,0.45762218326526827,-0.005422446200916364
logistic_l2,2020-10-16,1,1,1,0.5031077321650317,0.008621782352411067
logistic_l2,2020-10-19,1,0,0,0.46500124924241154,-0.007919610009316957
logistic_l2,2020-10-20,1,1,1,0.5072920220044383,0.0016473011061151066
logistic_l2,2020-10-21,1,0,1,0.6443022271772463,-0.003289082734127202
logistic_l2,2020-10-22,1,1,0,0.46284499024448394,0.002030663764047924
logistic_l2,2020-10-23,1,0,1,0.5006832006484644,-0.004559860844579822
logistic_l2,2020-10-26,1,0,1,0.5143282588342056,-0.01641421383963415
logistic_l2,2020-10-27,1,0,1,0.6644518411045804,-0.0001293919742797467
logistic_l2,2020-10-28,1,0,1,0.5074290296916362,-0.01565531096318673
logistic_l2,2020-10-29,1,0,1,0.6411431407079493,-0.006046253784273037
logistic_l2,2020-10-30,1,1,1,0.6517962043281454,0.004363845370384256
logistic_l2,2020-11-02,1,1,1,0.6395569466948429,0.01935485264074477
logistic_l2,2020-11-03,1,0,0,0.4467483570556818,-0.0021957892584808514
logistic_l2,2020-11-04,1,1,1,0.5395855215633948,0.013333320388349668
logistic_l2,2020-11-05,1,1,0,0.42724610126551266,0.00855899346651734
logistic_l2,2020-11-06,1,1,0,0.42598643655256013,0.018999367409729073
logistic_l2,2020-11-09,1,1,0,0.3815308716914888,0.0063393663022759394
logistic_l2,2020-11-10,1,1,0,0.48758044901326103,0.017292515035727707
logistic_l2,2020-11-11,1,0,0,0.3537902719701111,-0.00437106599840853
logistic_l2,2020-11-12,1,0,0,0.43710518424313366,-0.001829292682926864
logistic_l2,2020-11-13,1,1,0,0.3877835944493946,0.013683604488298196
logistic_l2,2020-11-16,1,1,0,0.4116570072255542,0.0014462456135200252
logistic_l2,2020-11-17,1,1,1,0.9709868929755356,0.004814081348613941
logistic_l2,2020-11-18,1,1,0,0.38612480536782007,0.001437333846863842
logistic_l2,2020-11-19,1,0,0,0.4150162495163625,-0.0004784236278145837
logistic_l2,2020-11-20,1,1,0,0.41102684707555415,0.004188081847553038
logistic_l2,2020-11-23,1,1,0,0.44744475391551974,0.013465264858562032
logistic_l2,2020-11-24,1,1,0,0.3652389597707839,0.0044679245925483
logistic_l2,2020-11-25,1,0,1,0.5380727825416435,-0.00772565843380546
logistic_l2,2020-11-26,1,0,0,0.4162913277639706,-0.004600684367135233
logistic_l2,2020-11-27,1,0,0,0.43107787843252693,-0.011495532525321206
logistic_l2,2020-11-30,1,1,1,0.5903047646542249,0.010670170930575651
logistic_l2,2020-12-01,1,1,0,0.47691475310044174,0.00035586001106069354
logistic_l2,2020-12-02,1,1,1,0.5440862967622944,0.00355739348850026
logistic_l2,2020-12-03,1,1,0,0.47493999284597715,0.0030722203617707944
logistic_l2,2020-12-04,1,1,0,0.44080977821934075,0.005300942458486668
logistic_l2,2020-12-07,1,1,0,0.456013809889585,0.0024608273944610737
logistic_l2,2020-12-08,2,1,0,0.4707768698714157,0.0064289302245845725
logistic_l2,2020-12-09,2,0,0,0.46101803976713873,-0.00708478529813672
logistic_l2,2020-12-10,2,0,1,0.5105521593416386,-0.006433454355677881
logistic_l2,2020-12-11,2,1,0,0.480049696304639,0.0030609252870041903
logistic_l2,2020-12-14,2,0,0,0.44643664986029197,-0.004225363998545673
logistic_l2,2020-12-15,2,1,1,0.5386674132654172,0.0075436943679252355
logistic_l2,2020-12-16,2,1,0,0.4755981867599162,0.010762739444452274
logistic_l2,2020-12-17,2,0,0,0.4509429839319425,-0.012037048332475764
logistic_l2,2020-12-18,2,0,1,0.5328793519427121,-0.0008200562228202202
logistic_l2,2020-12-21,2,0,0,0.4627889319531632,-0.009965986516989211
logistic_l2,2020-12-22,2,1,1,0.5785241972672879,0.007342444165266526
logistic_l2,2020-12-23,2,1,0,0.48002969658264494,0.003174277055590702
logistic_l2,2020-12-24,2,1,1,0.5328649882194155,0.0058596037534370815
logistic_l2,2020-12-29,2,0,1,0.537332725916929,-0.002213713102325099
logistic_l2,2020-12-30,2,0,1,0.5278834472404187,-0.012610941296251177
logistic_l2,2020-12-31,2,1,0,0.49281834371033717,0.008514676171113456
logistic_l2,2021-01-04,2,0,1,0.5299306975650651,-0.00035177064202362995
logistic_l2,2021-01-05,2,0,1,0.5058595316476527,-0.010439870967742015
logistic_l2,2021-01-06,2,1,1,0.5726127589610707,0.015410182368300385
logistic_l2,2021-01-07,2,1,0,0.48139796314285604,0.005253291839678154
logistic_l2,2021-01-08,2,0,1,0.5142073658957212,-0.007664661390492822
logistic_l2,2021-01-11,2,0,1,0.5302302942597377,-0.003042656631105478
logistic_l2,2021-01-12,2,1,0,0.4948396644225174,0.0007042845239044748
logistic_l2,2021-01-13,2,1,0,0.48972918818875383,0.005278557184750676
logistic_l2,2021-01-14,2,0,1,0.532885444366135,-0.00035004668669924577
logistic_l2,2021-01-15,2,0,0,0.49040730294837653,-0.00828760378866833
logistic_l2,2021-01-18,2,1,1,0.5512890742281912,0.013418067483734308
logistic_l2,2021-01-19,2,1,0,0.44886451671748284,0.0034843670960365003
logistic_l2,2021-01-20,2,1,0,0.4734837613024905,0.007754606301976663
logistic_l2,2021-01-21,2,0,0,0.48972357090091273,-0.004019742735729803
logistic_l2,2021-01-22,2,1,0,0.46025283650006943,0.004381884174563089
logistic_l2,2021-01-25,2,0,0,0.412842836157385,-0.007003444477691079
logistic_l2,2021-01-27,2,0,1,0.529991898397719,-0.019308567910939378
logistic_l2,2021-01-28,2,0,1,0.5670862544330763,-0.005423237443998974
logistic_l2,2021-01-29,2,1,1,0.6208398464631049,0.008060692175667628
logistic_l2,2021-02-01,2,1,1,0.5289335042850352,0.01481658025850674
logistic_l2,2021-02-02,2,1,0,0.4999757372215698,0.008806430748327987
logistic_l2,2021-02-03,2,0,0,0.4722348046443251,-0.0081552953860623
logistic_l2,2021-02-04,2,1,0,0.48936360877314683,0.011349206979715198
logistic_l2,2021-02-05,2,1,0,0.4356571848345049,0.005152833959628289
logistic_l2,2021-02-08,2,0,0,0.44817246734420346,-0.008430143636707021
logistic_l2,2021-02-09,2,1,1,0.5077566154824569,0.00631887630607908
logistic_l2,2021-02-10,2,0,0,0.48244214854341655,-0.0018266469609153901
logistic_l2,2021-02-11,2,0,1,0.5038747758691855,-0.006061969575660631
logistic_l2,2021-02-12,2,1,1,0.5104085180599621,0.009551219573044278
logistic_l2,2021-02-15,2,1,0,0.492247687645748,0.00797899209008368
logistic_l2,2021-02-16,2,0,1,0.5314602139251278,-0.003957910211466853
logistic_l2,2021-02-17,2,0,0,0.49315573047881406,-0.0003405880939919559
logistic_l2,2021-02-18,2,0,0,0.4774476246282655,-0.012038670799363937
logistic_l2,2021-02-19,2,0,1,0.541792532193702,-0.0029887918838669147
logistic_l2,2021-02-22,2,1,1,0.5351213417480315,0.009800518512607326
logistic_l2,2021-02-23,2,0,1,0.5019740379211843,-0.007878545150067362
logistic_l2,2021-02-24,2,1,1,0.5672391585471218,0.008861836907145149
logistic_l2,2021-02-25,2,0,0,0.45764110251875767,-0.024526601664312087
logistic_l2,2021-02-26,2,1,1,0.5724686611594625,0.020348473386774035
logistic_l2,2021-03-01,2,0,0,0.38800141610969835,-0.0038968022922636347
logistic_l2,2021-03-02,2,1,1,0.6129486659947995,0.007018674167820871
logistic_l2,2021-03-03,2,0,0,0.4955310453800611,-0.005598697632496541
logistic_l2,2021-03-04,2,0,1,0.5346777348611863,-0.007583545990848539
logistic_l2,2021-03-05,2,1,1,0.5324336202465978,0.006020562486260594
logistic_l2,2021-03-08,2,1,1,0.5476722856055366,0.0036828173976615197
logistic_l2,2021-03-09,2,0,1,0.5564451959632538,-0.008599931299162145
logistic_l2,2021-03-10,2,1,1,0.6009608625051032,0.0008096229563916424
logistic_l2,2021-03-11,3,1,1,0.5682761221027216,0.007974136229910167
logistic_l2,2021-03-12,3,1,0,0.4954758877344237,0.0017198119500136944
logistic_l2,2021-03-15,3,1,0,0.4981166168418142,0.008698569004284007
logistic_l2,2021-03-16,3,0,0,0.469565273937867,-0.006240724142995369
logistic_l2,2021-03-17,3,0,0,0.4803315536989553,-0.005709065866429164
logistic_l2,2021-03-18,3,0,1,0.5080819236041557,-0.003330282422363662
logistic_l2,2021-03-19,3,1,1,0.5308986727338183,0.004147954785713059
logistic_l2,2021-03-22,3,0,0,0.48923535200937457,-0.002294951180838778
logistic_l2,2021-03-23,3,1,1,0.5674418573290078,0.005405417092768872
logistic_l2,2021-03-24,3,0,1,0.5184562992242255,-0.0008007321162373238
logistic_l2,2021-03-25,3,1,1,0.5192906937566549,0.00789929039265691
logistic_l2,2021-03-26,3,0,0,0.47105174673805733,-0.003066833222775678
logistic_l2,2021-03-29,3,0,1,0.5150545381547307,-0.007975356316806237
logistic_l2,2021-03-30,3,1,1,0.5264978136598228,0.009762237280349195
logistic_l2,2021-03-31,3,1,0,0.45694140374815334,0.0009099408760222527
logistic_l2,2021-04-01,3,1,0,0.4647520481656358,0.0005682159090909522
logistic_l2,2021-04-06,3,1,1,0.5054225015497834,0.006473594327986554
logistic_l2,2021-04-07,3,1,0,0.42267328450765584,0.009817140267982305
logistic_l2,2021-04-08,3,1,0,0.39017226178585346,0.00011176668033896497
logistic_l2,2021-04-09,3,0,1,0.5624901617930379,-0.0026815418994413642
logistic_l2,2021-04-12,3,0,0,0.41052749156021767,-0.00156844047572402
logistic_l2,2021-04-13,3,1,0,0.4526153055832863,0.008639990732495884
logistic_l2,2021-04-14,3,1,0,0.415055556679794,0.004783635607783054
logistic_l2,2021-04-15,3,1,0,0.41590653039945685,0.0005536204605847139
logistic_l2,2021-04-16,3,1,0,0.4196910041151049,0.0005532256096085764
logistic_l2,2021-04-19,3,0,0,0.4352422046137413,-0.006635678094131459
logistic_l2,2021-04-20,3,0,0,0.4589988609759278,-0.003562680917390315
logistic_l2,2021-04-21,3,1,0,0.4412267773337936,0.008379888268156499
logistic_l2,2021-04-22,3,1,0,0.4511367015256395,0.0005540498614959866
logistic_l2,2021-04-23,3,0,0,0.44989101152975514,-0.0016611405871160834
logistic_l2,2021-04-26,3,0,0,0.4578391687294444,-0.0015529672423080232
logistic_l2,2021-04-27,3,1,0,0.4845517186312956,0.006332629567100678
logistic_l2,2021-04-28,3,1,0,0.40579272343149453,0.0005519430215954468
logistic_l2,2021-04-29,3,0,0,0.47736890427607076,-0.00750303456371082
logistic_l2,2021-04-30,3,1,0,0.4908588003089959,0.00044470262739415567
logistic_l2,2021-05-03,3,1,0,0.47395420187890974,0.005667318716908953
logistic_l2,2021-05-04,3,1,0,0.46489605596152056,0.003425392265193228
logistic_l2,2021-05-05,3,0,0,0.42606008571861215,-0.004955368460640153
logistic_l2,2021-05-06,3,1,1,0.5101352779499458,0.0026560092667551327
logistic_l2,2021-05-07,3,1,0,0.43950536229995973,0.013796909796841339
logistic_l2,2021-05-10,3,0,0,0.37795964047169067,-0.010669515746750458
logistic_l2,2021-05-11,3,0,0,0.4860543366388365,-0.007153097595913982
logistic_l2,2021-05-12,3,0,0,0.49888304439805725,-0.007980503125908811
logistic_l2,2021-05-13,3,1,1,0.5121465326122975,0.00536316201117315
logistic_l2,2021-05-14,3,1,1,0.5163316827319885,0.0023338407757111934
logistic_l2,2021-05-17,3,1,1,0.5590622820098551,0.006209091779374676
logistic_l2,2021-05-18,3,0,0,0.4779722408699715,-0.02016531129476573
logistic_l2,2021-05-19,3,1,1,0.6572578863309227,0.01394518699831715
logistic_l2,2021-05-20,3,1,0,0.38913668153873004,0.001996361934500257
logistic_l2,2021-05-21,3,1,1,0.5325075706884919,0.0013283485201835976
logistic_l2,2021-05-24,3,1,0,0.44972502239150813,0.009838591751476944
logistic_l2,2021-05-25,3,0,0,0.45098802663121723,-0.0028462179057737735
logistic_l2,2021-05-26,3,1,0,0.47028677799178814,0.0008782742728412618
logistic_l2,2021-05-27,3,1,0,0.46597806505892,0.01107822773013556
logistic_l2,2021-05-28,3,0,0,0.46087025242075064,-0.0015187567802126267
logistic_l2,2021-05-31,3,0,0,0.4812867775838056,-0.0027162103138177462
logistic_l2,2021-06-01,3,1,0,0.47788907814560405,0.010022856411124659
logistic_l2,2021-06-02,3,1,0,0.4062455275574267,0.006148204143546776
logistic_l2,2021-06-03,3,1,0,0.40668033575699514,0.004073810077978246
logistic_l2,2021-06-04,3,0,0,0.4282664436426286,-0.0011744714424739566
logistic_l2,2021-06-07,3,1,0,0.4288384761415163,0.0016033564424364766
logistic_l2,2021-06-08,3,0,0,0.3987014523959129,-0.0032016543180891643
logistic_l2,2021-06-09,3,1,0,0.4736623623635159,0.004068490276905923
logistic_l2,2021-06-10,4,1,0,0.4287032681789342,0.0020260396889104637
logistic_l2,2021-06-11,4,1,0,0.45627127042534876,0.010109577417159121
logistic_l2,2021-06-15,4,0,0,0.40641559523974174,-0.0009481247565977791
logistic_l2,2021-06-16,4,0,0,0.4025609003927612,-0.002741769424406404
logistic_l2,2021-06-17,4,0,0,0.4068891423942679,-0.00021145183461979133
logistic_l2,2021-06-18,4,0,0,0.4214238808796292,-0.016922326274278476
logistic_l2,2021-06-21,4,1,1,0.5577690459002084,0.014093652956223446
logistic_l2,2021-06-22,4,0,0,0.4711940735459694,-0.00583495637948328
logistic_l2,2021-06-23,4,0,1,0.5511447231733255,-0.003308046134970044
logistic_l2,2021-06-24,4,1,0,0.4793124379851415,0.005139132652266953
logistic_l2,2021-06-25,4,1,0,0.4855272860549529,0.0002130911870394936
logistic_l2,2021-06-28,4,1,0,0.49722073439960907,0.00042598508144875424
logistic_l2,2021-06-29,4,1,1,0.5021244807703232,0.001064498593474461
logistic_l2,2021-06-30,4,0,1,0.5269876756257552,-0.010952775298247897
logistic_l2,2021-07-01,4,1,1,0.5678263950749828,0.005268229109381073
logistic_l2,2021-07-02,4,1,1,0.5131485240742149,0.0009625240641710775
logistic_l2,2021-07-05,4,0,1,0.5489169111618344,-0.008013677017359888
logistic_l2,2021-07-06,4,1,1,0.586756124235043,0.00980185307203163
logistic_l2,2021-07-07,4,1,0,0.4532605852942099,0.001600021333333368
logistic_l2,2021-07-08,4,0,1,0.5031708620634253,-0.010010681362924823
logistic_l2,2021-07-09,4,1,1,0.5163208880199349,0.009036187704778431
logistic_l2,2021-07-12,4,0,0,0.49507139958461943,-0.0007462686328486567
logistic_l2,2021-07-13,4,1,1,0.5233416025459515,0.003520697636166581
logistic_l2,2021-07-14,4,0,0,0.4802319238260212,-0.004465224419843095
logistic_l2,2021-07-15,4,1,1,0.53086787193447,0.003737708284255792
logistic_l2,2021-07-16,4,0,0,0.4607477345230143,-0.00872433256142846
logistic_l2,2021-07-19,4,0,1,0.5403763207737939,-0.004400515281754225
logistic_l2,2021-07-20,4,1,1,0.5257271768491835,0.00797755480859097
logistic_l2,2021-07-21,4,1,1,0.5258955325079779,0.009732663101604366
logistic_l2,2021-07-22,4,1,0,0.4933408847215423,0.001482883106328492
logistic_l2,2021-07-23,4,0,0,0.4406676863342948,-0.00010578529542726312
logistic_l2,2021-07-26,4,1,0,0.45704032654844295,0.004759858210706014
logistic_l2,2021-07-27,4,0,0,0.43427905315526755,-0.007369165330438188
logistic_l2,2021-07-28,4,1,0,0.4983930942310552,0.0057270229533670225
logistic_l2,2021-07-29,4,0,0,0.470340181099212,-0.002847242373779535
logistic_l2,2021-07-30,4,1,1,0.5200767648349804,0.013219120414956098
logistic_l2,2021-08-02,4,0,0,0.42975185547049854,-0.002609331022008776
logistic_l2,2021-08-03,4,1,0,0.4565525659011417,0.004499790801586245
logistic_l2,2021-08-04,4,1,0,0.4024326536120081,0.0010417543711169763
logistic_l2,2021-08-05,4,1,0,0.41896685870342315,0.0029140078224167976
logistic_l2,2021-08-06,4,1,0,0.4080880233370591,0.0003112898107930917
logistic_l2,2021-08-09,4,1,0,0.4683125152542671,0.0030082986927739697
logistic_l2,2021-08-10,4,1,0,0.4546375446941251,0.0031026579149309175
logistic_l2,2021-08-11,4,1,0,0.4427493494146043,0.0014434374975449416
logistic_l2,2021-08-12,4,1,0,0.4617929127536676,0.006383228859772272
logistic_l2,2021-08-13,4,0,0,0.3955269750778272,-0.006342741687979547
logistic_l2,2021-08-16,4,0,0,0.457272766682015,-0.008442283798279271
logistic_l2,2021-08-17,4,0,1,0.5126774070601862,-0.0002076316105830145
logistic_l2,2021-08-18,4,0,0,0.46631835458480797,-0.004881098713458432
logistic_l2,2021-08-19,4,0,1,0.5157576392609788,-0.00010438321853478705
logistic_l2,2021-08-20,4,1,1,0.5440906696334488,0.0036531260547569833
logistic_l2,2021-08-23,4,1,1,0.5209103486978107,0.002807778585367071
logistic_l2,2021-08-24,4,1,1,0.5075788844631786,0.004666566421238194
logistic_l2,2021-08-25,4,0,0,0.46627612967074267,-0.005161024106968171
logistic_l2,2021-08-26,4,1,1,0.5018153094123933,0.00010377672039152408
logistic_l2,2021-08-27,4,1,0,0.45394658312569186,0.002282415211976474
logistic_l2,2021-08-30,4,1,1,0.536156160434386,0.004657871807702385
logistic_l2,2021-08-31,4,0,0,0.4495218687116386,-0.0007212033942138873
logistic_l2,2021-09-01,4,0,0,0.47608345017507286,-0.0010310238381486814
logistic_l2,2021-09-02,4,1,0,0.4791932639850127,0.005882960118515301
logistic_l2,2021-09-03,4,1,0,0.4328975116208254,0.0017442848527016164
logistic_l2,2021-09-06,4,1,0,0.4246009177269981,0.0008194407708523865
logistic_l2,2021-09-07,4,0,0,0.43307062852919015,-0.0023538634976344452
logistic_l2,2021-09-08,5,0,0,0.4224082064138678,-0.017644654770886614
logistic_l2,2021-09-09,5,1,1,0.6257326361000349,0.0041771302385729125
logistic_l2,2021-09-10,5,1,1,0.5221741359813643,0.003015734067565168
logistic_l2,2021-09-13,5,1,1,0.5280442738623116,0.0015552203697839495
logistic_l2,2021-09-14,5,0,1,0.5478029665094093,-0.002898530080714945
logistic_l2,2021-09-15,5,1,1,0.5167552881475025,0.006852190614617948
logistic_l2,2021-09-16,5,0,0,0.493715481847454,-0.009795875135206966
logistic_l2,2021-09-17,5,0,1,0.5756472745014105,-0.019993731333892928
logistic_l2,2021-09-20,5,1,1,0.6150976543650327,0.0036127509976331407
logistic_l2,2021-09-21,5,1,1,0.5268742906979149,0.0035998307125411078
logistic_l2,2021-09-22,5,1,1,0.573541316342074,0.010866114454413767
logistic_l2,2021-09-23,5,0,1,0.5183685620357352,-0.003965748278021097
logistic_l2,2021-09-24,5,1,1,0.5407460996540208,0.005867539692633317
logistic_l2,2021-09-27,5,0,0,0.46962788095831626,-0.015000020833333405
logistic_l2,2021-09-28,5,0,1,0.561436491659347,-0.010575296331964856
logistic_l2,2021-09-29,5,1,1,0.5569401003686517,0.017956392004198296
logistic_l2,2021-09-30,5,0,0,0.4978048001011211,-0.03380933502329553
logistic_l2,2021-10-01,5,1,1,0.5877248205739076,0.012388687645795038
logistic_l2,2021-10-04,5,0,0,0.4779282275472142,-0.004186421031068144
logistic_l2,2021-10-05,5,0,1,0.5807875502021284,-0.006036412828600235
logistic_l2,2021-10-06,5,1,1,0.5665728097593888,0.006940668115613002
logistic_l2,2021-10-07,5,1,1,0.5376626761161325,0.007646742221792957
logistic_l2,2021-10-08,5,0,1,0.5743157391191499,-0.0011757268314606106
logistic_l2,2021-10-11,5,0,1,0.5858219186367772,-0.00428029976287736
logistic_l2,2021-10-12,5,1,1,0.5358787465707718,0.0010746802447711978
logistic_l2,2021-10-13,5,1,1,0.5632183292685902,0.006441202223484543
logistic_l2,2021-10-14,5,1,1,0.5637078251001579,0.006613365333333343
logistic_l2,2021-10-15,5,1,1,0.5385077036249483,0.002861036255344951
logistic_l2,2021-10-18,5,0,1,0.5027588008058562,-0.0011622992515035735
logistic_l2,2021-10-19,5,1,0,0.45407764720200317,0.007087675945072203
logistic_l2,2021-10-20,5,0,0,0.4406433031320899,-0.0011554727254875496
logistic_l2,2021-10-21,5,0,0,0.4797958416800273,-0.0008412451715741343
logistic_l2,2021-10-22,5,1,0,0.4835486675914393,0.0036838121527458245
logistic_l2,2021-10-25,5,1,0,0.47300531705749654,0.0012584102217028104
logistic_l2,2021-10-26,5,1,0,0.48459667111638943,0.00041887304926047086
logistic_l2,2021-10-27,5,0,0,0.48476091684206707,-0.0031406617401800174
logistic_l2,2021-10-28,5,0,1,0.5033007626220991,-0.015752992903245167
logistic_l2,2021-10-29,5,1,1,0.6284157486639187,0.00928291710112128
logistic_l2,2021-11-01,5,0,1,0.5301489160507235,-0.006554551498236694
logistic_l2,2021-11-02,5,1,1,0.6035594400757165,0.009151867519933354
logistic_l2,2021-11-03,5,1,0,0.48054629426469636,0.0048507749688755375
logistic_l2,2021-11-04,5,1,0,0.4749289825667487,0.0051421764598365005
logistic_l2,2021-11-05,5,1,0,0.44682536988933297,0.0006264042663020053
logistic_l2,2021-11-08,5,0,0,0.47883471423275764,-0.002295419544883992
logistic_l2,2021-11-09,5,0,0,0.4904710145985914,-0.0017779334309370176
logistic_l2,2021-11-10,5,0,1,0.5282648042116561,-0.005657339098711467
logistic_l2,2021-11-11,5,1,1,0.5937693365391533,0.008428984999305111
logistic_l2,2021-11-12,5,1,0,0.4911314872704931,0.005119611379371225
logistic_l2,2021-11-15,5,0,0,0.49063318358450325,-0.006860665494615281
logistic_l2,2021-11-16,5,0,1,0.5117785253471334,-0.006594065243939018
logistic_l2,2021-11-17,5,1,1,0.5389872534347762,0.0018964491878010747
logistic_l2,2021-11-18,5,1,1,0.5048548549808903,0.0019981386895842057
logistic_l2,2021-11-19,5,0,1,0.5234946737461086,-0.004513024816467537
logistic_l2,2021-11-22,5,1,1,0.5965611567826754,0.008961507832609517
logistic_l2,2021-11-23,5,0,0,0.4737146149490427,-0.005015632341137888
logistic_l2,2021-11-24,5,1,1,0.513304060619454,0.0018903696503846934
logistic_l2,2021-11-25,5,0,0,0.4953800774288516,-0.01719077532094815
logistic_l2,2021-11-26,5,0,1,0.6426928176649507,-0.005759396208204093
logistic_l2,2021-11-29,5,1,0,0.490351370701811,0.00461275472417122
logistic_l2,2021-11-30,5,0,1,0.5758374998239527,-0.004484772995520081
logistic_l2,2021-12-01,5,0,1,0.5984038583209286,-0.002252558116940029
logistic_l2,2021-12-02,5,1,1,0.5689178852980444,0.0019350677897784774
logistic_l2,2021-12-03,5,1,1,0.6080689185822384,0.0016094528415060427
logistic_l2,2021-12-06,6,1,1,0.5639133998490509,0.006855918732853183
logistic_l2,2021-12-07,6,1,1,0.5442465842654246,0.013192946338822065
logistic_l2,2021-12-08,6,0,0,0.48977546034301395,-0.0030452692519603586
logistic_l2,2021-12-09,6,0,0,0.4774713921417244,-0.004002569959920765
logistic_l2,2021-12-10,6,1,0,0.45111675446427746,0.0054991963938071375
logistic_l2,2021-12-13,6,0,0,0.4499318934893923,-0.0006311001129342131
logistic_l2,2021-12-14,6,0,0,0.46388891319063374,-0.00884021286592962
logistic_l2,2021-12-15,6,0,1,0.5666387990652783,-0.0030792206413251533
logistic_l2,2021-12-16,6,1,1,0.588068924322509,0.0023431888629585895
logistic_l2,2021-12-17,6,0,1,0.5463949101645869,-0.0022314206542192183
logistic_l2,2021-12-20,6,1,1,0.5843619948034373,0.007774174488303087
logistic_l2,2021-12-21,6,1,1,0.5006348787967787,0.0008454190271187656
logistic_l2,2021-12-22,6,1,1,0.509461439868914,0.0034843417113752384
logistic_l2,2021-12-23,6,1,0,0.474263111169871,0.004945296665137766
logistic_l2,2021-12-24,6,1,0,0.4581459010150809,0.011831190203513975
logistic_l2,2021-12-29,6,1,0,0.42740610906546644,0.0012417529102002334
logistic_l2,2021-12-30,6,0,0,0.42404330287672093,-0.0091980051840016
logistic_l2,2021-12-31,6,1,0,0.4886763212005732,0.013142734542315626
logistic_l2,2022-01-04,6,0,0,0.3738878876930215,-0.004221105864957497
logistic_l2,2022-01-05,6,0,0,0.4845246046858336,-0.02615797119356922
logistic_l2,2022-01-06,6,1,1,0.6934443093298298,0.011784700885769217
logistic_l2,2022-01-07,6,0,0,0.47875693653514406,-0.001049380869379446
logistic_l2,2022-01-10,6,0,1,0.5362651311583863,-0.007247846867053931
logistic_l2,2022-01-11,6,1,1,0.5499677619149453,0.005502031414622133
logistic_l2,2022-01-12,6,1,1,0.517313860175084,0.005682426661921758
logistic_l2,2022-01-13,6,0,1,0.5049878165492455,-0.010672773883017572
logistic_l2,2022-01-14,6,1,1,0.5858737909327401,0.0030670861004626904
logistic_l2,2022-01-17,6,0,1,0.5231517024402227,-0.0014761599104242684
logistic_l2,2022-01-18,6,0,1,0.5565649476355405,-0.009292471255305301
logistic_l2,2022-01-19,6,1,1,0.5922882078188065,0.0012790662971648992
logistic_l2,2022-01-20,6,0,1,0.5295369691917896,-0.02203533059324403
logistic_l2,2022-01-21,6,0,1,0.6703194982328701,-0.005986752825076103
logistic_l2,2022-01-24,6,0,1,0.5777044536928989,-0.02496713753832669
logistic_l2,2022-01-25,6,0,1,0.7422783885966536,-0.01841867679224307
logistic_l2,2022-01-27,6,1,1,0.7663639229833341,0.022425617335798176
logistic_l2,2022-01-28,6,0,1,0.5816114906788933,-0.00279767230530803
logistic_l2,2022-01-31,6,1,1,0.6425892046382303,0.005049904555606499
logistic_l2,2022-02-01,6,1,0,0.4945281423869633,0.012505605460152225
logistic_l2,2022-02-02,6,0,0,0.44732087124842357,-0.0016541795324217512
logistic_l2,2022-02-03,6,1,0,0.4572318485766878,0.0061857616943086224
logistic_l2,2022-02-04,6,0,0,0.4849792021132218,-0.0016466572245759092
logistic_l2,2022-02-07,6,1,1,0.5205958959595774,0.010336430386267192
logistic_l2,2022-02-08,6,1,0,0.48689124713395027,0.010992621168675054
logistic_l2,2022-02-09,6,1,0,0.4992028586214459,0.003121983024243491
logistic_l2,2022-02-10,6,0,0,0.47409877687392704,-0.009980682549903475
logistic_l2,2022-02-11,6,1,0,0.4628829380327951,0.002493257452574449
logistic_l2,2022-02-14,6,0,0,0.42385017877550274,-0.004000886548414129
logistic_l2,2022-02-15,6,1,0,0.4990149729277704,0.012376495360151063
logistic_l2,2022-02-16,6,1,0,0.49036010186498624,0.00160860053619305
logistic_l2,2022-02-17,6,0,1,0.5201145684118292,-0.009743083303145994
logistic_l2,2022-02-18,6,1,0,0.4700380479464197,0.0012974700248127302
logistic_l2,2022-02-21,6,0,0,0.4489971396527753,-0.00982619576907251
logistic_l2,2022-02-22,6,1,1,0.5031857477472432,0.005888778818607943
logistic_l2,2022-02-23,6,0,0,0.49517705700568737,-0.023633998777840448
logistic_l2,2022-02-24,6,1,1,0.6707380819187272,0.002998045813858541
logistic_l2,2022-02-25,6,1,1,0.6081271353917139,0.007417225563661534
logistic_l2,2022-02-28,6,1,1,0.540985038844818,0.0061538241758241075
logistic_l2,2022-03-01,6,1,1,0.5214482524241926,0.004587210672503561
logistic_l2,2022-03-02,6,1,0,0.4472339896032018,0.009567275182628565
logistic_l2,2022-03-03,6,0,0,0.4837052580042518,-0.010122797651057391
logistic_l2,2022-03-04,6,0,1,0.5437408204732413,-0.010552665590789156
logistic_l2,2022-03-07,6,0,1,0.5685856509337339,-0.00758653131126541
logistic_l2,2022-03-08,6,1,1,0.5805585126672456,0.010857478155163358
logistic_l2,2022-03-09,7,1,1,0.6038308920289377,0.012494509261168574
logistic_l2,2022-03-10,7,0,0,0.49322452370213266,-0.00974230384527952
logistic_l2,2022-03-11,7,1,1,0.5427284143795055,0.01224305819054261
logistic_l2,2022-03-14,7,0,0,0.41257254698353185,-0.007019449395668453
logistic_l2,2022-03-15,7,1,0,0.4682354852448008,0.010766775772706128
logistic_l2,2022-03-16,7,1,0,0.45362540050399563,0.011082407766679347
logistic_l2,2022-03-17,7,1,1,0.5127420517773543,0.0025539852872833446
logistic_l2,2022-03-18,7,1,0,0.4559471099501112,0.0008491879933043567
logistic_l2,2022-03-21,7,1,0,0.49386964457491195,0.009014720447399371
logistic_l2,2022-03-22,7,1,0,0.43961619418929326,0.005255413130706543
logistic_l2,2022-03-23,7,1,0,0.44224782546300107,0.0011501568501688375
logistic_l2,2022-03-24,7,1,0,0.4587930983494893,0.003028731070496171
logistic_l2,2022-03-25,7,1,0,0.4477372511115758,0.0005205643427679263
logistic_l2,2022-03-28,7,1,0,0.45765997581967827,0.006868602637885468
logistic_l2,2022-03-29,7,1,0,0.41783065848171325,0.0069250439276487
logistic_l2,2022-03-30,7,0,0,0.4459216989338691,-0.0021556046428989895
logistic_l2,2022-03-31,7,0,0,0.4353493040934193,-0.021602695418194595
logistic_l2,2022-04-01,7,1,0,0.46099267541420774,0.003364514736994062
logistic_l2,2022-04-04,7,1,0,0.4653694910259539,0.0023053756680289084
logistic_l2,2022-04-05,7,0,1,0.549288615817386,-0.005331970615118253
logistic_l2,2022-04-06,7,0,1,0.5352592329022426,-0.006621789012211443
logistic_l2,2022-04-07,7,1,1,0.5466347340080184,0.004549782995454832
logistic_l2,2022-04-08,7,1,1,0.5223104660809015,0.001263914024353996
logistic_l2,2022-04-11,7,0,1,0.5463983301477849,-0.004839049123480876
logistic_l2,2022-04-12,7,1,1,0.5546649462771106,0.0033826639192953145
logistic_l2,2022-04-13,7,1,1,0.5147068900230755,0.006742520158923515
logistic_l2,2022-04-14,7,1,1,0.5032614689809443,0.005755577768011388
logistic_l2,2022-04-19,7,1,0,0.4658907513040206,0.0011445218900787424
logistic_l2,2022-04-20,7,1,0,0.48606338866046717,0.0031178133120162155
logistic_l2,2022-04-21,7,0,0,0.44936512242495336,-0.016576865413702735
logistic_l2,2022-04-22,7,0,0,0.47617218101362985,-0.020227539406395767
logistic_l2,2022-04-26,7,0,1,0.6106758164575041,-0.008279537634408696
logistic_l2,2022-04-27,7,1,1,0.5490388303841414,0.01290247166098446
logistic_l2,2022-04-28,7,1,1,0.5438397399235018,0.010383226512165056
logistic_l2,2022-04-29,7,0,1,0.5480012578275623,-0.011547791201904745
logistic_l2,2022-05-02,7,0,1,0.5784377658963684,-0.004715991273869569
logistic_l2,2022-05-03,7,0,0,0.4925528811416343,-0.0011845896921753862
logistic_l2,2022-05-04,7,1,1,0.5574718598997361,0.007439374663072762
logistic_l2,2022-05-05,7,0,1,0.5782296397421565,-0.02129714209552358
logistic_l2,2022-05-06,7,0,1,0.6253573705923092,-0.01115360342767413
logistic_l2,2022-05-09,7,0,1,0.5929460510587434,-0.01105827712042462
logistic_l2,2022-05-10,7,1,1,0.5994496483072567,0.004920082746281862
logistic_l2,2022-05-11,7,0,1,0.560759600253851,-0.018582462938161903
logistic_l2,2022-05-12,7,1,1,0.6960378118908228,0.01961454715242228
logistic_l2,2022-05-13,7,1,0,0.46842155818044506,0.0027799399532970615
logistic_l2,2022-05-16,7,1,1,0.5640629852075641,0.0032158017298735686
logistic_l2,2022-05-17,7,1,0,0.4705646992762051,0.009948071073857978
logistic_l2,2022-05-18,7,0,0,0.4767613538330802,-0.014556221476757503
logistic_l2,2022-05-19,7,1,0,0.44253142941392093,0.011328265089646017
logistic_l2,2022-05-20,7,0,0,0.44098961980001183,-0.00032944213330632355
logistic_l2,2022-05-23,7,0,1,0.5386705449226701,-0.0028562232544899757
logistic_l2,2022-05-24,7,1,1,0.5184112749905826,0.003305089896609603
logistic_l2,2022-05-25,7,0,1,0.5373076681554125,-0.007137388821785273
logistic_l2,2022-05-26,7,1,1,0.5606021018510657,0.011280734600325859
logistic_l2,2022-05-27,7,1,1,0.513461433533741,0.014435695222316358
logistic_l2,2022-05-30,7,0,0,0.47872108733685714,-0.01078050860757851
logistic_l2,2022-05-31,7,1,1,0.5548369087515278,0.0027244986328573972
logistic_l2,2022-06-01,7,0,0,0.4285311432113097,-0.008694739513210759
logistic_l2,2022-06-02,7,1,0,0.4496315505517971,0.009209560456195254
logistic_l2,2022-06-03,7,0,0,0.4769076559924228,-0.004019587049877593
logistic_l2,2022-06-06,7,0,1,0.5394305426152127,-0.015161420157068117
logistic_l2,2022-06-07,7,1,1,0.9130335637618257,0.0034333480625390322
logistic_l2,2022-06-08,7,0,1,0.524312090118118,-0.014348731001075699
logistic_l2,2022-06-09,8,0,1,0.626718345211722,-0.012654030929875715
logistic_l2,2022-06-10,8,0,1,0.6026099321362263,-0.03595325022010332
logistic_l2,2022-06-14,8,0,1,0.7380603720170912,-0.013294082352941161
logistic_l2,2022-06-15,8,0,1,0.6226841189431708,-0.0019077619443986782
logistic_l2,2022-06-16,8,0,1,0.7156849033827807,-0.016724417832091998
logistic_l2,2022-06-17,8,0,1,0.6868393514784767,-0.005345583898568429
logistic_l2,2022-06-20,8,1,1,0.6248428491772428,0.0129473184458051
logistic_l2,2022-06-21,8,0,1,0.5532173133196822,-0.0022911129868564695
logistic_l2,2022-06-22,8,1,1,0.615512143815724,0.0031423979488129916
logistic_l2,2022-06-23,8,1,1,0.5327365785001732,0.007469915662650539
logistic_l2,2022-06-24,8,1,1,0.5066486295489139,0.01985166156954099
logistic_l2,2022-06-27,8,1,0,0.4728121346061634,0.0085600728020645
logistic_l2,2022-06-28,8,0,0,0.4139911201954493,-0.007789861462856429
logistic_l2,2022-06-29,8,0,0,0.40738426112937576,-0.018631310927176514
logistic_l2,2022-06-30,8,0,1,0.5317929143664446,-0.030805994029850625
logistic_l2,2022-07-01,8,1,0,0.49881315054290276,0.011087865247945361
logistic_l2,2022-07-04,8,1,1,0.5245175666185279,0.0012184476666261546
logistic_l2,2022-07-05,8,0,1,0.6181172840330739,-0.004624522444311108
logistic_l2,2022-07-06,8,1,1,0.5541419507846423,0.008680755487458613
logistic_l2,2022-07-07,8,1,0,0.4939535683139019,0.004363648484848381
logistic_l2,2022-07-08,8,0,1,0.6116150672067461,-0.010982428059589378
logistic_l2,2022-07-11,8,0,1,0.601839377652633,-0.00048801710145263133
logistic_l2,2022-07-12,8,1,1,0.548974903639197,0.00219743610316514
logistic_l2,2022-07-13,8,1,1,0.5395030405813933,0.0054818494570276766
logistic_l2,2022-07-14,8,0,1,0.5479838384440603,-0.007148097805329656
logistic_l2,2022-07-15,8,1,1,0.5322182504832162,0.012324613019814912
logistic_l2,2022-07-18,8,0,0,0.44812697441511024,-0.005544828900009957
logistic_l2,2022-07-19,8,1,1,0.5283879147736006,0.017212096969696944
logistic_l2,2022-07-20,8,1,0,0.40813804631604284,0.004885653119295563
logistic_l2,2022-07-21,8,0,0,0.4106388881732385,-0.00035573341976191664
logistic_l2,2022-07-22,8,0,0,0.42960243031952433,-0.00023729536522076877
logistic_l2,2022-07-25,8,1,0,0.4459347315585387,0.002254413885315776
logistic_l2,2022-07-26,8,1,0,0.46029650021863094,0.003196365535736323
logistic_l2,2022-07-27,8,1,1,0.5137871906326703,0.009086665307686204
logistic_l2,2022-07-28,8,1,0,0.4859161192267191,0.008770903782694406
logistic_l2,2022-07-29,8,1,0,0.46557759596032555,0.006955703525256096
logistic_l2,2022-08-01,8,1,0,0.4395085204789323,0.0003453603460124022
logistic_l2,2022-08-02,8,0,0,0.4306893348638148,-0.0032224422053452884
logistic_l2,2022-08-03,8,1,0,0.44166727987922655,0.00034635722957676585
logistic_l2,2022-08-04,8,1,0,0.4685124859235099,0.0063481418091890784
logistic_l2,2022-08-05,8,1,0,0.45347111435866355,0.0006881293568496982
logistic_l2,2022-08-08,8,1,0,0.4683664102120734,0.0008022922636101715
logistic_l2,2022-08-09,8,0,0,0.44603869108796906,-0.00480987173614289
logistic_l2,2022-08-10,8,1,0,0.4728062020444908,0.011277272467726807
logistic_l2,2022-08-11,8,0,0,0.4218321210606081,-0.004437858594829036
logistic_l2,2022-08-12,8,1,0,0.4833088993362855,0.004914847523485033
logistic_l2,2022-08-15,8,1,0,0.42363693551136994,0.005573316778282766
logistic_l2,2022-08-16,8,1,0,0.43423734847838236,0.004976744486969942
logistic_l2,2022-08-17,8,0,0,0.4132586409686399,-0.0028137310706524143
logistic_l2,2022-08-18,8,1,0,0.45090623848193156,0.00045147856549609955
logistic_l2,2022-08-19,8,0,0,0.4538790164513311,-0.009250891349852242
logistic_l2,2022-08-22,8,0,0,0.4973635901320897,-0.01207012070143465
logistic_l2,2022-08-23,8,1,1,0.571919328200679,0.0062240777726123575
logistic_l2,2022-08-24,8,1,1,0.512448062156759,0.007216460233111288
logistic_l2,2022-08-25,8,1,1,0.5180181520313025,0.007505925167746952
logistic_l2,2022-08-26,8,0,0,0.4991090143959551,-0.019641021318027807
logistic_l2,2022-08-29,8,1,1,0.5029459098905584,0.005066240761456342
logistic_l2,2022-08-30,8,0,0,0.45969139553274313,-0.00045825409029387476
logistic_l2,2022-08-31,8,0,0,0.4905180852391327,-0.013638991404011591
logistic_l2,2022-09-01,8,0,1,0.5437820579538749,-0.0019753544498105624
logistic_l2,2022-09-02,8,1,1,0.5755188606419704,0.004307870582231477
logistic_l2,2022-09-05,8,0,1,0.5452525961537827,-0.00313011817458575
logistic_l2,2022-09-06,8,0,1,0.5901807508818252,-0.013722526194267504
logistic_l2,2022-09-07,9,1,1,0.5781833098317521,0.01957319937680002
logistic_l2,2022-09-08,9,1,0,0.40165587054481366,0.00693881106812988
logistic_l2,2022-09-09,9,1,0,0.4763366919190967,0.010106776157114972
logistic_l2,2022-09-12,9,1,0,0.462988743802004,0.0068221264407775095
logistic_l2,2022-09-13,9,0,0,0.44051769207061103,-0.026425792441813978
logistic_l2,2022-09-14,9,1,0,0.42683640903421183,0.0032478715143007264
logistic_l2,2022-09-15,9,0,0,0.4834606677065675,-0.015261880339042078
logistic_l2,2022-09-16,9,0,1,0.5775732154805026,-0.0016437595783436176
logistic_l2,2022-09-19,9,1,1,0.5656881228127381,0.013054216312527567
logistic_l2,2022-09-20,9,0,1,0.5591837528567593,-0.015788251866592162
logistic_l2,2022-09-21,9,0,1,0.5936553088938389,-0.018872363987642804
logistic_l2,2022-09-23,9,0,1,0.5802979045972582,-0.01574894205337829
logistic_l2,2022-09-26,9,1,1,0.5068258015094751,0.002687101403917147
logistic_l2,2022-09-27,9,0,1,0.5212672830324407,-0.00438534556634651
logistic_l2,2022-09-28,9,1,1,0.6201573333023384,0.014070646736670245
logistic_l2,2022-09-29,9,0,1,0.5468566603721678,-0.015082046877969879
logistic_l2,2022-09-30,9,0,1,0.5891032803729737,-0.017518069981063533
logistic_l2,2022-10-03,9,1,1,0.5216373855765962,0.036409053731012
logistic_l2,2022-10-04,9,1,0,0.3889243942765861,0.01816643341555224
logistic_l2,2022-10-05,9,1,0,0.41643692208678806,0.00035456695100677393
logistic_l2,2022-10-06,9,0,0,0.4211307366050101,-0.007559732692665522
logistic_l2,2022-10-07,9,0,0,0.40959377008273934,-0.014163235449770495
logistic_l2,2022-10-10,9,0,0,0.4102790456163447,-0.0036219122631433454
logistic_l2,2022-10-11,9,1,1,0.5542495526200505,0.00024238459035963444
logistic_l2,2022-10-12,9,0,1,0.6011302471539892,-0.0016959296779189836
logistic_l2,2022-10-13,9,1,1,0.6183258081699265,0.01820167367058989
logistic_l2,2022-10-14,9,0,1,0.5305425605329618,-0.014658609717144055
logistic_l2,2022-10-17,9,1,1,0.5397865131719686,0.01777941461054655
logistic_l2,2022-10-18,9,1,0,0.405766873215627,0.002614390906372055
logistic_l2,2022-10-19,9,0,0,0.46084320894105424,-0.010193208123982167
logistic_l2,2022-10-20,9,0,0,0.44611398579417283,-0.007783510770362656
logistic_l2,2022-10-21,9,1,0,0.4875033501324722,0.014844255191355904
logistic_l2,2022-10-24,9,1,0,0.498201234347239,0.0034486979878083357
logistic_l2,2022-10-25,9,1,1,0.5310128974419247,0.001303638349264169
logistic_l2,2022-10-26,9,1,0,0.482837926747754,0.005681181339358021
logistic_l2,2022-10-27,9,0,0,0.47553305519269723,-0.008708932461940266
logistic_l2,2022-10-28,9,1,1,0.5102721563260183,0.01139735208130066
logistic_l2,2022-10-31,9,1,0,0.4471612119572514,0.016081652398599378
logistic_l2,2022-11-01,9,1,0,0.4459725425888679,0.002195032398221608
logistic_l2,2022-11-02,9,0,0,0.47439651501804236,-0.018674386167146895
logistic_l2,2022-11-03,9,1,0,0.49524137003455937,0.004581228870476739
logistic_l2,2022-11-04,9,1,0,0.417998408816936,0.007717528334338031
logistic_l2,2022-11-07,9,1,0,0.486784115997404,0.003481120909723634
logistic_l2,2022-11-08,9,1,1,0.5057212355258787,0.006244148719560139
logistic_l2,2022-11-09,9,0,0,0.48802178832509235,-0.005515927563178424
logistic_l2,2022-11-10,9,1,1,0.5045246006922748,0.02750169831867688
logistic_l2,2022-11-11,9,0,0,0.44741089602940587,-0.0013494714653502493
logistic_l2,2022-11-14,9,1,0,0.48826023926375056,0.0010134684342295586
logistic_l2,2022-11-15,9,0,0,0.41015588480660614,-0.0029249859705814396
logistic_l2,2022-11-16,9,1,0,0.43200299733815917,0.0034977435461269746
logistic_l2,2022-11-17,9,1,0,0.4014879384603107,0.0016864627459756143
logistic_l2,2022-11-18,9,0,1,0.5191366810946539,-0.0019081603730232155
logistic_l2,2022-11-21,9,1,1,0.5419292348780155,0.006072885876583056
logistic_l2,2022-11-22,9,1,0,0.4899657872637199,0.006036228549477274
logistic_l2,2022-11-23,9,1,0,0.4807004021449515,0.0014444111111111546
logistic_l2,2022-11-24,9,1,0,0.48809769253916246,0.0023299568067221
logistic_l2,2022-11-25,9,0,0,0.41216254136038466,-0.004095583533123004
logistic_l2,2022-11-28,9,1,0,0.4521697159371914,0.0030009669556412266
logistic_l2,2022-11-29,9,1,0,0.40208578491909275,0.004543484143251009
logistic_l2,2022-11-30,9,1,0,0.4416436451656438,0.009817969998500375
logistic_l2,2022-12-01,9,0,0,0.4262490677519897,-0.006773028110410362
logistic_l2,2022-12-02,9,1,0,0.44746540449609445,0.0034096459175019245
logistic_l2,2022-12-05,9,0,0,0.40672833989621265,-0.004713361677736616
logistic_l2,2022-12-06,10,0,0,0.4402329044912277,-0.00892075961715555
logistic_l2,2022-12-07,10,0,0,0.4793665923650338,-0.007556395322955822
logistic_l2,2022-12-08,10,1,1,0.5634373177478206,0.005598477339569641
logistic_l2,2022-12-09,10,0,1,0.5063889065560447,-0.004565148748806203
logistic_l2,2022-12-12,10,1,1,0.5588188458522817,0.0025726509491577065
logistic_l2,2022-12-13,10,1,1,0.5320155563123378,0.007028952594966498
logistic_l2,2022-12-14,10,0,0,0.45713548900583845,-0.006647440579493846
logistic_l2,2022-12-15,10,0,0,0.489958134599425,-0.007584217819129324
logistic_l2,2022-12-16,10,0,1,0.5088198229390599,-0.0020229264321331986
logistic_l2,2022-12-19,10,0,1,0.5198710570676462,-0.015315326059166856
logistic_l2,2022-12-20,10,1,1,0.6205073920100271,0.012122575203051822
logistic_l2,2022-12-21,10,1,1,0.5071872296481262,0.005084711864406843
logistic_l2,2022-12-22,10,0,1,0.6315042795851192,-0.006632895108473091
logistic_l2,2022-12-23,10,0,0,0.47050414164381954,-0.0021503281784706063
logistic_l2,2022-12-28,10,0,1,0.5342021323127568,-0.008279414954733277
logistic_l2,2022-12-29,10,1,1,0.5166780807583432,0.0029734102705074594
logistic_l2,2022-12-30,10,0,1,0.5374086386007689,-0.021436682603307333
logistic_l2,2023-01-03,10,1,1,0.7287798297392688,0.015963668142624288
logistic_l2,2023-01-04,10,1,0,0.4716000332011883,0.0014909737013193425
logistic_l2,2023-01-05,10,1,1,0.5608203138032264,0.0062987059092991515
logistic_l2,2023-01-06,10,1,0,0.470139222159466,0.006031626060147177
logistic_l2,2023-01-09,10,0,0,0.47791809665713175,-0.0029412103406966095
logistic_l2,2023-01-10,10,1,1,0.521304206644698,0.009303381090349117
logistic_l2,2023-01-11,10,1,0,0.4633654243559982,0.01169065885443632
logistic_l2,2023-01-12,10,1,1,0.5341421293841313,0.0072222444444445255
logistic_l2,2023-01-13,10,1,0,0.4616228598219385,0.008383915976085676
logistic_l2,2023-01-16,10,0,0,0.43881125076492855,-0.0010940378035647624
logistic_l2,2023-01-17,10,1,0,0.43493934241871607,0.0009856970974855273
logistic_l2,2023-01-18,10,1,0,0.4254027849497872,0.006017450634191457
logistic_l2,2023-01-19,10,1,0,0.4386082369562535,0.0013050897652557847
logistic_l2,2023-01-20,10,1,0,0.4555947376663477,0.00141193657000116
logistic_l2,2023-01-23,10,1,0,0.46462889329093926,0.004555379757767319
logistic_l2,2023-01-24,10,0,0,0.4729923421475977,-0.002915191009009166
logistic_l2,2023-01-25,10,1,0,0.48685220087247116,0.0025987872788042488
logistic_l2,2023-01-27,10,0,0,0.44549906713409926,-0.0011879577141358233
logistic_l2,2023-01-30,10,0,0,0.47784238560497977,-0.00043253675067456143
logistic_l2,2023-01-31,10,1,0,0.48158132870176185,0.002704456886532647
logistic_l2,2023-02-01,10,1,0,0.47020683504422633,0.0016182327841571809
logistic_l2,2023-02-02,10,1,0,0.4988791157920503,0.0063550627468791365
logistic_l2,2023-02-03,10,0,0,0.4296158654596385,-0.002782853473188518
logistic_l2,2023-02-06,10,0,0,0.46233894469016845,-0.00558115285137184
logistic_l2,2023-02-07,10,1,0,0.4772436597374521,0.004101424628139894
logistic_l2,2023-02-08,10,0,0,0.442215447234646,-0.005267096692111117
logistic_l2,2023-02-09,10,0,0,0.49004128564609195,-0.007996520337189117
logistic_l2,2023-02-10,10,0,1,0.5377943254287092,-0.0021787036325042752
logistic_l2,2023-02-13,10,1,1,0.5060811642251799,0.0016375764549689809
logistic_l2,2023-02-14,10,0,1,0.5299115845157695,-0.009700261580381508
logistic_l2,2023-02-15,10,1,1,0.5804237902596225,0.0077041271439122205
logistic_l2,2023-02-16,10,0,0,0.48218746024295495,-0.008191350113397777
logistic_l2,2023-02-17,10,1,1,0.5412835552348797,0.000660775259569979
logistic_l2,2023-02-20,10,0,0,0.49596623516983884,-0.0018708704125386388
logistic_l2,2023-02-21,10,0,1,0.5337083411219165,-0.0019845645639877674
logistic_l2,2023-02-22,10,0,1,0.5023510201243329,-0.0029827331965113224
logistic_l2,2023-02-23,10,1,1,0.5501792879603807,0.00265925761772845
logistic_l2,2023-02-24,10,0,1,0.5403222435286386,-0.010719427797976078
logistic_l2,2023-02-27,10,1,1,0.5695006901515123,0.004356646705428346
logistic_l2,2023-02-28,10,1,1,0.5294999278630911,0.0005560560313175866
logistic_l2,2023-03-01,10,1,1,0.5744125922601233,0.0015562361222347665
logistic_l2,2023-03-02,10,1,1,0.5284328542190075,0.003995571675817322
logistic_l2,2023-03-03,10,1,0,0.49975796968609143,0.00641169584801804
logistic_l2,2023-03-06,10,1,0,0.488561638995792,0.005492091328074489
logistic_l2,2023-03-07,10,0,0,0.46952017075946684,-0.006008335088394934
logistic_l2,2023-03-08,10,1,0,0.49487787035572284,0.005055489725365181
logistic_l2,2023-03-09,11,0,0,0.4799636424753387,-0.023072729023708938
logistic_l2,2023-03-10,11,0,1,0.6527580452425702,-0.005260723315904325
logistic_l2,2023-03-13,11,0,1,0.5661231013798815,-0.014965702206626408
logistic_l2,2023-03-14,11,1,1,0.6606171235158506,0.009252878578331236
logistic_l2,2023-03-15,11,0,1,0.5487167448208017,-0.013355970873932477
logistic_l2,2023-03-16,11,1,1,0.6115438018569753,0.003670987809360593
logistic_l2,2023-03-17,11,0,1,0.5214186476927567,-0.013715819264277451
logistic_l2,2023-03-20,11,1,1,0.6116842874694477,0.00857570971635524
logistic_l2,2023-03-21,11,1,1,0.5276924964612543,0.008502792238340717
logistic_l2,2023-03-22,11,0,1,0.5509224283859061,-0.007063860330313143
logistic_l2,2023-03-23,11,0,1,0.533749871147866,-0.0019506482627504873
logistic_l2,2023-03-24,11,1,0,0.49887848514906546,0.0013795699685132945
logistic_l2,2023-03-27,11,1,1,0.5355361351968876,0.0097588865616276
logistic_l2,2023-03-28,11,1,1,0.5145256488274493,0.0026151564280327833
logistic_l2,2023-03-29,11,1,1,0.5126011454941038,0.00986621682921296
logistic_l2,2023-03-30,11,1,0,0.4795578718138024,0.008197596579530675
logistic_l2,2023-03-31,11,1,0,0.46209669881500715,0.00011140565951661685
logistic_l2,2023-04-03,11,1,0,0.45052032090187416,0.0015591825196661357
logistic_l2,2023-04-04,11,1,0,0.4558565889259296,0.00011121983765161048
logistic_l2,2023-04-05,11,0,0,0.47158672941206425,-0.002334878756173553
logistic_l2,2023-04-06,11,1,1,0.5185366202089968,0.012816159161390006
logistic_l2,2023-04-11,11,1,0,0.4737144581170827,0.004731525244218382
logistic_l2,2023-04-12,11,0,0,0.48276692728271486,-0.003614007307283007
logistic_l2,2023-04-13,11,1,0,0.4736802619976307,0.005825444960690929
logistic_l2,2023-04-14,11,1,0,0.44787219585318316,0.002841164837915855
logistic_l2,2023-04-17,11,0,0,0.4642617533486278,-0.0032689986902800783
logistic_l2,2023-04-18,11,1,0,0.4874134397373292,0.0009838963487056596
logistic_l2,2023-04-19,11,0,0,0.4837777635176894,-0.00032764308273569576
logistic_l2,2023-04-20,11,0,1,0.5069155200914018,-0.0050256637717215336
logistic_l2,2023-04-21,11,0,1,0.5301233309860943,-0.0006588119029317108
logistic_l2,2023-04-24,11,0,1,0.525237090537358,-0.0005494231282403561
logistic_l2,2023-04-26,11,0,1,0.5122069777218767,-0.003957794678515758
logistic_l2,2023-04-27,11,1,1,0.5104760886293613,0.0030904967569647113
logistic_l2,2023-04-28,11,1,1,0.5002955537212785,0.00352112687679762
logistic_l2,2023-05-01,11,0,0,0.49320594956424574,-0.010087697700253084
logistic_l2,2023-05-02,11,0,1,0.5385449659119251,-0.009636630589683559
logistic_l2,2023-05-03,11,1,0,0.48314410288492976,0.00044729893983674884
logistic_l2,2023-05-04,11,1,0,0.49610027328073664,0.0034656792665963554
logistic_l2,2023-05-05,11,1,1,0.517734630825321,0.008244184308284552
logistic_l2,2023-05-08,11,0,0,0.48721728674638315,-0.001878430939226572
logistic_l2,2023-05-09,11,0,0,0.47599329971639537,-0.0002214546613206192
logistic_l2,2023-05-10,11,1,0,0.4788538931668843,0.0009966116929822633
logistic_l2,2023-05-11,11,1,0,0.49129412478772894,0.0005530420231627531
logistic_l2,2023-05-12,11,1,0,0.48985112927081875,0.002763958079512241
logistic_l2,2023-05-15,11,0,1,0.5027728489476061,-0.004189603225675964
logistic_l2,2023-05-16,11,0,1,0.5454191594082669,-0.005757274136403812
logistic_l2,2023-05-17,11,1,1,0.5215114933976832,0.005679231436105825
logistic_l2,2023-05-18,11,1,1,0.5090984604934197,0.00697601609956866
linear_svm,2020-06-15,0,1,1,0.5872191385585365,0.03972507216494847
linear_svm,2020-06-16,0,1,1,0.6088425824988773,0.007139093166830923
linear_svm,2020-06-17,0,0,1,0.610183149777508,-0.008794933053294929
linear_svm,2020-06-18,0,1,1,0.5982436093511517,0.0018540590159168424
linear_svm,2020-06-19,0,0,1,0.5922322522433763,-0.00013222735935947139
linear_svm,2020-06-22,0,1,1,0.5613214788833897,0.0010576679145646306
linear_svm,2020-06-23,0,1,1,0.6191436208458075,0.0018489170384454745
linear_svm,2020-06-24,0,0,1,0.6040993849716808,-0.023332520124802025
linear_svm,2020-06-25,0,1,1,0.5756490777300918,0.013767108315136056
linear_svm,2020-06-26,0,0,1,0.6017963812189655,-0.015177739113596878
linear_svm,2020-06-29,0,1,1,0.5920304183459781,0.015411653164639105
linear_svm,2020-06-30,0,1,1,0.5891287166814015,0.001730754869780915
linear_svm,2020-07-01,0,1,1,0.5818216938100215,0.018208440143764992
linear_svm,2020-07-02,0,1,1,0.5800317678976072,0.002610586051291053
linear_svm,2020-07-03,0,0,1,0.5805915325916823,-0.006119021120141066
linear_svm,2020-07-06,0,0,1,0.5833032497801406,-0.0003929526011503537
linear_svm,2020-07-07,0,0,1,0.5853723197069924,-0.015725291985985823
linear_svm,2020-07-08,0,1,1,0.5767587944349982,0.00732263337341732
linear_svm,2020-07-09,0,0,1,0.586286445956668,-0.007137205543896186
linear_svm,2020-07-10,0,1,1,0.5888420181262319,0.010649560277573578
linear_svm,2020-07-13,0,0,1,0.5975100481459789,-0.006981019678109046
linear_svm,2020-07-14,0,1,1,0.5608039973162033,0.01870279902775973
linear_svm,2020-07-15,0,0,1,0.5643039334009142,-0.007552109079995817
linear_svm,2020-07-16,0,1,1,0.5707314695607694,0.004198373075329664
linear_svm,2020-07-17,0,0,1,0.563929306813463,-0.004964685067093244
linear_svm,2020-07-20,0,1,1,0.5709149793783012,0.025735279635752173
linear_svm,2020-07-21,0,0,1,0.5432939361388571,-0.013184932929406035
linear_svm,2020-07-22,0,1,1,0.5633162087270692,0.0028538333300729413
linear_svm,2020-07-23,0,0,1,0.5534978236364656,-0.010477273586270042
linear_svm,2020-07-24,0,1,1,0.561243550545628,0.0036601176470589802
linear_svm,2020-07-27,0,0,1,0.5611731019408318,-0.0037770383404147623
linear_svm,2020-07-28,0,1,1,0.5726774052420623,0.006667564561839923
linear_svm,2020-07-29,0,0,1,0.5693417798480648,-0.002857155844155801
linear_svm,2020-07-30,0,0,1,0.5660143768648924,-0.01888508750827167
linear_svm,2020-07-31,0,0,1,0.5800591702801668,-0.000796561773620974
linear_svm,2020-08-03,0,1,1,0.5704620994202798,0.01806828821847839
linear_svm,2020-08-04,0,0,1,0.5739013219031704,-0.005741811525844076
linear_svm,2020-08-05,0,1,1,0.5678385029680824,0.007743758820218938
linear_svm,2020-08-06,0,0,1,0.5629183957395197,-0.005209716139746301
linear_svm,2020-08-07,0,1,1,0.5590272625985387,0.016234695583975833
linear_svm,2020-08-10,0,1,1,0.5440408615444428,0.003864918685973384
linear_svm,2020-08-11,0,0,1,0.5397657264861351,-0.0011549794957644854
linear_svm,2020-08-12,0,0,1,0.567351044538819,-0.0021842219662282503
linear_svm,2020-08-13,0,1,1,0.5799962876445828,0.0019314189064423282
linear_svm,2020-08-14,0,0,1,0.551223047257323,-0.007196992859452189
linear_svm,2020-08-17,0,1,1,0.5601340052752121,0.007508116504854279
linear_svm,2020-08-18,0,1,1,0.5568463472494724,0.008608479799345314
linear_svm,2020-08-19,0,0,1,0.5476958568241372,-0.008025439490445874
linear_svm,2020-08-20,0,0,1,0.5485557089286883,-0.0008989340863386763
linear_svm,2020-08-21,0,1,1,0.5577131225994559,0.005141310855733439
linear_svm,2020-08-24,0,1,1,0.5468432541417639,0.004347877404650147
linear_svm,2020-08-25,0,0,1,0.5607640054467011,-0.006111573642582635
linear_svm,2020-08-26,0,1,1,0.559969941122409,0.001793479420791222
linear_svm,2020-08-27,0,0,1,0.5513845434643102,-0.0076726217777219885
linear_svm,2020-08-28,0,0,1,0.5602062489506878,-0.0002576804190124182
linear_svm,2020-08-31,0,0,1,0.5553686706021449,-0.016885859322354646
linear_svm,2020-09-01,0,1,1,0.5766729270626204,0.019273647014828033
linear_svm,2020-09-02,0,1,1,0.5522623907493538,0.008875765600097063
linear_svm,2020-09-03,0,0,1,0.5602989964636063,-0.030600548259594573
linear_svm,2020-09-04,0,1,1,0.5532308910213525,0.0028936078244587993
linear_svm,2020-09-07,0,1,1,0.5459865626645608,0.009836065573770592
linear_svm,2020-09-08,0,0,1,0.5559727728705502,-0.019870116883116906
linear_svm,2020-09-09,0,1,1,0.5615262006908021,0.006227653289682777
linear_svm,2020-09-10,1,0,1,0.5762783572167219,-0.008427692693502964
linear_svm,2020-09-11,1,1,1,0.5682066356499494,0.005577662460385158
linear_svm,2020-09-14,1,0,1,0.5612736286722103,-0.0001320919158466216
linear_svm,2020-09-15,1,1,1,0.5745534773730463,0.010962911252977436
linear_svm,2020-09-16,1,0,1,0.5560328522580023,-0.011627893759761032
linear_svm,2020-09-17,1,0,1,0.5666095388989504,-0.002379391873644665
linear_svm,2020-09-18,1,0,1,0.5531583602500387,-0.006625148978068762
linear_svm,2020-09-21,1,0,1,0.5704983364966053,-0.007202894395052617
linear_svm,2020-09-22,1,1,1,0.5727347392737383,0.02297459357785825
linear_svm,2020-09-23,1,0,1,0.550069549479134,-0.007748831202375017
linear_svm,2020-09-24,1,1,1,0.5626363997587148,0.013898014008020487
linear_svm,2020-09-25,1,0,1,0.5461063306175621,-0.0009138250891337352
linear_svm,2020-09-28,1,0,1,0.5509353667292677,-0.0015679472307323916
linear_svm,2020-09-29,1,0,1,0.542786374647261,-0.0206779468301036
linear_svm,2020-09-30,1,1,1,0.5739095882358735,0.003608124987087402
linear_svm,2020-10-01,1,0,1,0.5415181262115779,-0.01478029333635933
linear_svm,2020-10-02,1,1,1,0.5817820307380347,0.023922206350107
linear_svm,2020-10-05,1,1,1,0.552717160168714,0.002771898026084907
linear_svm,2020-10-06,1,1,1,0.5683540802273934,0.013557970072950232
linear_svm,2020-10-07,1,1,1,0.52592527759003,0.011298740259740203
linear_svm,2020-10-08,1,1,1,0.5293094415195616,0.001540965652717441
linear_svm,2020-10-09,1,1,1,0.5182107386713172,0.003333786468362243
linear_svm,2020-10-12,1,1,1,0.5318862650603778,0.010990428115015938
linear_svm,2020-10-13,1,0,1,0.5253873405438964,-0.0029073947300291003
linear_svm,2020-10-14,1,1,1,0.5300778243574638,0.005324619877964842
linear_svm,2020-10-15,1,0,1,0.5364218657771284,-0.005422446200916364
linear_svm,2020-10-16,1,1,1,0.5472515769658751,0.008621782352411067
linear_svm,2020-10-19,1,0,1,0.539376699344447,-0.007919610009316957
linear_svm,2020-10-20,1,1,1,0.5496328796999671,0.0016473011061151066
linear_svm,2020-10-21,1,0,1,0.5785654661279304,-0.003289082734127202
linear_svm,2020-10-22,1,1,1,0.5458144985158029,0.002030663764047924
linear_svm,2020-10-23,1,0,1,0.5505548968193362,-0.004559860844579822
linear_svm,2020-10-26,1,0,1,0.5512183821526192,-0.01641421383963415
linear_svm,2020-10-27,1,0,1,0.5848252982769051,-0.0001293919742797467
linear_svm,2020-10-28,1,0,1,0.5549255586672652,-0.01565531096318673
linear_svm,2020-10-29,1,0,1,0.5842180276315089,-0.006046253784273037
linear_svm,2020-10-30,1,1,1,0.5848796660656091,0.004363845370384256
linear_svm,2020-11-02,1,1,1,0.5866886177112003,0.01935485264074477
linear_svm,2020-11-03,1,0,1,0.542596256538504,-0.0021957892584808514
linear_svm,2020-11-04,1,1,1,0.5642565460402892,0.013333320388349668
linear_svm,2020-11-05,1,1,1,0.5351959646592159,0.00855899346651734
linear_svm,2020-11-06,1,1,1,0.5287183928008371,0.018999367409729073
linear_svm,2020-11-09,1,1,1,0.5174763160313982,0.0063393663022759394
linear_svm,2020-11-10,1,1,1,0.5343055202815981,0.017292515035727707
linear_svm,2020-11-11,1,0,1,0.509818810766075,-0.00437106599840853
linear_svm,2020-11-12,1,0,1,0.5280565011302889,-0.001829292682926864
linear_svm,2020-11-13,1,1,1,0.5219189088244377,0.013683604488298196
linear_svm,2020-11-16,1,1,1,0.527728398636591,0.0014462456135200252
linear_svm,2020-11-17,1,1,1,0.6928842412095861,0.004814081348613941
linear_svm,2020-11-18,1,1,1,0.526657944136256,0.001437333846863842
linear_svm,2020-11-19,1,0,1,0.5307037330656521,-0.0004784236278145837
linear_svm,2020-11-20,1,1,1,0.5256165227630771,0.004188081847553038
linear_svm,2020-11-23,1,1,1,0.532118428971814,0.013465264858562032
linear_svm,2020-11-24,1,1,1,0.5169180646164995,0.0044679245925483
linear_svm,2020-11-25,1,0,1,0.5519344244813391,-0.00772565843380546
linear_svm,2020-11-26,1,0,1,0.5280896337055935,-0.004600684367135233
linear_svm,2020-11-27,1,0,1,0.5328734282625059,-0.011495532525321206
linear_svm,2020-11-30,1,1,1,0.5597248435679887,0.010670170930575651
linear_svm,2020-12-01,1,1,1,0.5454487174476065,0.00035586001106069354
linear_svm,2020-12-02,1,1,1,0.5616736021485057,0.00355739348850026
linear_svm,2020-12-03,1,1,1,0.5472175938997319,0.0030722203617707944
linear_svm,2020-12-04,1,1,1,0.5383213929633892,0.005300942458486668
linear_svm,2020-12-07,1,1,1,0.5312525519007296,0.0024608273944610737
linear_svm,2020-12-08,2,1,1,0.5312954675898053,0.0064289302245845725
linear_svm,2020-12-09,2,0,1,0.5263634156581389,-0.00708478529813672
linear_svm,2020-12-10,2,0,1,0.5442063428180882,-0.006433454355677881
linear_svm,2020-12-11,2,1,1,0.541210277965425,0.0030609252870041903
linear_svm,2020-12-14,2,0,1,0.5284873598941296,-0.004225363998545673
linear_svm,2020-12-15,2,1,1,0.5546862345216793,0.0075436943679252355
linear_svm,2020-12-16,2,1,1,0.5387486104646583,0.010762739444452274
linear_svm,2020-12-17,2,0,1,0.5290513953298371,-0.012037048332475764
linear_svm,2020-12-18,2,0,1,0.5532233984111801,-0.0008200562228202202
linear_svm,2020-12-21,2,0,1,0.5406072822662759,-0.009965986516989211
linear_svm,2020-12-22,2,1,1,0.5656307940066954,0.007342444165266526
linear_svm,2020-12-23,2,1,1,0.545318765958929,0.003174277055590702
linear_svm,2020-12-24,2,1,1,0.5598951806638531,0.0058596037534370815
linear_svm,2020-12-29,2,0,1,0.5549894677425687,-0.002213713102325099
linear_svm,2020-12-30,2,0,1,0.5572507113465628,-0.012610941296251177
linear_svm,2020-12-31,2,1,1,0.5447891101594124,0.008514676171113456
linear_svm,2021-01-04,2,0,1,0.5574134639810016,-0.00035177064202362995
linear_svm,2021-01-05,2,0,1,0.5504400086243922,-0.010439870967742015
linear_svm,2021-01-06,2,1,1,0.5740565005497951,0.015410182368300385
linear_svm,2021-01-07,2,1,1,0.5484505291313561,0.005253291839678154
linear_svm,2021-01-08,2,0,1,0.5498830922148273,-0.007664661390492822
linear_svm,2021-01-11,2,0,1,0.5626681442130718,-0.003042656631105478
linear_svm,2021-01-12,2,1,1,0.556552073743059,0.0007042845239044748
linear_svm,2021-01-13,2,1,1,0.5489508996517444,0.005278557184750676
linear_svm,2021-01-14,2,0,1,0.5635039211967485,-0.00035004668669924577
linear_svm,2021-01-15,2,0,1,0.547705391430601,-0.00828760378866833
linear_svm,2021-01-18,2,1,1,0.5640559154960817,0.013418067483734308
linear_svm,2021-01-19,2,1,1,0.5349535951711056,0.0034843670960365003
linear_svm,2021-01-20,2,1,1,0.5377474444299308,0.007754606301976663
linear_svm,2021-01-21,2,0,1,0.5454517827010812,-0.004019742735729803
linear_svm,2021-01-22,2,1,1,0.5383517982689839,0.004381884174563089
linear_svm,2021-01-25,2,0,1,0.5181431211452253,-0.007003444477691079
linear_svm,2021-01-27,2,0,1,0.5549939793604436,-0.019308567910939378
linear_svm,2021-01-28,2,0,1,0.5775940080592608,-0.005423237443998974
linear_svm,2021-01-29,2,1,1,0.5935600383238225,0.008060692175667628
linear_svm,2021-02-01,2,1,1,0.5653799536983166,0.01481658025850674
linear_svm,2021-02-02,2,1,1,0.5579010968214233,0.008806430748327987
linear_svm,2021-02-03,2,0,1,0.5481987427328266,-0.0081552953860623
linear_svm,2021-02-04,2,1,1,0.5467274109703241,0.011349206979715198
linear_svm,2021-02-05,2,1,1,0.5275295098899312,0.005152833959628289
linear_svm,2021-02-08,2,0,1,0.5276225817977508,-0.008430143636707021
linear_svm,2021-02-09,2,1,1,0.5544131965010966,0.00631887630607908
linear_svm,2021-02-10,2,0,1,0.5518755046944449,-0.0018266469609153901
linear_svm,2021-02-11,2,0,1,0.5482075297332939,-0.006061969575660631
linear_svm,2021-02-12,2,1,1,0.5540423919901828,0.009551219573044278
linear_svm,2021-02-15,2,1,1,0.5489029658416111,0.00797899209008368
linear_svm,2021-02-16,2,0,1,0.5568814753176193,-0.003957910211466853
linear_svm,2021-02-17,2,0,1,0.5483553767862105,-0.0003405880939919559
linear_svm,2021-02-18,2,0,1,0.5414903511994252,-0.012038670799363937
linear_svm,2021-02-19,2,0,1,0.5570199285559516,-0.0029887918838669147
linear_svm,2021-02-22,2,1,1,0.5640233036052307,0.009800518512607326
linear_svm,2021-02-23,2,0,1,0.5549940472671262,-0.007878545150067362
linear_svm,2021-02-24,2,1,1,0.5734332112899984,0.008861836907145149
linear_svm,2021-02-25,2,0,1,0.5441431282371892,-0.024526601664312087
linear_svm,2021-02-26,2,1,1,0.5783874496769066,0.020348473386774035
linear_svm,2021-03-01,2,0,1,0.5258573545866074,-0.0038968022922636347
linear_svm,2021-03-02,2,1,1,0.5874036594830668,0.007018674167820871
linear_svm,2021-03-03,2,0,1,0.5587736664331521,-0.005598697632496541
linear_svm,2021-03-04,2,0,1,0.5707777633278378,-0.007583545990848539
linear_svm,2021-03-05,2,1,1,0.5591810561964555,0.006020562486260594
linear_svm,2021-03-08,2,1,1,0.5653400698592402,0.0036828173976615197
linear_svm,2021-03-09,2,0,1,0.565980078221913,-0.008599931299162145
linear_svm,2021-03-10,2,1,1,0.5834951435621942,0.0008096229563916424
linear_svm,2021-03-11,3,1,1,0.5508552237994991,0.007974136229910167
linear_svm,2021-03-12,3,1,1,0.5436018204424682,0.0017198119500136944
linear_svm,2021-03-15,3,1,1,0.5442438619391905,0.008698569004284007
linear_svm,2021-03-16,3,0,1,0.5420230109012594,-0.006240724142995369
linear_svm,2021-03-17,3,0,1,0.5431336229994848,-0.005709065866429164
linear_svm,2021-03-18,3,0,1,0.5439025370954275,-0.003330282422363662
linear_svm,2021-03-19,3,1,1,0.5475632412502546,0.004147954785713059
linear_svm,2021-03-22,3,0,1,0.5440668949379486,-0.002294951180838778
linear_svm,2021-03-23,3,1,1,0.548779338002004,0.005405417092768872
linear_svm,2021-03-24,3,0,1,0.5459820188464101,-0.0008007321162373238
linear_svm,2021-03-25,3,1,1,0.5452387299795728,0.00789929039265691
linear_svm,2021-03-26,3,0,1,0.5418880186230505,-0.003066833222775678
linear_svm,2021-03-29,3,0,1,0.5457538007239192,-0.007975356316806237
linear_svm,2021-03-30,3,1,1,0.5460083705892932,0.009762237280349195
linear_svm,2021-03-31,3,1,1,0.5416913323387565,0.0009099408760222527
linear_svm,2021-04-01,3,1,1,0.5437251925556664,0.0005682159090909522
linear_svm,2021-04-06,3,1,1,0.5463711164448175,0.006473594327986554
linear_svm,2021-04-07,3,1,1,0.540303230043973,0.009817140267982305
linear_svm,2021-04-08,3,1,1,0.5360279269363704,0.00011176668033896497
linear_svm,2021-04-09,3,0,1,0.547400911552558,-0.0026815418994413642
linear_svm,2021-04-12,3,0,1,0.5394212303300809,-0.00156844047572402
linear_svm,2021-04-13,3,1,1,0.5407134010068964,0.008639990732495884
linear_svm,2021-04-14,3,1,1,0.5387516564513587,0.004783635607783054
linear_svm,2021-04-15,3,1,1,0.538726090790079,0.0005536204605847139
linear_svm,2021-04-16,3,1,1,0.5392328671861292,0.0005532256096085764
linear_svm,2021-04-19,3,0,1,0.5387238391128737,-0.006635678094131459
linear_svm,2021-04-20,3,0,1,0.5417019785874212,-0.003562680917390315
linear_svm,2021-04-21,3,1,1,0.5421055317184265,0.008379888268156499
linear_svm,2021-04-22,3,1,1,0.5417967038181948,0.0005540498614959866
linear_svm,2021-04-23,3,0,1,0.5412673045031378,-0.0016611405871160834
linear_svm,2021-04-26,3,0,1,0.5413949332139973,-0.0015529672423080232
linear_svm,2021-04-27,3,1,1,0.5427896594599486,0.006332629567100678
linear_svm,2021-04-28,3,1,1,0.5371316859245452,0.0005519430215954468
linear_svm,2021-04-29,3,0,1,0.542157897296952,-0.00750303456371082
linear_svm,2021-04-30,3,1,1,0.5444213655397391,0.00044470262739415567
linear_svm,2021-05-03,3,1,1,0.5423538921759525,0.005667318716908953
linear_svm,2021-05-04,3,1,1,0.5422554155877642,0.003425392265193228
linear_svm,2021-05-05,3,0,1,0.5393858635848514,-0.004955368460640153
linear_svm,2021-05-06,3,1,1,0.5450569898576282,0.0026560092667551327
linear_svm,2021-05-07,3,1,1,0.5401378196160618,0.013796909796841339
linear_svm,2021-05-10,3,0,1,0.5356260716051636,-0.010669515746750458
linear_svm,2021-05-11,3,0,1,0.5441473878720832,-0.007153097595913982
linear_svm,2021-05-12,3,0,1,0.5460458369891912,-0.007980503125908811
linear_svm,2021-05-13,3,1,1,0.5462366941841751,0.00536316201117315
linear_svm,2021-05-14,3,1,1,0.5454850112432532,0.0023338407757111934
linear_svm,2021-05-17,3,1,1,0.5492099473534344,0.006209091779374676
linear_svm,2021-05-18,3,0,1,0.5432712321305708,-0.02016531129476573
linear_svm,2021-05-19,3,1,1,0.5560228883056091,0.01394518699831715
linear_svm,2021-05-20,3,1,1,0.5386508378770136,0.001996361934500257
linear_svm,2021-05-21,3,1,1,0.5479071952328142,0.0013283485201835976
linear_svm,2021-05-24,3,1,1,0.5423621844289132,0.009838591751476944
linear_svm,2021-05-25,3,0,1,0.5426131165146608,-0.0028462179057737735
linear_svm,2021-05-26,3,1,1,0.5420193337268135,0.0008782742728412618
linear_svm,2021-05-27,3,1,1,0.5424365327404359,0.01107822773013556
linear_svm,2021-05-28,3,0,1,0.5413278619977171,-0.0015187567802126267
linear_svm,2021-05-31,3,0,1,0.5430311227731619,-0.0027162103138177462
linear_svm,2021-06-01,3,1,1,0.5440983247789438,0.010022856411124659
linear_svm,2021-06-02,3,1,1,0.5377450398000341,0.006148204143546776
linear_svm,2021-06-03,3,1,1,0.5367035315325646,0.004073810077978246
linear_svm,2021-06-04,3,0,1,0.5389635864140963,-0.0011744714424739566
linear_svm,2021-06-07,3,1,1,0.5392750280790148,0.0016033564424364766
linear_svm,2021-06-08,3,0,1,0.5361567073818367,-0.0032016543180891643
linear_svm,2021-06-09,3,1,1,0.5410151445168467,0.004068490276905923
linear_svm,2021-06-10,4,1,1,0.5236346255211515,0.0020260396889104637
linear_svm,2021-06-11,4,1,1,0.5330411720710663,0.010109577417159121
linear_svm,2021-06-15,4,0,1,0.5149908883567494,-0.0009481247565977791
linear_svm,2021-06-16,4,0,1,0.5167546339646673,-0.002741769424406404
linear_svm,2021-06-17,4,0,1,0.5176078658460337,-0.00021145183461979133
linear_svm,2021-06-18,4,0,1,0.5200806449787093,-0.016922326274278476
linear_svm,2021-06-21,4,1,1,0.5756025422962933,0.014093652956223446
linear_svm,2021-06-22,4,0,1,0.5396190017907165,-0.00583495637948328
linear_svm,2021-06-23,4,0,1,0.5747991487284282,-0.003308046134970044
linear_svm,2021-06-24,4,1,1,0.5494279353084871,0.005139132652266953
linear_svm,2021-06-25,4,1,1,0.5464360174273191,0.0002130911870394936
linear_svm,2021-06-28,4,1,1,0.5474514509858482,0.00042598508144875424
linear_svm,2021-06-29,4,1,1,0.5514152740323274,0.001064498593474461
linear_svm,2021-06-30,4,0,1,0.551943418801956,-0.010952775298247897
linear_svm,2021-07-01,4,1,1,0.5721826359053648,0.005268229109381073
linear_svm,2021-07-02,4,1,1,0.5528583856263791,0.0009625240641710775
linear_svm,2021-07-05,4,0,1,0.5657615400770412,-0.008013677017359888
linear_svm,2021-07-06,4,1,1,0.5795133967569597,0.00980185307203163
linear_svm,2021-07-07,4,1,1,0.5412310816740074,0.001600021333333368
linear_svm,2021-07-08,4,0,1,0.5524825186967278,-0.010010681362924823
linear_svm,2021-07-09,4,1,1,0.5639621072693983,0.009036187704778431
linear_svm,2021-07-12,4,0,1,0.549548050162258,-0.0007462686328486567
linear_svm,2021-07-13,4,1,1,0.559476048107083,0.003520697636166581
linear_svm,2021-07-14,4,0,1,0.5449174328611883,-0.004465224419843095
linear_svm,2021-07-15,4,1,1,0.5621154456504136,0.003737708284255792
linear_svm,2021-07-16,4,0,1,0.5364629924227304,-0.00872433256142846
linear_svm,2021-07-19,4,0,1,0.5707955413040687,-0.004400515281754225
linear_svm,2021-07-20,4,1,1,0.5651821586386905,0.00797755480859097
linear_svm,2021-07-21,4,1,1,0.5580337635430438,0.009732663101604366
linear_svm,2021-07-22,4,1,1,0.5512053744417323,0.001482883106328492
linear_svm,2021-07-23,4,0,1,0.5362459052830363,-0.00010578529542726312
linear_svm,2021-07-26,4,1,1,0.5342078358072883,0.004759858210706014
linear_svm,2021-07-27,4,0,1,0.5266475054657852,-0.007369165330438188
linear_svm,2021-07-28,4,1,1,0.5523183321734102,0.0057270229533670225
linear_svm,2021-07-29,4,0,1,0.5407789700702487,-0.002847242373779535
linear_svm,2021-07-30,4,1,1,0.5581306223764796,0.013219120414956098
linear_svm,2021-08-02,4,0,1,0.5261593175973213,-0.002609331022008776
linear_svm,2021-08-03,4,1,1,0.5410166732818675,0.004499790801586245
linear_svm,2021-08-04,4,1,1,0.5161004669632078,0.0010417543711169763
linear_svm,2021-08-05,4,1,1,0.5241198250417678,0.0029140078224167976
linear_svm,2021-08-06,4,1,1,0.5207942195528195,0.0003112898107930917
linear_svm,2021-08-09,4,1,1,0.5383661535983824,0.0030082986927739697
linear_svm,2021-08-10,4,1,1,0.5305475607178823,0.0031026579149309175
linear_svm,2021-08-11,4,1,1,0.5247165707041634,0.0014434374975449416
linear_svm,2021-08-12,4,1,1,0.5303847251422198,0.006383228859772272
linear_svm,2021-08-13,4,0,1,0.509992064993818,-0.006342741687979547
linear_svm,2021-08-16,4,0,1,0.5379762574552546,-0.008442283798279271
linear_svm,2021-08-17,4,0,1,0.555903727142077,-0.0002076316105830145
linear_svm,2021-08-18,4,0,1,0.5440900749061933,-0.004881098713458432
linear_svm,2021-08-19,4,0,1,0.5635637258879483,-0.00010438321853478705
linear_svm,2021-08-20,4,1,1,0.5640006014817573,0.0036531260547569833
linear_svm,2021-08-23,4,1,1,0.5551212187620665,0.002807778585367071
linear_svm,2021-08-24,4,1,1,0.5474903937073075,0.004666566421238194
linear_svm,2021-08-25,4,0,1,0.5363774876769212,-0.005161024106968171
linear_svm,2021-08-26,4,1,1,0.549698074922912,0.00010377672039152408
linear_svm,2021-08-27,4,1,1,0.5337686122947977,0.002282415211976474
linear_svm,2021-08-30,4,1,1,0.5601871295807127,0.004657871807702385
linear_svm,2021-08-31,4,0,1,0.5336073302496597,-0.0007212033942138873
linear_svm,2021-09-01,4,0,1,0.544146361960688,-0.0010310238381486814
linear_svm,2021-09-02,4,1,1,0.5420415537428318,0.005882960118515301
linear_svm,2021-09-03,4,1,1,0.5255622927720421,0.0017442848527016164
linear_svm,2021-09-06,4,1,1,0.5284858504385099,0.0008194407708523865
linear_svm,2021-09-07,4,0,1,0.5279085219763876,-0.0023538634976344452
linear_svm,2021-09-08,5,0,1,0.5349606359726679,-0.017644654770886614
linear_svm,2021-09-09,5,1,1,0.5838278145431736,0.0041771302385729125
linear_svm,2021-09-10,5,1,1,0.5586523199055277,0.003015734067565168
linear_svm,2021-09-13,5,1,1,0.5680290134883563,0.0015552203697839495
linear_svm,2021-09-14,5,0,1,0.5686901891553208,-0.002898530080714945
linear_svm,2021-09-15,5,1,1,0.5633365735221535,0.006852190614617948
linear_svm,2021-09-16,5,0,1,0.5479230139488027,-0.009795875135206966
linear_svm,2021-09-17,5,0,1,0.573824721237949,-0.019993731333892928
linear_svm,2021-09-20,5,1,1,0.5852462837329854,0.0036127509976331407
linear_svm,2021-09-21,5,1,1,0.5670040668124791,0.0035998307125411078
linear_svm,2021-09-22,5,1,1,0.5834625485935581,0.010866114454413767
linear_svm,2021-09-23,5,0,1,0.5662170687288426,-0.003965748278021097
linear_svm,2021-09-24,5,1,1,0.5702844996235127,0.005867539692633317
linear_svm,2021-09-27,5,0,1,0.5440655009190261,-0.015000020833333405
linear_svm,2021-09-28,5,0,1,0.5728070961721441,-0.010575296331964856
linear_svm,2021-09-29,5,1,1,0.5697705017490869,0.017956392004198296
linear_svm,2021-09-30,5,0,1,0.56051228313091,-0.03380933502329553
linear_svm,2021-10-01,5,1,1,0.5944591558715138,0.012388687645795038
linear_svm,2021-10-04,5,0,1,0.5494896957748722,-0.004186421031068144
linear_svm,2021-10-05,5,0,1,0.5835980149352759,-0.006036412828600235
linear_svm,2021-10-06,5,1,1,0.5723738447584806,0.006940668115613002
linear_svm,2021-10-07,5,1,1,0.5696166910119546,0.007646742221792957
linear_svm,2021-10-08,5,0,1,0.5710344091265134,-0.0011757268314606106
linear_svm,2021-10-11,5,0,1,0.5790319166396836,-0.00428029976287736
linear_svm,2021-10-12,5,1,1,0.5669361816879034,0.0010746802447711978
linear_svm,2021-10-13,5,1,1,0.568165563510955,0.006441202223484543
linear_svm,2021-10-14,5,1,1,0.571812939735744,0.006613365333333343
linear_svm,2021-10-15,5,1,1,0.5634295184868184,0.002861036255344951
linear_svm,2021-10-18,5,0,1,0.5546630644593938,-0.0011622992515035735
linear_svm,2021-10-19,5,1,1,0.5431025159643487,0.007087675945072203
linear_svm,2021-10-20,5,0,1,0.5359348566598142,-0.0011554727254875496
linear_svm,2021-10-21,5,0,1,0.548915211082505,-0.0008412451715741343
linear_svm,2021-10-22,5,1,1,0.5482171573792861,0.0036838121527458245
linear_svm,2021-10-25,5,1,1,0.5455575276975722,0.0012584102217028104
linear_svm,2021-10-26,5,1,1,0.5467240892093662,0.00041887304926047086
linear_svm,2021-10-27,5,0,1,0.5475646890867628,-0.0031406617401800174
linear_svm,2021-10-28,5,0,1,0.5517319714324811,-0.015752992903245167
linear_svm,2021-10-29,5,1,1,0.5842553996775115,0.00928291710112128
linear_svm,2021-11-01,5,0,1,0.5590058635881843,-0.006554551498236694
linear_svm,2021-11-02,5,1,1,0.5857434471538748,0.009151867519933354
linear_svm,2021-11-03,5,1,1,0.5526292851416186,0.0048507749688755375
linear_svm,2021-11-04,5,1,1,0.5544664489490189,0.0051421764598365005
linear_svm,2021-11-05,5,1,1,0.5406323353394378,0.0006264042663020053
linear_svm,2021-11-08,5,0,1,0.5497238737020302,-0.002295419544883992
linear_svm,2021-11-09,5,0,1,0.5490882287607592,-0.0017779334309370176
linear_svm,2021-11-10,5,0,1,0.5601373449755748,-0.005657339098711467
linear_svm,2021-11-11,5,1,1,0.5775540456130709,0.008428984999305111
linear_svm,2021-11-12,5,1,1,0.552915987720486,0.005119611379371225
linear_svm,2021-11-15,5,0,1,0.5551704757616919,-0.006860665494615281
linear_svm,2021-11-16,5,0,1,0.5583011088249535,-0.006594065243939018
linear_svm,2021-11-17,5,1,1,0.5608553285111866,0.0018964491878010747
linear_svm,2021-11-18,5,1,1,0.5530003965914129,0.0019981386895842057
linear_svm,2021-11-19,5,0,1,0.5617596872036358,-0.004513024816467537
linear_svm,2021-11-22,5,1,1,0.5781546181431321,0.008961507832609517
linear_svm,2021-11-23,5,0,1,0.5479005070342473,-0.005015632341137888
linear_svm,2021-11-24,5,1,1,0.5606065062763919,0.0018903696503846934
linear_svm,2021-11-25,5,0,1,0.5506092658856351,-0.01719077532094815
linear_svm,2021-11-26,5,0,1,0.5896130152991734,-0.005759396208204093
linear_svm,2021-11-29,5,1,1,0.5574898314426899,0.00461275472417122
linear_svm,2021-11-30,5,0,1,0.5779767177604357,-0.004484772995520081
linear_svm,2021-12-01,5,0,1,0.5866700005283872,-0.002252558116940029
linear_svm,2021-12-02,5,1,1,0.5784033993894865,0.0019350677897784774
linear_svm,2021-12-03,5,1,1,0.5802002819307884,0.0016094528415060427
linear_svm,2021-12-06,6,1,1,0.5754479485264109,0.006855918732853183
linear_svm,2021-12-07,6,1,1,0.5688459731841929,0.013192946338822065
linear_svm,2021-12-08,6,0,1,0.5527656329866582,-0.0030452692519603586
linear_svm,2021-12-09,6,0,1,0.5531192137876362,-0.004002569959920765
linear_svm,2021-12-10,6,1,1,0.5382619804781041,0.0054991963938071375
linear_svm,2021-12-13,6,0,1,0.5366410444725401,-0.0006311001129342131
linear_svm,2021-12-14,6,0,1,0.5478661979507393,-0.00884021286592962
linear_svm,2021-12-15,6,0,1,0.5782350901256337,-0.0030792206413251533
linear_svm,2021-12-16,6,1,1,0.5777873537247435,0.0023431888629585895
linear_svm,2021-12-17,6,0,1,0.5702994470058579,-0.0022314206542192183
linear_svm,2021-12-20,6,1,1,0.5826790610372328,0.007774174488303087
linear_svm,2021-12-21,6,1,1,0.5569685358612871,0.0008454190271187656
linear_svm,2021-12-22,6,1,1,0.5576288610297486,0.0034843417113752384
linear_svm,2021-12-23,6,1,1,0.5431751431737876,0.004945296665137766
linear_svm,2021-12-24,6,1,1,0.5401829076827483,0.011831190203513975
linear_svm,2021-12-29,6,1,1,0.5283294021046675,0.0012417529102002334
linear_svm,2021-12-30,6,0,1,0.53180625210125,-0.0091980051840016
linear_svm,2021-12-31,6,1,1,0.5486235073762732,0.013142734542315626
linear_svm,2022-01-04,6,0,1,0.5123250895153741,-0.004221105864957497
linear_svm,2022-01-05,6,0,1,0.5532340552513159,-0.02615797119356922
linear_svm,2022-01-06,6,1,1,0.61470172564715,0.011784700885769217
linear_svm,2022-01-07,6,0,1,0.5439418618528782,-0.001049380869379446
linear_svm,2022-01-10,6,0,1,0.5721998136916696,-0.007247846867053931
linear_svm,2022-01-11,6,1,1,0.5771039547695567,0.005502031414622133
linear_svm,2022-01-12,6,1,1,0.562451346583176,0.005682426661921758
linear_svm,2022-01-13,6,0,1,0.5548241495991425,-0.010672773883017572
linear_svm,2022-01-14,6,1,1,0.5821456790262605,0.0030670861004626904
linear_svm,2022-01-17,6,0,1,0.5577224125857401,-0.0014761599104242684
linear_svm,2022-01-18,6,0,1,0.5722497703126896,-0.009292471255305301
linear_svm,2022-01-19,6,1,1,0.5837947160963195,0.0012790662971648992
linear_svm,2022-01-20,6,0,1,0.5634720857227844,-0.02203533059324403
linear_svm,2022-01-21,6,0,1,0.6100133701523408,-0.005986752825076103
linear_svm,2022-01-24,6,0,1,0.5755911950119772,-0.02496713753832669
linear_svm,2022-01-25,6,0,1,0.6377640520278324,-0.01841867679224307
linear_svm,2022-01-27,6,1,1,0.6427866870086308,0.022425617335798176
linear_svm,2022-01-28,6,0,1,0.5829508005041116,-0.00279767230530803
linear_svm,2022-01-31,6,1,1,0.6154093282491354,0.005049904555606499
linear_svm,2022-02-01,6,1,1,0.5622544348836905,0.012505605460152225
linear_svm,2022-02-02,6,0,1,0.5440252928479499,-0.0016541795324217512
linear_svm,2022-02-03,6,1,1,0.5449054343585139,0.0061857616943086224
linear_svm,2022-02-04,6,0,1,0.556227252595471,-0.0016466572245759092
linear_svm,2022-02-07,6,1,1,0.5679509309253005,0.010336430386267192
linear_svm,2022-02-08,6,1,1,0.5565020690611502,0.010992621168675054
linear_svm,2022-02-09,6,1,1,0.5604609483685452,0.003121983024243491
linear_svm,2022-02-10,6,0,1,0.5502811037310342,-0.009980682549903475
linear_svm,2022-02-11,6,1,1,0.5458965575665383,0.002493257452574449
linear_svm,2022-02-14,6,0,1,0.5293230157748717,-0.004000886548414129
linear_svm,2022-02-15,6,1,1,0.5570733807122364,0.012376495360151063
linear_svm,2022-02-16,6,1,1,0.5495307428610167,0.00160860053619305
linear_svm,2022-02-17,6,0,1,0.566390470515659,-0.009743083303145994
linear_svm,2022-02-18,6,1,1,0.5478545207835366,0.0012974700248127302
linear_svm,2022-02-21,6,0,1,0.5390585791119276,-0.00982619576907251
linear_svm,2022-02-22,6,1,1,0.5585212794288673,0.005888778818607943
linear_svm,2022-02-23,6,0,1,0.5542907342488326,-0.023633998777840448
linear_svm,2022-02-24,6,1,1,0.6152670221929131,0.002998045813858541
linear_svm,2022-02-25,6,1,1,0.5761671028984058,0.007417225563661534
linear_svm,2022-02-28,6,1,1,0.5747635143867448,0.0061538241758241075
linear_svm,2022-03-01,6,1,1,0.5691936719951439,0.004587210672503561
linear_svm,2022-03-02,6,1,1,0.5502026481514863,0.009567275182628565
linear_svm,2022-03-03,6,0,1,0.5462372216901616,-0.010122797651057391
linear_svm,2022-03-04,6,0,1,0.5653634618058887,-0.010552665590789156
linear_svm,2022-03-07,6,0,1,0.5724464195215347,-0.00758653131126541
linear_svm,2022-03-08,6,1,1,0.5802478821508119,0.010857478155163358
linear_svm,2022-03-09,7,1,1,0.5729752484643535,0.012494509261168574
linear_svm,2022-03-10,7,0,1,0.5627380495409938,-0.00974230384527952
linear_svm,2022-03-11,7,1,1,0.572379666220298,0.01224305819054261
linear_svm,2022-03-14,7,0,1,0.5323583785791758,-0.007019449395668453
linear_svm,2022-03-15,7,1,1,0.5463636919689681,0.010766775772706128
linear_svm,2022-03-16,7,1,1,0.5394315929337491,0.011082407766679347
linear_svm,2022-03-17,7,1,1,0.5604489676233613,0.0025539852872833446
linear_svm,2022-03-18,7,1,1,0.5433724723357736,0.0008491879933043567
linear_svm,2022-03-21,7,1,1,0.5514984012292412,0.009014720447399371
linear_svm,2022-03-22,7,1,1,0.5334444756194336,0.005255413130706543
linear_svm,2022-03-23,7,1,1,0.5380986558189417,0.0011501568501688375
linear_svm,2022-03-24,7,1,1,0.5459433771907908,0.003028731070496171
linear_svm,2022-03-25,7,1,1,0.5375327295479078,0.0005205643427679263
linear_svm,2022-03-28,7,1,1,0.5372345688467363,0.006868602637885468
linear_svm,2022-03-29,7,1,1,0.5293312378610731,0.0069250439276487
linear_svm,2022-03-30,7,0,1,0.5328256049034965,-0.0021556046428989895
linear_svm,2022-03-31,7,0,1,0.5329457127879214,-0.021602695418194595
linear_svm,2022-04-01,7,1,1,0.5489557986056678,0.003364514736994062
linear_svm,2022-04-04,7,1,1,0.5392883235172933,0.0023053756680289084
linear_svm,2022-04-05,7,0,1,0.5645440912490489,-0.005331970615118253
linear_svm,2022-04-06,7,0,1,0.5671644952226336,-0.006621789012211443
linear_svm,2022-04-07,7,1,1,0.569499336994711,0.004549782995454832
linear_svm,2022-04-08,7,1,1,0.554086451769155,0.001263914024353996
linear_svm,2022-04-11,7,0,1,0.5658586759754048,-0.004839049123480876
linear_svm,2022-04-12,7,1,1,0.5685073004319168,0.0033826639192953145
linear_svm,2022-04-13,7,1,1,0.5563063477427131,0.006742520158923515
linear_svm,2022-04-14,7,1,1,0.5534438217036717,0.005755577768011388
linear_svm,2022-04-19,7,1,1,0.5428222920000283,0.0011445218900787424
linear_svm,2022-04-20,7,1,1,0.5450848270195748,0.0031178133120162155
linear_svm,2022-04-21,7,0,1,0.5318091568423137,-0.016576865413702735
linear_svm,2022-04-22,7,0,1,0.5460527405084575,-0.020227539406395767
linear_svm,2022-04-26,7,0,1,0.567772878379246,-0.008279537634408696
linear_svm,2022-04-27,7,1,1,0.5700744337153302,0.01290247166098446
linear_svm,2022-04-28,7,1,1,0.5693607688327732,0.010383226512165056
linear_svm,2022-04-29,7,0,1,0.5780172568144776,-0.011547791201904745
linear_svm,2022-05-02,7,0,1,0.5794427590932693,-0.004715991273869569
linear_svm,2022-05-03,7,0,1,0.5522776837161785,-0.0011845896921753862
linear_svm,2022-05-04,7,1,1,0.5613706780829908,0.007439374663072762
linear_svm,2022-05-05,7,0,1,0.5687214398373283,-0.02129714209552358
linear_svm,2022-05-06,7,0,1,0.5940721884405689,-0.01115360342767413
linear_svm,2022-05-09,7,0,1,0.5751652280303244,-0.01105827712042462
linear_svm,2022-05-10,7,1,1,0.5763019609377469,0.004920082746281862
linear_svm,2022-05-11,7,0,1,0.5721202586328791,-0.018582462938161903
linear_svm,2022-05-12,7,1,1,0.6112055214531418,0.01961454715242228
linear_svm,2022-05-13,7,1,1,0.5511092973178774,0.0027799399532970615
linear_svm,2022-05-16,7,1,1,0.5756330707177598,0.0032158017298735686
linear_svm,2022-05-17,7,1,1,0.5488287363393999,0.009948071073857978
linear_svm,2022-05-18,7,0,1,0.550850963260344,-0.014556221476757503
linear_svm,2022-05-19,7,1,1,0.5445368784850492,0.011328265089646017
linear_svm,2022-05-20,7,0,1,0.5407040891915066,-0.00032944213330632355
linear_svm,2022-05-23,7,0,1,0.5665696661898592,-0.0028562232544899757
linear_svm,2022-05-24,7,1,1,0.5613833319394255,0.003305089896609603
linear_svm,2022-05-25,7,0,1,0.5681127697404281,-0.007137388821785273
linear_svm,2022-05-26,7,1,1,0.5678984580431209,0.011280734600325859
linear_svm,2022-05-27,7,1,1,0.552289957636532,0.014435695222316358
linear_svm,2022-05-30,7,0,1,0.5505912106073995,-0.01078050860757851
linear_svm,2022-05-31,7,1,1,0.5660377080432785,0.0027244986328573972
linear_svm,2022-06-01,7,0,1,0.5362352416967502,-0.008694739513210759
linear_svm,2022-06-02,7,1,1,0.5410386010052327,0.009209560456195254
linear_svm,2022-06-03,7,0,1,0.5436905085821296,-0.004019587049877593
linear_svm,2022-06-06,7,0,1,0.5728470293310495,-0.015161420157068117
linear_svm,2022-06-07,7,1,1,0.6359001413941915,0.0034333480625390322
linear_svm,2022-06-08,7,0,1,0.5620998267090843,-0.014348731001075699
linear_svm,2022-06-09,8,0,1,0.6100272273474286,-0.012654030929875715
linear_svm,2022-06-10,8,0,1,0.6032342277390264,-0.03595325022010332
linear_svm,2022-06-14,8,0,1,0.6534328864550928,-0.013294082352941161
linear_svm,2022-06-15,8,0,1,0.6035491287492429,-0.0019077619443986782
linear_svm,2022-06-16,8,0,1,0.646746471139981,-0.016724417832091998
linear_svm,2022-06-17,8,0,1,0.6452155427073203,-0.005345583898568429
linear_svm,2022-06-20,8,1,1,0.6105834338700032,0.0129473184458051
linear_svm,2022-06-21,8,0,1,0.5807095488965321,-0.0022911129868564695
linear_svm,2022-06-22,8,1,1,0.6116100499577979,0.0031423979488129916
linear_svm,2022-06-23,8,1,1,0.5784522850936864,0.007469915662650539
linear_svm,2022-06-24,8,1,1,0.5731235266215468,0.01985166156954099
linear_svm,2022-06-27,8,1,1,0.5572523333951489,0.0085600728020645
linear_svm,2022-06-28,8,0,1,0.5437903505942652,-0.007789861462856429
linear_svm,2022-06-29,8,0,1,0.5372524192827861,-0.018631310927176514
linear_svm,2022-06-30,8,0,1,0.5760467841567216,-0.030805994029850625
linear_svm,2022-07-01,8,1,1,0.5774034351709159,0.011087865247945361
linear_svm,2022-07-04,8,1,1,0.5776444706841525,0.0012184476666261546
linear_svm,2022-07-05,8,0,1,0.6242335461981697,-0.004624522444311108
linear_svm,2022-07-06,8,1,1,0.6049721772309384,0.008680755487458613
linear_svm,2022-07-07,8,1,1,0.5685073391352783,0.004363648484848381
linear_svm,2022-07-08,8,0,1,0.5920030764020549,-0.010982428059589378
linear_svm,2022-07-11,8,0,1,0.6019483567316734,-0.00048801710145263133
linear_svm,2022-07-12,8,1,1,0.5767975346752235,0.00219743610316514
linear_svm,2022-07-13,8,1,1,0.5894934711174726,0.0054818494570276766
linear_svm,2022-07-14,8,0,1,0.5952548792708501,-0.007148097805329656
linear_svm,2022-07-15,8,1,1,0.5762441636566848,0.012324613019814912
linear_svm,2022-07-18,8,0,1,0.5387625764356861,-0.005544828900009957
linear_svm,2022-07-19,8,1,1,0.5720850925707678,0.017212096969696944
linear_svm,2022-07-20,8,1,1,0.5190551895437194,0.004885653119295563
linear_svm,2022-07-21,8,0,1,0.5336430583905137,-0.00035573341976191664
linear_svm,2022-07-22,8,0,1,0.5335246979220089,-0.00023729536522076877
linear_svm,2022-07-25,8,1,1,0.5392061907005354,0.002254413885315776
linear_svm,2022-07-26,8,1,1,0.5394727370729263,0.003196365535736323
linear_svm,2022-07-27,8,1,1,0.5648254142626189,0.009086665307686204
linear_svm,2022-07-28,8,1,1,0.5479682824903284,0.008770903782694406
linear_svm,2022-07-29,8,1,1,0.5486839840233727,0.006955703525256096
linear_svm,2022-08-01,8,1,1,0.5351406187047447,0.0003453603460124022
linear_svm,2022-08-02,8,0,1,0.5304607003752209,-0.0032224422053452884
linear_svm,2022-08-03,8,1,1,0.5209845454069597,0.00034635722957676585
linear_svm,2022-08-04,8,1,1,0.5383854504948794,0.0063481418091890784
linear_svm,2022-08-05,8,1,1,0.5346041320300989,0.0006881293568496982
linear_svm,2022-08-08,8,1,1,0.5442343937387368,0.0008022922636101715
linear_svm,2022-08-09,8,0,1,0.5299356253989811,-0.00480987173614289
linear_svm,2022-08-10,8,1,1,0.536134893385201,0.011277272467726807
linear_svm,2022-08-11,8,0,1,0.5147716889858787,-0.004437858594829036
linear_svm,2022-08-12,8,1,1,0.5483003883320696,0.004914847523485033
linear_svm,2022-08-15,8,1,1,0.5165443103754862,0.005573316778282766
linear_svm,2022-08-16,8,1,1,0.5249945665614889,0.004976744486969942
linear_svm,2022-08-17,8,0,1,0.5165187096138363,-0.0028137310706524143
linear_svm,2022-08-18,8,1,1,0.5348130332096109,0.00045147856549609955
linear_svm,2022-08-19,8,0,1,0.5270771947016428,-0.009250891349852242
linear_svm,2022-08-22,8,0,1,0.5535381422031497,-0.01207012070143465
linear_svm,2022-08-23,8,1,1,0.5832913181552462,0.0062240777726123575
linear_svm,2022-08-24,8,1,1,0.5596764607054298,0.007216460233111288
linear_svm,2022-08-25,8,1,1,0.5673123045957977,0.007505925167746952
linear_svm,2022-08-26,8,0,1,0.5512181896722318,-0.019641021318027807
linear_svm,2022-08-29,8,1,1,0.5666120005202505,0.005066240761456342
linear_svm,2022-08-30,8,0,1,0.5292469420859737,-0.00045825409029387476
linear_svm,2022-08-31,8,0,1,0.5579314502637652,-0.013638991404011591
linear_svm,2022-09-01,8,0,1,0.5835992348979234,-0.0019753544498105624
linear_svm,2022-09-02,8,1,1,0.5927827303817947,0.004307870582231477
linear_svm,2022-09-05,8,0,1,0.5721967757600587,-0.00313011817458575
linear_svm,2022-09-06,8,0,1,0.59739522756495,-0.013722526194267504
linear_svm,2022-09-07,9,1,1,0.5666788199522371,0.01957319937680002
linear_svm,2022-09-08,9,1,1,0.5439754123206421,0.00693881106812988
linear_svm,2022-09-09,9,1,1,0.5551265266743046,0.010106776157114972
linear_svm,2022-09-12,9,1,1,0.5491334814088397,0.0068221264407775095
linear_svm,2022-09-13,9,0,1,0.5459136734535239,-0.026425792441813978
linear_svm,2022-09-14,9,1,1,0.5462530124265231,0.0032478715143007264
linear_svm,2022-09-15,9,0,1,0.551074553961041,-0.015261880339042078
linear_svm,2022-09-16,9,0,1,0.5659982418395778,-0.0016437595783436176
linear_svm,2022-09-19,9,1,1,0.565410386005538,0.013054216312527567
linear_svm,2022-09-20,9,0,1,0.5661811943571844,-0.015788251866592162
linear_svm,2022-09-21,9,0,1,0.5687106701852999,-0.018872363987642804
linear_svm,2022-09-23,9,0,1,0.5657506658398662,-0.01574894205337829
linear_svm,2022-09-26,9,1,1,0.5573129968354124,0.002687101403917147
linear_svm,2022-09-27,9,0,1,0.5595280844647396,-0.00438534556634651
linear_svm,2022-09-28,9,1,1,0.5744877705461496,0.014070646736670245
linear_svm,2022-09-29,9,0,1,0.5610273794303037,-0.015082046877969879
linear_svm,2022-09-30,9,0,1,0.5666172653881868,-0.017518069981063533
linear_svm,2022-10-03,9,1,1,0.5571898239669478,0.036409053731012
linear_svm,2022-10-04,9,1,1,0.5417841185872463,0.01816643341555224
linear_svm,2022-10-05,9,1,1,0.5492585931097655,0.00035456695100677393
linear_svm,2022-10-06,9,0,1,0.5491437227482795,-0.007559732692665522
linear_svm,2022-10-07,9,0,1,0.5438898108161848,-0.014163235449770495
linear_svm,2022-10-10,9,0,1,0.5412739215461134,-0.0036219122631433454
linear_svm,2022-10-11,9,1,1,0.5634980223781255,0.00024238459035963444
linear_svm,2022-10-12,9,0,1,0.5728374502537764,-0.0016959296779189836
linear_svm,2022-10-13,9,1,1,0.5748997069124931,0.01820167367058989
linear_svm,2022-10-14,9,0,1,0.5620963073010724,-0.014658609717144055
linear_svm,2022-10-17,9,1,1,0.5623224005901255,0.01777941461054655
linear_svm,2022-10-18,9,1,1,0.5404329062624743,0.002614390906372055
linear_svm,2022-10-19,9,0,1,0.5490364167024947,-0.010193208123982167
linear_svm,2022-10-20,9,0,1,0.5453329867815834,-0.007783510770362656
linear_svm,2022-10-21,9,1,1,0.5536582559569313,0.014844255191355904
linear_svm,2022-10-24,9,1,1,0.5515246297823514,0.0034486979878083357
linear_svm,2022-10-25,9,1,1,0.5558884056889067,0.001303638349264169
linear_svm,2022-10-26,9,1,1,0.5535134468227264,0.005681181339358021
linear_svm,2022-10-27,9,0,1,0.5505829029963691,-0.008708932461940266
linear_svm,2022-10-28,9,1,1,0.5530662859788426,0.01139735208130066
linear_svm,2022-10-31,9,1,1,0.5467464382445654,0.016081652398599378
linear_svm,2022-11-01,9,1,1,0.549691942998834,0.002195032398221608
linear_svm,2022-11-02,9,0,1,0.5516313266402855,-0.018674386167146895
linear_svm,2022-11-03,9,1,1,0.5530620792787422,0.004581228870476739
linear_svm,2022-11-04,9,1,1,0.5431840827792436,0.007717528334338031
linear_svm,2022-11-07,9,1,1,0.5521325290408188,0.003481120909723634
linear_svm,2022-11-08,9,1,1,0.5563613118855254,0.006244148719560139
linear_svm,2022-11-09,9,0,1,0.5532018527578647,-0.005515927563178424
linear_svm,2022-11-10,9,1,1,0.5542015190855819,0.02750169831867688
linear_svm,2022-11-11,9,0,1,0.5440752857712386,-0.0013494714653502493
linear_svm,2022-11-14,9,1,1,0.5541466354426812,0.0010134684342295586
linear_svm,2022-11-15,9,0,1,0.5424242768597544,-0.0029249859705814396
linear_svm,2022-11-16,9,1,1,0.5431929521449345,0.0034977435461269746
linear_svm,2022-11-17,9,1,1,0.5398229135332805,0.0016864627459756143
linear_svm,2022-11-18,9,0,1,0.5567397634709272,-0.0019081603730232155
linear_svm,2022-11-21,9,1,1,0.5587994728299744,0.006072885876583056
linear_svm,2022-11-22,9,1,1,0.5517737287754225,0.006036228549477274
linear_svm,2022-11-23,9,1,1,0.5510065043499932,0.0014444111111111546
linear_svm,2022-11-24,9,1,1,0.549989255560332,0.0023299568067221
linear_svm,2022-11-25,9,0,1,0.5371608016087411,-0.004095583533123004
linear_svm,2022-11-28,9,1,1,0.5402769844355854,0.0030009669556412266
linear_svm,2022-11-29,9,1,1,0.5380687220493392,0.004543484143251009
linear_svm,2022-11-30,9,1,1,0.5416075299338998,0.009817969998500375
linear_svm,2022-12-01,9,0,1,0.5399816848419013,-0.006773028110410362
linear_svm,2022-12-02,9,1,1,0.5449845235704737,0.0034096459175019245
linear_svm,2022-12-05,9,0,1,0.5358557278303951,-0.004713361677736616
linear_svm,2022-12-06,10,0,1,0.5446865079741932,-0.00892075961715555
linear_svm,2022-12-07,10,0,1,0.5506634607278438,-0.007556395322955822
linear_svm,2022-12-08,10,1,1,0.5631433229413436,0.005598477339569641
linear_svm,2022-12-09,10,0,1,0.5559581709723925,-0.004565148748806203
linear_svm,2022-12-12,10,1,1,0.5656650632968911,0.0025726509491577065
linear_svm,2022-12-13,10,1,1,0.5574664223876756,0.007028952594966498
linear_svm,2022-12-14,10,0,1,0.5502655921342277,-0.006647440579493846
linear_svm,2022-12-15,10,0,1,0.5552268935743679,-0.007584217819129324
linear_svm,2022-12-16,10,0,1,0.5570293742173953,-0.0020229264321331986
linear_svm,2022-12-19,10,0,1,0.5578445431725642,-0.015315326059166856
linear_svm,2022-12-20,10,1,1,0.5758059163237194,0.012122575203051822
linear_svm,2022-12-21,10,1,1,0.5560106161079503,0.005084711864406843
linear_svm,2022-12-22,10,0,1,0.5694828564785843,-0.006632895108473091
linear_svm,2022-12-23,10,0,1,0.5565561423053481,-0.0021503281784706063
linear_svm,2022-12-28,10,0,1,0.5586099835131508,-0.008279414954733277
linear_svm,2022-12-29,10,1,1,0.5622283407043832,0.0029734102705074594
linear_svm,2022-12-30,10,0,1,0.5627393112052338,-0.021436682603307333
linear_svm,2023-01-03,10,1,1,0.5940879902609296,0.015963668142624288
linear_svm,2023-01-04,10,1,1,0.5524102116629098,0.0014909737013193425
linear_svm,2023-01-05,10,1,1,0.5689856750006359,0.0062987059092991515
linear_svm,2023-01-06,10,1,1,0.552743687600107,0.006031626060147177
linear_svm,2023-01-09,10,0,1,0.5520551070071736,-0.0029412103406966095
linear_svm,2023-01-10,10,1,1,0.558074806663622,0.009303381090349117
linear_svm,2023-01-11,10,1,1,0.5524246553006235,0.01169065885443632
linear_svm,2023-01-12,10,1,1,0.5592688892163019,0.0072222444444445255
linear_svm,2023-01-13,10,1,1,0.5515906001018608,0.008383915976085676
linear_svm,2023-01-16,10,0,1,0.5474296819410724,-0.0010940378035647624
linear_svm,2023-01-17,10,1,1,0.5444730825671172,0.0009856970974855273
linear_svm,2023-01-18,10,1,1,0.5418300350044888,0.006017450634191457
linear_svm,2023-01-19,10,1,1,0.5446592412228484,0.0013050897652557847
linear_svm,2023-01-20,10,1,1,0.5477738485757861,0.00141193657000116
linear_svm,2023-01-23,10,1,1,0.5481792381262859,0.004555379757767319
linear_svm,2023-01-24,10,0,1,0.5468825755539453,-0.002915191009009166
linear_svm,2023-01-25,10,1,1,0.5505821599669637,0.0025987872788042488
linear_svm,2023-01-27,10,0,1,0.543598704843026,-0.0011879577141358233
linear_svm,2023-01-30,10,0,1,0.5483750265772949,-0.00043253675067456143
linear_svm,2023-01-31,10,1,1,0.5471087719530509,0.002704456886532647
linear_svm,2023-02-01,10,1,1,0.5465642808139631,0.0016182327841571809
linear_svm,2023-02-02,10,1,1,0.5489242696950335,0.0063550627468791365
linear_svm,2023-02-03,10,0,1,0.540904221794994,-0.002782853473188518
linear_svm,2023-02-06,10,0,1,0.5454979909261212,-0.00558115285137184
linear_svm,2023-02-07,10,1,1,0.5480918664667596,0.004101424628139894
linear_svm,2023-02-08,10,0,1,0.5424824910502999,-0.005267096692111117
linear_svm,2023-02-09,10,0,1,0.5528592242763327,-0.007996520337189117
linear_svm,2023-02-10,10,0,1,0.5598599397265787,-0.0021787036325042752
linear_svm,2023-02-13,10,1,1,0.5574619024287197,0.0016375764549689809
linear_svm,2023-02-14,10,0,1,0.5598670000060406,-0.009700261580381508
linear_svm,2023-02-15,10,1,1,0.5714672502033781,0.0077041271439122205
linear_svm,2023-02-16,10,0,1,0.5536995744668268,-0.008191350113397777
linear_svm,2023-02-17,10,1,1,0.5651231461501356,0.000660775259569979
linear_svm,2023-02-20,10,0,1,0.5563122121293596,-0.0018708704125386388
linear_svm,2023-02-21,10,0,1,0.5629598049882848,-0.0019845645639877674
linear_svm,2023-02-22,10,0,1,0.5606840434163509,-0.0029827331965113224
linear_svm,2023-02-23,10,1,1,0.5671543343570113,0.00265925761772845
linear_svm,2023-02-24,10,0,1,0.5641744705728194,-0.010719427797976078
linear_svm,2023-02-27,10,1,1,0.5729517335436365,0.004356646705428346
linear_svm,2023-02-28,10,1,1,0.561528973301492,0.0005560560313175866
linear_svm,2023-03-01,10,1,1,0.569846695195007,0.0015562361222347665
linear_svm,2023-03-02,10,1,1,0.5619922938141257,0.003995571675817322
linear_svm,2023-03-03,10,1,1,0.5574418023504669,0.00641169584801804
linear_svm,2023-03-06,10,1,1,0.554979700781746,0.005492091328074489
linear_svm,2023-03-07,10,0,1,0.5530556929115474,-0.006008335088394934
linear_svm,2023-03-08,10,1,1,0.5567741561478181,0.005055489725365181
linear_svm,2023-03-09,11,0,1,0.5556055105838669,-0.023072729023708938
linear_svm,2023-03-10,11,0,1,0.5633144592915302,-0.005260723315904325
linear_svm,2023-03-13,11,0,1,0.559965515514844,-0.014965702206626408
linear_svm,2023-03-14,11,1,1,0.5647327806184467,0.009252878578331236
linear_svm,2023-03-15,11,0,1,0.5597044226134343,-0.013355970873932477
linear_svm,2023-03-16,11,1,1,0.5633722766514238,0.003670987809360593
linear_svm,2023-03-17,11,0,1,0.5585743697735257,-0.013715819264277451
linear_svm,2023-03-20,11,1,1,0.5618342707142857,0.00857570971635524
linear_svm,2023-03-21,11,1,1,0.5575956949791797,0.008502792238340717
linear_svm,2023-03-22,11,0,1,0.5596670065331192,-0.007063860330313143
linear_svm,2023-03-23,11,0,1,0.5594709136131508,-0.0019506482627504873
linear_svm,2023-03-24,11,1,1,0.5574382828421052,0.0013795699685132945
linear_svm,2023-03-27,11,1,1,0.5588112975761288,0.0097588865616276
linear_svm,2023-03-28,11,1,1,0.5580039336392956,0.0026151564280327833
linear_svm,2023-03-29,11,1,1,0.5585959395028715,0.00986621682921296
linear_svm,2023-03-30,11,1,1,0.5559313342639689,0.008197596579530675
linear_svm,2023-03-31,11,1,1,0.5553342079446008,0.00011140565951661685
linear_svm,2023-04-03,11,1,1,0.5549550744755911,0.0015591825196661357
linear_svm,2023-04-04,11,1,1,0.5548206065599558,0.00011121983765161048
linear_svm,2023-04-05,11,0,1,0.5554504235163295,-0.002334878756173553
linear_svm,2023-04-06,11,1,1,0.5575333658120597,0.012816159161390006
linear_svm,2023-04-11,11,1,1,0.5551510980157328,0.004731525244218382
linear_svm,2023-04-12,11,0,1,0.5557974575120852,-0.003614007307283007
linear_svm,2023-04-13,11,1,1,0.5553124979224492,0.005825444960690929
linear_svm,2023-04-14,11,1,1,0.55399281799929,0.002841164837915855
linear_svm,2023-04-17,11,0,1,0.5547495792708227,-0.0032689986902800783
linear_svm,2023-04-18,11,1,1,0.5559804410643574,0.0009838963487056596
linear_svm,2023-04-19,11,0,1,0.5554137507846802,-0.00032764308273569576
linear_svm,2023-04-20,11,0,1,0.5564360807971698,-0.0050256637717215336
linear_svm,2023-04-21,11,0,1,0.5576095618984924,-0.0006588119029317108
linear_svm,2023-04-24,11,0,1,0.5572974822074853,-0.0005494231282403561
linear_svm,2023-04-26,11,0,1,0.5569557196771284,-0.003957794678515758
linear_svm,2023-04-27,11,1,1,0.557130911965882,0.0030904967569647113
linear_svm,2023-04-28,11,1,1,0.5561688702475869,0.00352112687679762
linear_svm,2023-05-01,11,0,1,0.5554528915863032,-0.010087697700253084
linear_svm,2023-05-02,11,0,1,0.5579178910754992,-0.009636630589683559
linear_svm,2023-05-03,11,1,1,0.5567053460882959,0.00044729893983674884
linear_svm,2023-05-04,11,1,1,0.5572110271266794,0.0034656792665963554
linear_svm,2023-05-05,11,1,1,0.5582559699692095,0.008244184308284552
linear_svm,2023-05-08,11,0,1,0.5562492251498427,-0.001878430939226572
linear_svm,2023-05-09,11,0,1,0.5563047972348037,-0.0002214546613206192
linear_svm,2023-05-10,11,1,1,0.5557788428294953,0.0009966116929822633
linear_svm,2023-05-11,11,1,1,0.5565520263282596,0.0005530420231627531
linear_svm,2023-05-12,11,1,1,0.5565891297170882,0.002763958079512241
linear_svm,2023-05-15,11,0,1,0.5571866105906066,-0.004189603225675964
linear_svm,2023-05-16,11,0,1,0.5587898995318304,-0.005757274136403812
linear_svm,2023-05-17,11,1,1,0.5582322984082302,0.005679231436105825
linear_svm,2023-05-18,11,1,1,0.5569329096351501,0.00697601609956866
hist_gradient_boosting,2020-06-15,0,1,1,0.6839875547917926,0.03972507216494847
hist_gradient_boosting,2020-06-16,0,1,0,0.4042327843021873,0.007139093166830923
hist_gradient_boosting,2020-06-17,0,0,1,0.6935508313459964,-0.008794933053294929
hist_gradient_boosting,2020-06-18,0,1,1,0.9095362547182797,0.0018540590159168424
hist_gradient_boosting,2020-06-19,0,0,1,0.6750647969866876,-0.00013222735935947139
hist_gradient_boosting,2020-06-22,0,1,1,0.5353644994161558,0.0010576679145646306
hist_gradient_boosting,2020-06-23,0,1,1,0.606732424420903,0.0018489170384454745
hist_gradient_boosting,2020-06-24,0,0,1,0.7632582291791852,-0.023332520124802025
hist_gradient_boosting,2020-06-25,0,1,0,0.347263106652824,0.013767108315136056
hist_gradient_boosting,2020-06-26,0,0,1,0.7435798777014712,-0.015177739113596878
hist_gradient_boosting,2020-06-29,0,1,1,0.7118310582529662,0.015411653164639105
hist_gradient_boosting,2020-06-30,0,1,1,0.7272229682254587,0.001730754869780915
hist_gradient_boosting,2020-07-01,0,1,1,0.5836016286786855,0.018208440143764992
hist_gradient_boosting,2020-07-02,0,1,1,0.5201669768897687,0.002610586051291053
hist_gradient_boosting,2020-07-03,0,0,1,0.6917909683840938,-0.006119021120141066
hist_gradient_boosting,2020-07-06,0,0,1,0.651222612774344,-0.0003929526011503537
hist_gradient_boosting,2020-07-07,0,0,1,0.7491021511247535,-0.015725291985985823
hist_gradient_boosting,2020-07-08,0,1,1,0.525065913840885,0.00732263337341732
hist_gradient_boosting,2020-07-09,0,0,1,0.8342850451069223,-0.007137205543896186
hist_gradient_boosting,2020-07-10,0,1,1,0.8886847457164188,0.010649560277573578
hist_gradient_boosting,2020-07-13,0,0,0,0.38726173577173834,-0.006981019678109046
hist_gradient_boosting,2020-07-14,0,1,1,0.6296691512385082,0.01870279902775973
hist_gradient_boosting,2020-07-15,0,0,1,0.6397285718189482,-0.007552109079995817
hist_gradient_boosting,2020-07-16,0,1,1,0.7400939227569858,0.004198373075329664
hist_gradient_boosting,2020-07-17,0,0,1,0.6282533945199551,-0.004964685067093244
hist_gradient_boosting,2020-07-20,0,1,1,0.6248941967649626,0.025735279635752173
hist_gradient_boosting,2020-07-21,0,0,1,0.5312826437255181,-0.013184932929406035
hist_gradient_boosting,2020-07-22,0,1,1,0.8469696091225567,0.0028538333300729413
hist_gradient_boosting,2020-07-23,0,0,1,0.8751497177872954,-0.010477273586270042
hist_gradient_boosting,2020-07-24,0,1,1,0.6175745688333433,0.0036601176470589802
hist_gradient_boosting,2020-07-27,0,0,1,0.8799221375320675,-0.0037770383404147623
hist_gradient_boosting,2020-07-28,0,1,1,0.6244395389302112,0.006667564561839923
hist_gradient_boosting,2020-07-29,0,0,1,0.7224278010119646,-0.002857155844155801
hist_gradient_boosting,2020-07-30,0,0,0,0.46260013833380137,-0.01888508750827167
hist_gradient_boosting,2020-07-31,0,0,1,0.8997747741901905,-0.000796561773620974
hist_gradient_boosting,2020-08-03,0,1,1,0.8176004025135748,0.01806828821847839
hist_gradient_boosting,2020-08-04,0,0,1,0.5537218351185229,-0.005741811525844076
hist_gradient_boosting,2020-08-05,0,1,1,0.8094186404651311,0.007743758820218938
hist_gradient_boosting,2020-08-06,0,0,0,0.4370333836162412,-0.005209716139746301
hist_gradient_boosting,2020-08-07,0,1,1,0.6422187041712594,0.016234695583975833
hist_gradient_boosting,2020-08-10,0,1,1,0.7001935592882678,0.003864918685973384
hist_gradient_boosting,2020-08-11,0,0,1,0.5806831243878521,-0.0011549794957644854
hist_gradient_boosting,2020-08-12,0,0,0,0.49048222820104315,-0.0021842219662282503
hist_gradient_boosting,2020-08-13,0,1,1,0.8782097361280886,0.0019314189064423282
hist_gradient_boosting,2020-08-14,0,0,1,0.7109719872096356,-0.007196992859452189
hist_gradient_boosting,2020-08-17,0,1,0,0.21875785871751097,0.007508116504854279
hist_gradient_boosting,2020-08-18,0,1,1,0.528373067233362,0.008608479799345314
hist_gradient_boosting,2020-08-19,0,0,1,0.6069064751883622,-0.008025439490445874
hist_gradient_boosting,2020-08-20,0,0,0,0.49473551358319284,-0.0008989340863386763
hist_gradient_boosting,2020-08-21,0,1,1,0.5739911469651903,0.005141310855733439
hist_gradient_boosting,2020-08-24,0,1,1,0.5215163882242364,0.004347877404650147
hist_gradient_boosting,2020-08-25,0,0,1,0.5465500376178367,-0.006111573642582635
hist_gradient_boosting,2020-08-26,0,1,1,0.6254661231296372,0.001793479420791222
hist_gradient_boosting,2020-08-27,0,0,1,0.6759557149642486,-0.0076726217777219885
hist_gradient_boosting,2020-08-28,0,0,0,0.41864448791330555,-0.0002576804190124182
hist_gradient_boosting,2020-08-31,0,0,1,0.7465864821375052,-0.016885859322354646
hist_gradient_boosting,2020-09-01,0,1,1,0.8502556365060878,0.019273647014828033
hist_gradient_boosting,2020-09-02,0,1,0,0.3973286948621641,0.008875765600097063
hist_gradient_boosting,2020-09-03,0,0,1,0.5996731619426938,-0.030600548259594573
hist_gradient_boosting,2020-09-04,0,1,1,0.6622381857325309,0.0028936078244587993
hist_gradient_boosting,2020-09-07,0,1,0,0.49941659456525317,0.009836065573770592
hist_gradient_boosting,2020-09-08,0,0,1,0.886640782320099,-0.019870116883116906
hist_gradient_boosting,2020-09-09,0,1,1,0.7458819158570785,0.006227653289682777
hist_gradient_boosting,2020-09-10,1,0,0,0.49990937021927334,-0.008427692693502964
hist_gradient_boosting,2020-09-11,1,1,1,0.8780281182184935,0.005577662460385158
hist_gradient_boosting,2020-09-14,1,0,1,0.9148698959168127,-0.0001320919158466216
hist_gradient_boosting,2020-09-15,1,1,1,0.8200634800383283,0.010962911252977436
hist_gradient_boosting,2020-09-16,1,0,1,0.7735005658083146,-0.011627893759761032
hist_gradient_boosting,2020-09-17,1,0,1,0.8302570150381402,-0.002379391873644665
hist_gradient_boosting,2020-09-18,1,0,1,0.734532578647964,-0.006625148978068762
hist_gradient_boosting,2020-09-21,1,0,1,0.803470064094661,-0.007202894395052617
hist_gradient_boosting,2020-09-22,1,1,1,0.8462234763169505,0.02297459357785825
hist_gradient_boosting,2020-09-23,1,0,1,0.5929403151459721,-0.007748831202375017
hist_gradient_boosting,2020-09-24,1,1,0,0.44300714284926157,0.013898014008020487
hist_gradient_boosting,2020-09-25,1,0,0,0.30940597027675926,-0.0009138250891337352
hist_gradient_boosting,2020-09-28,1,0,0,0.39304104390022526,-0.0015679472307323916
hist_gradient_boosting,2020-09-29,1,0,0,0.4466196490283098,-0.0206779468301036
hist_gradient_boosting,2020-09-30,1,1,1,0.7921688540474172,0.003608124987087402
hist_gradient_boosting,2020-10-01,1,0,1,0.6986340282439664,-0.01478029333635933
hist_gradient_boosting,2020-10-02,1,1,1,0.7244970429773046,0.023922206350107
hist_gradient_boosting,2020-10-05,1,1,0,0.35007226816206666,0.002771898026084907
hist_gradient_boosting,2020-10-06,1,1,0,0.47030170921192144,0.013557970072950232
hist_gradient_boosting,2020-10-07,1,1,1,0.5968546551874773,0.011298740259740203
hist_gradient_boosting,2020-10-08,1,1,0,0.42368763385459296,0.001540965652717441
hist_gradient_boosting,2020-10-09,1,1,0,0.4043845560146762,0.003333786468362243
hist_gradient_boosting,2020-10-12,1,1,1,0.5000167449624654,0.010990428115015938
hist_gradient_boosting,2020-10-13,1,0,0,0.49321934216419716,-0.0029073947300291003
hist_gradient_boosting,2020-10-14,1,1,0,0.35128246221755655,0.005324619877964842
hist_gradient_boosting,2020-10-15,1,0,0,0.19020404986537753,-0.005422446200916364
hist_gradient_boosting,2020-10-16,1,1,1,0.7480057047843027,0.008621782352411067
hist_gradient_boosting,2020-10-19,1,0,0,0.4128742244271449,-0.007919610009316957
hist_gradient_boosting,2020-10-20,1,1,0,0.34331778610358277,0.0016473011061151066
hist_gradient_boosting,2020-10-21,1,0,1,0.6753701649897045,-0.003289082734127202
hist_gradient_boosting,2020-10-22,1,1,1,0.8340135009138466,0.002030663764047924
hist_gradient_boosting,2020-10-23,1,0,1,0.6607044330963184,-0.004559860844579822
hist_gradient_boosting,2020-10-26,1,0,1,0.5210320587083979,-0.01641421383963415
hist_gradient_boosting,2020-10-27,1,0,1,0.6109092260271441,-0.0001293919742797467
hist_gradient_boosting,2020-10-28,1,0,1,0.7690933643382406,-0.01565531096318673
hist_gradient_boosting,2020-10-29,1,0,1,0.635857373662924,-0.006046253784273037
hist_gradient_boosting,2020-10-30,1,1,0,0.49865232326975295,0.004363845370384256
hist_gradient_boosting,2020-11-02,1,1,1,0.9210936965876216,0.01935485264074477
hist_gradient_boosting,2020-11-03,1,0,1,0.5492706395484993,-0.0021957892584808514
hist_gradient_boosting,2020-11-04,1,1,1,0.5981927960323279,0.013333320388349668
hist_gradient_boosting,2020-11-05,1,1,0,0.20229103827408298,0.00855899346651734
hist_gradient_boosting,2020-11-06,1,1,0,0.28835353000300834,0.018999367409729073
hist_gradient_boosting,2020-11-09,1,1,1,0.5789709352487189,0.0063393663022759394
hist_gradient_boosting,2020-11-10,1,1,1,0.5215008423654579,0.017292515035727707
hist_gradient_boosting,2020-11-11,1,0,1,0.5463450435757576,-0.00437106599840853
hist_gradient_boosting,2020-11-12,1,0,0,0.3594958358733338,-0.001829292682926864
hist_gradient_boosting,2020-11-13,1,1,0,0.2489567946198641,0.013683604488298196
hist_gradient_boosting,2020-11-16,1,1,1,0.7502833469868402,0.0014462456135200252
hist_gradient_boosting,2020-11-17,1,1,1,0.8155832565663975,0.004814081348613941
hist_gradient_boosting,2020-11-18,1,1,1,0.7335099635341474,0.001437333846863842
hist_gradient_boosting,2020-11-19,1,0,0,0.45078329686347274,-0.0004784236278145837
hist_gradient_boosting,2020-11-20,1,1,1,0.5276387929690667,0.004188081847553038
hist_gradient_boosting,2020-11-23,1,1,0,0.3384958070914712,0.013465264858562032
hist_gradient_boosting,2020-11-24,1,1,0,0.4606273063093102,0.0044679245925483
hist_gradient_boosting,2020-11-25,1,0,1,0.8415424922315916,-0.00772565843380546
hist_gradient_boosting,2020-11-26,1,0,0,0.3641269851920911,-0.004600684367135233
hist_gradient_boosting,2020-11-27,1,0,1,0.5236661347482771,-0.011495532525321206
hist_gradient_boosting,2020-11-30,1,1,1,0.5436663578204073,0.010670170930575651
hist_gradient_boosting,2020-12-01,1,1,1,0.7234558013482875,0.00035586001106069354
hist_gradient_boosting,2020-12-02,1,1,1,0.7197950454072364,0.00355739348850026
hist_gradient_boosting,2020-12-03,1,1,1,0.7641802885117465,0.0030722203617707944
hist_gradient_boosting,2020-12-04,1,1,1,0.5626744291113932,0.005300942458486668
hist_gradient_boosting,2020-12-07,1,1,0,0.4333492851089796,0.0024608273944610737
hist_gradient_boosting,2020-12-08,2,1,1,0.6092861379242289,0.0064289302245845725
hist_gradient_boosting,2020-12-09,2,0,1,0.5109785390796721,-0.00708478529813672
hist_gradient_boosting,2020-12-10,2,0,1,0.6324630692170001,-0.006433454355677881
hist_gradient_boosting,2020-12-11,2,1,0,0.3850261850617012,0.0030609252870041903
hist_gradient_boosting,2020-12-14,2,0,1,0.6110652297452455,-0.004225363998545673
hist_gradient_boosting,2020-12-15,2,1,1,0.6812214770393439,0.0075436943679252355
hist_gradient_boosting,2020-12-16,2,1,1,0.5553267614288668,0.010762739444452274
hist_gradient_boosting,2020-12-17,2,0,1,0.5109352819843148,-0.012037048332475764
hist_gradient_boosting,2020-12-18,2,0,0,0.30980526827642696,-0.0008200562228202202
hist_gradient_boosting,2020-12-21,2,0,0,0.25113603098956994,-0.009965986516989211
hist_gradient_boosting,2020-12-22,2,1,1,0.5593086746951277,0.007342444165266526
hist_gradient_boosting,2020-12-23,2,1,1,0.6833793961481306,0.003174277055590702
hist_gradient_boosting,2020-12-24,2,1,1,0.5260325256958321,0.0058596037534370815
hist_gradient_boosting,2020-12-29,2,0,0,0.313372720741847,-0.002213713102325099
hist_gradient_boosting,2020-12-30,2,0,0,0.4281290008854328,-0.012610941296251177
hist_gradient_boosting,2020-12-31,2,1,0,0.17140609693626171,0.008514676171113456
hist_gradient_boosting,2021-01-04,2,0,1,0.5849702878565916,-0.00035177064202362995
hist_gradient_boosting,2021-01-05,2,0,1,0.5422779514226359,-0.010439870967742015
hist_gradient_boosting,2021-01-06,2,1,0,0.44624231563486766,0.015410182368300385
hist_gradient_boosting,2021-01-07,2,1,0,0.17265626518650826,0.005253291839678154
hist_gradient_boosting,2021-01-08,2,0,0,0.23577667416694797,-0.007664661390492822
hist_gradient_boosting,2021-01-11,2,0,1,0.6253620048574445,-0.003042656631105478
hist_gradient_boosting,2021-01-12,2,1,1,0.5320430218115849,0.0007042845239044748
hist_gradient_boosting,2021-01-13,2,1,1,0.7301020868553622,0.005278557184750676
hist_gradient_boosting,2021-01-14,2,0,1,0.5875052038738605,-0.00035004668669924577
hist_gradient_boosting,2021-01-15,2,0,0,0.415194293248456,-0.00828760378866833
hist_gradient_boosting,2021-01-18,2,1,1,0.67191847437002,0.013418067483734308
hist_gradient_boosting,2021-01-19,2,1,0,0.4816125236069924,0.0034843670960365003
hist_gradient_boosting,2021-01-20,2,1,1,0.600904265617739,0.007754606301976663
hist_gradient_boosting,2021-01-21,2,0,1,0.540763407763248,-0.004019742735729803
hist_gradient_boosting,2021-01-22,2,1,0,0.47754349483291336,0.004381884174563089
hist_gradient_boosting,2021-01-25,2,0,0,0.43162221945780943,-0.007003444477691079
hist_gradient_boosting,2021-01-27,2,0,1,0.7835643254387369,-0.019308567910939378
hist_gradient_boosting,2021-01-28,2,0,1,0.526345909391392,-0.005423237443998974
hist_gradient_boosting,2021-01-29,2,1,1,0.668324843287388,0.008060692175667628
hist_gradient_boosting,2021-02-01,2,1,1,0.8696365903122216,0.01481658025850674
hist_gradient_boosting,2021-02-02,2,1,1,0.5181312855245954,0.008806430748327987
hist_gradient_boosting,2021-02-03,2,0,1,0.5177823678290033,-0.0081552953860623
hist_gradient_boosting,2021-02-04,2,1,0,0.25575725307126723,0.011349206979715198
hist_gradient_boosting,2021-02-05,2,1,0,0.34599792687973935,0.005152833959628289
hist_gradient_boosting,2021-02-08,2,0,0,0.2878409659870511,-0.008430143636707021
hist_gradient_boosting,2021-02-09,2,1,1,0.507067607707269,0.00631887630607908
hist_gradient_boosting,2021-02-10,2,0,0,0.39072398082106896,-0.0018266469609153901
hist_gradient_boosting,2021-02-11,2,0,1,0.6967232029570669,-0.006061969575660631
hist_gradient_boosting,2021-02-12,2,1,0,0.3049567507913979,0.009551219573044278
hist_gradient_boosting,2021-02-15,2,1,0,0.32254908774158286,0.00797899209008368
hist_gradient_boosting,2021-02-16,2,0,0,0.4712446551420627,-0.003957910211466853
hist_gradient_boosting,2021-02-17,2,0,1,0.542763992167471,-0.0003405880939919559
hist_gradient_boosting,2021-02-18,2,0,0,0.43109806508523535,-0.012038670799363937
hist_gradient_boosting,2021-02-19,2,0,0,0.18228026674183673,-0.0029887918838669147
hist_gradient_boosting,2021-02-22,2,1,1,0.7416049825168715,0.009800518512607326
hist_gradient_boosting,2021-02-23,2,0,1,0.6169677962505125,-0.007878545150067362
hist_gradient_boosting,2021-02-24,2,1,1,0.8534040832138619,0.008861836907145149
hist_gradient_boosting,2021-02-25,2,0,0,0.4271240978027838,-0.024526601664312087
hist_gradient_boosting,2021-02-26,2,1,1,0.6051390201348753,0.020348473386774035
hist_gradient_boosting,2021-03-01,2,0,1,0.7556316870093277,-0.0038968022922636347
hist_gradient_boosting,2021-03-02,2,1,1,0.6769027162545862,0.007018674167820871
hist_gradient_boosting,2021-03-03,2,0,0,0.40536591703502717,-0.005598697632496541
hist_gradient_boosting,2021-03-04,2,0,1,0.8760684688532017,-0.007583545990848539
hist_gradient_boosting,2021-03-05,2,1,1,0.7177171493993302,0.006020562486260594
hist_gradient_boosting,2021-03-08,2,1,1,0.6571474125442195,0.0036828173976615197
hist_gradient_boosting,2021-03-09,2,0,1,0.6962467161551062,-0.008599931299162145
hist_gradient_boosting,2021-03-10,2,1,1,0.546690644814842,0.0008096229563916424
hist_gradient_boosting,2021-03-11,3,1,1,0.7475554520339419,0.007974136229910167
hist_gradient_boosting,2021-03-12,3,1,1,0.5000190359548115,0.0017198119500136944
hist_gradient_boosting,2021-03-15,3,1,0,0.32403348147012645,0.008698569004284007
hist_gradient_boosting,2021-03-16,3,0,0,0.33286769394252186,-0.006240724142995369
hist_gradient_boosting,2021-03-17,3,0,1,0.5037098594107607,-0.005709065866429164
hist_gradient_boosting,2021-03-18,3,0,1,0.5005363697572156,-0.003330282422363662
hist_gradient_boosting,2021-03-19,3,1,1,0.7873232575629088,0.004147954785713059
hist_gradient_boosting,2021-03-22,3,0,1,0.7196003522035949,-0.002294951180838778
hist_gradient_boosting,2021-03-23,3,1,1,0.845025739753288,0.005405417092768872
hist_gradient_boosting,2021-03-24,3,0,0,0.4820050326318102,-0.0008007321162373238
hist_gradient_boosting,2021-03-25,3,1,0,0.30765854364133527,0.00789929039265691
hist_gradient_boosting,2021-03-26,3,0,0,0.34992166223886984,-0.003066833222775678
hist_gradient_boosting,2021-03-29,3,0,0,0.3834641252808873,-0.007975356316806237
hist_gradient_boosting,2021-03-30,3,1,1,0.8161791885279979,0.009762237280349195
hist_gradient_boosting,2021-03-31,3,1,1,0.5133437045408166,0.0009099408760222527
hist_gradient_boosting,2021-04-01,3,1,0,0.3716586537025079,0.0005682159090909522
hist_gradient_boosting,2021-04-06,3,1,1,0.537741469416498,0.006473594327986554
hist_gradient_boosting,2021-04-07,3,1,0,0.4497112379999656,0.009817140267982305
hist_gradient_boosting,2021-04-08,3,1,0,0.4725704090599337,0.00011176668033896497
hist_gradient_boosting,2021-04-09,3,0,1,0.6193131527159057,-0.0026815418994413642
hist_gradient_boosting,2021-04-12,3,0,0,0.4020341966322782,-0.00156844047572402
hist_gradient_boosting,2021-04-13,3,1,0,0.27120518153193746,0.008639990732495884
hist_gradient_boosting,2021-04-14,3,1,0,0.4744404593416256,0.004783635607783054
hist_gradient_boosting,2021-04-15,3,1,1,0.5547200514506844,0.0005536204605847139
hist_gradient_boosting,2021-04-16,3,1,0,0.3234283739799855,0.0005532256096085764
hist_gradient_boosting,2021-04-19,3,0,0,0.20409594089048916,-0.006635678094131459
hist_gradient_boosting,2021-04-20,3,0,0,0.48410004887253727,-0.003562680917390315
hist_gradient_boosting,2021-04-21,3,1,1,0.5328129409940442,0.008379888268156499
hist_gradient_boosting,2021-04-22,3,1,1,0.6136600614528347,0.0005540498614959866
hist_gradient_boosting,2021-04-23,3,0,0,0.48674041733768497,-0.0016611405871160834
hist_gradient_boosting,2021-04-26,3,0,0,0.44602934384975446,-0.0015529672423080232
hist_gradient_boosting,2021-04-27,3,1,0,0.37183191019828,0.006332629567100678
hist_gradient_boosting,2021-04-28,3,1,1,0.6050100750251098,0.0005519430215954468
hist_gradient_boosting,2021-04-29,3,0,0,0.22443420380632664,-0.00750303456371082
hist_gradient_boosting,2021-04-30,3,1,0,0.3930535617771085,0.00044470262739415567
hist_gradient_boosting,2021-05-03,3,1,0,0.20700380599572243,0.005667318716908953
hist_gradient_boosting,2021-05-04,3,1,0,0.39598893970857035,0.003425392265193228
hist_gradient_boosting,2021-05-05,3,0,0,0.3520790449090806,-0.004955368460640153
hist_gradient_boosting,2021-05-06,3,1,0,0.31043294010960143,0.0026560092667551327
hist_gradient_boosting,2021-05-07,3,1,0,0.21539526004116685,0.013796909796841339
hist_gradient_boosting,2021-05-10,3,0,0,0.30810590903030266,-0.010669515746750458
hist_gradient_boosting,2021-05-11,3,0,1,0.5458005458283322,-0.007153097595913982
hist_gradient_boosting,2021-05-12,3,0,1,0.5449377685445707,-0.007980503125908811
hist_gradient_boosting,2021-05-13,3,1,1,0.6459591870419764,0.00536316201117315
hist_gradient_boosting,2021-05-14,3,1,1,0.8835723475303702,0.0023338407757111934
hist_gradient_boosting,2021-05-17,3,1,1,0.8415929959826646,0.006209091779374676
hist_gradient_boosting,2021-05-18,3,0,1,0.5140391631280274,-0.02016531129476573
hist_gradient_boosting,2021-05-19,3,1,1,0.6992595308096975,0.01394518699831715
hist_gradient_boosting,2021-05-20,3,1,0,0.3134458251499554,0.001996361934500257
hist_gradient_boosting,2021-05-21,3,1,0,0.27857277994229496,0.0013283485201835976
hist_gradient_boosting,2021-05-24,3,1,0,0.2863744682945897,0.009838591751476944
hist_gradient_boosting,2021-05-25,3,0,0,0.4758080813997187,-0.0028462179057737735
hist_gradient_boosting,2021-05-26,3,1,1,0.6127126789885197,0.0008782742728412618
hist_gradient_boosting,2021-05-27,3,1,1,0.6761626132162588,0.01107822773013556
hist_gradient_boosting,2021-05-28,3,0,1,0.5005615602321813,-0.0015187567802126267
hist_gradient_boosting,2021-05-31,3,0,0,0.4874915647308572,-0.0027162103138177462
hist_gradient_boosting,2021-06-01,3,1,0,0.4260062305108146,0.010022856411124659
hist_gradient_boosting,2021-06-02,3,1,0,0.38035981601118857,0.006148204143546776
hist_gradient_boosting,2021-06-03,3,1,0,0.48376793715015376,0.004073810077978246
hist_gradient_boosting,2021-06-04,3,0,0,0.2086323691588471,-0.0011744714424739566
hist_gradient_boosting,2021-06-07,3,1,0,0.3030275202237217,0.0016033564424364766
hist_gradient_boosting,2021-06-08,3,0,0,0.44023163540426913,-0.0032016543180891643
hist_gradient_boosting,2021-06-09,3,1,0,0.384056029678004,0.004068490276905923
hist_gradient_boosting,2021-06-10,4,1,1,0.6593487708070885,0.0020260396889104637
hist_gradient_boosting,2021-06-11,4,1,1,0.5237254731692469,0.010109577417159121
hist_gradient_boosting,2021-06-15,4,0,0,0.35097586911674145,-0.0009481247565977791
hist_gradient_boosting,2021-06-16,4,0,1,0.5589665965672163,-0.002741769424406404
hist_gradient_boosting,2021-06-17,4,0,0,0.4984414803921924,-0.00021145183461979133
hist_gradient_boosting,2021-06-18,4,0,0,0.25613278643111725,-0.016922326274278476
hist_gradient_boosting,2021-06-21,4,1,0,0.2772009728270715,0.014093652956223446
hist_gradient_boosting,2021-06-22,4,0,1,0.5736360400818992,-0.00583495637948328
hist_gradient_boosting,2021-06-23,4,0,1,0.8649237280952454,-0.003308046134970044
hist_gradient_boosting,2021-06-24,4,1,1,0.6331151725013755,0.005139132652266953
hist_gradient_boosting,2021-06-25,4,1,1,0.6984404939203973,0.0002130911870394936
hist_gradient_boosting,2021-06-28,4,1,1,0.6587950245435666,0.00042598508144875424
hist_gradient_boosting,2021-06-29,4,1,0,0.22983433442355866,0.001064498593474461
hist_gradient_boosting,2021-06-30,4,0,0,0.4851271439955494,-0.010952775298247897
hist_gradient_boosting,2021-07-01,4,1,1,0.7703323203538237,0.005268229109381073
hist_gradient_boosting,2021-07-02,4,1,1,0.5126151540606486,0.0009625240641710775
hist_gradient_boosting,2021-07-05,4,0,1,0.7066965714631054,-0.008013677017359888
hist_gradient_boosting,2021-07-06,4,1,1,0.869624276755245,0.00980185307203163
hist_gradient_boosting,2021-07-07,4,1,1,0.5437768427195124,0.001600021333333368
hist_gradient_boosting,2021-07-08,4,0,1,0.6147096995740536,-0.010010681362924823
hist_gradient_boosting,2021-07-09,4,1,1,0.8720391277166548,0.009036187704778431
hist_gradient_boosting,2021-07-12,4,0,1,0.7510392807637578,-0.0007462686328486567
hist_gradient_boosting,2021-07-13,4,1,1,0.6832944815981644,0.003520697636166581
hist_gradient_boosting,2021-07-14,4,0,1,0.6952248938882365,-0.004465224419843095
hist_gradient_boosting,2021-07-15,4,1,0,0.4705902304230148,0.003737708284255792
hist_gradient_boosting,2021-07-16,4,0,0,0.447791331161606,-0.00872433256142846
hist_gradient_boosting,2021-07-19,4,0,1,0.9105304324852349,-0.004400515281754225
hist_gradient_boosting,2021-07-20,4,1,1,0.7576562980864076,0.00797755480859097
hist_gradient_boosting,2021-07-21,4,1,1,0.6783483346885795,0.009732663101604366
hist_gradient_boosting,2021-07-22,4,1,1,0.6299923787781707,0.001482883106328492
hist_gradient_boosting,2021-07-23,4,0,1,0.6243731222635264,-0.00010578529542726312
hist_gradient_boosting,2021-07-26,4,1,0,0.48582111165779046,0.004759858210706014
hist_gradient_boosting,2021-07-27,4,0,0,0.39701156875316607,-0.007369165330438188
hist_gradient_boosting,2021-07-28,4,1,0,0.40346772517813323,0.0057270229533670225
hist_gradient_boosting,2021-07-29,4,0,0,0.4758619565743655,-0.002847242373779535
hist_gradient_boosting,2021-07-30,4,1,1,0.5797267792444205,0.013219120414956098
hist_gradient_boosting,2021-08-02,4,0,1,0.5085296350334105,-0.002609331022008776
hist_gradient_boosting,2021-08-03,4,1,1,0.5422044747463038,0.004499790801586245
hist_gradient_boosting,2021-08-04,4,1,0,0.18198521847044588,0.0010417543711169763
hist_gradient_boosting,2021-08-05,4,1,0,0.42271050694386436,0.0029140078224167976
hist_gradient_boosting,2021-08-06,4,1,0,0.4199309080298526,0.0003112898107930917
hist_gradient_boosting,2021-08-09,4,1,0,0.4395761122663039,0.0030082986927739697
hist_gradient_boosting,2021-08-10,4,1,0,0.44091181633246224,0.0031026579149309175
hist_gradient_boosting,2021-08-11,4,1,1,0.6460278589674262,0.0014434374975449416
hist_gradient_boosting,2021-08-12,4,1,1,0.6443691093619232,0.006383228859772272
hist_gradient_boosting,2021-08-13,4,0,1,0.5607145356277231,-0.006342741687979547
hist_gradient_boosting,2021-08-16,4,0,0,0.291095046478102,-0.008442283798279271
hist_gradient_boosting,2021-08-17,4,0,1,0.7361147345797862,-0.0002076316105830145
hist_gradient_boosting,2021-08-18,4,0,0,0.4355965682524941,-0.004881098713458432
hist_gradient_boosting,2021-08-19,4,0,1,0.7848884564461199,-0.00010438321853478705
hist_gradient_boosting,2021-08-20,4,1,1,0.7805507249993815,0.0036531260547569833
hist_gradient_boosting,2021-08-23,4,1,1,0.784460712195039,0.002807778585367071
hist_gradient_boosting,2021-08-24,4,1,1,0.7705268664497884,0.004666566421238194
hist_gradient_boosting,2021-08-25,4,0,0,0.347394313462781,-0.005161024106968171
hist_gradient_boosting,2021-08-26,4,1,1,0.501836146315096,0.00010377672039152408
hist_gradient_boosting,2021-08-27,4,1,0,0.4568914144613973,0.002282415211976474
hist_gradient_boosting,2021-08-30,4,1,0,0.49136132809336125,0.004657871807702385
hist_gradient_boosting,2021-08-31,4,0,0,0.45390585339548706,-0.0007212033942138873
hist_gradient_boosting,2021-09-01,4,0,0,0.26731410659709454,-0.0010310238381486814
hist_gradient_boosting,2021-09-02,4,1,1,0.5028795789902255,0.005882960118515301
hist_gradient_boosting,2021-09-03,4,1,1,0.5171300696234002,0.0017442848527016164
hist_gradient_boosting,2021-09-06,4,1,1,0.5080937324217378,0.0008194407708523865
hist_gradient_boosting,2021-09-07,4,0,1,0.5260864575667661,-0.0023538634976344452
hist_gradient_boosting,2021-09-08,5,0,0,0.3773192954884158,-0.017644654770886614
hist_gradient_boosting,2021-09-09,5,1,1,0.6998897370215328,0.0041771302385729125
hist_gradient_boosting,2021-09-10,5,1,1,0.725221493885342,0.003015734067565168
hist_gradient_boosting,2021-09-13,5,1,1,0.7998679218004288,0.0015552203697839495
hist_gradient_boosting,2021-09-14,5,0,1,0.6334843927869551,-0.002898530080714945
hist_gradient_boosting,2021-09-15,5,1,1,0.8667612158925149,0.006852190614617948
hist_gradient_boosting,2021-09-16,5,0,0,0.47385010028937885,-0.009795875135206966
hist_gradient_boosting,2021-09-17,5,0,1,0.7813140537448997,-0.019993731333892928
hist_gradient_boosting,2021-09-20,5,1,1,0.6976569125658746,0.0036127509976331407
hist_gradient_boosting,2021-09-21,5,1,1,0.6914274436490542,0.0035998307125411078
hist_gradient_boosting,2021-09-22,5,1,1,0.7177601287933613,0.010866114454413767
hist_gradient_boosting,2021-09-23,5,0,1,0.531070315739392,-0.003965748278021097
hist_gradient_boosting,2021-09-24,5,1,1,0.6939107352596541,0.005867539692633317
hist_gradient_boosting,2021-09-27,5,0,0,0.2467426625831552,-0.015000020833333405
hist_gradient_boosting,2021-09-28,5,0,1,0.6320310318629089,-0.010575296331964856
hist_gradient_boosting,2021-09-29,5,1,1,0.5271995804418774,0.017956392004198296
hist_gradient_boosting,2021-09-30,5,0,1,0.5310837048146981,-0.03380933502329553
hist_gradient_boosting,2021-10-01,5,1,1,0.6664141613181187,0.012388687645795038
hist_gradient_boosting,2021-10-04,5,0,1,0.509805430029144,-0.004186421031068144
hist_gradient_boosting,2021-10-05,5,0,1,0.7424529356517391,-0.006036412828600235
hist_gradient_boosting,2021-10-06,5,1,1,0.5979492959381746,0.006940668115613002
hist_gradient_boosting,2021-10-07,5,1,1,0.7297740449148686,0.007646742221792957
hist_gradient_boosting,2021-10-08,5,0,0,0.36705999172342657,-0.0011757268314606106
hist_gradient_boosting,2021-10-11,5,0,1,0.7040158897733086,-0.00428029976287736
hist_gradient_boosting,2021-10-12,5,1,1,0.7089558291674655,0.0010746802447711978
hist_gradient_boosting,2021-10-13,5,1,1,0.8045286853902118,0.006441202223484543
hist_gradient_boosting,2021-10-14,5,1,1,0.7252562636123447,0.006613365333333343
hist_gradient_boosting,2021-10-15,5,1,0,0.49304809823634443,0.002861036255344951
hist_gradient_boosting,2021-10-18,5,0,0,0.4243147469349645,-0.0011622992515035735
hist_gradient_boosting,2021-10-19,5,1,0,0.29504296870136326,0.007087675945072203
hist_gradient_boosting,2021-10-20,5,0,0,0.3585443795905376,-0.0011554727254875496
hist_gradient_boosting,2021-10-21,5,0,0,0.4866611495204515,-0.0008412451715741343
hist_gradient_boosting,2021-10-22,5,1,1,0.6146734876529055,0.0036838121527458245
hist_gradient_boosting,2021-10-25,5,1,1,0.5709253453751169,0.0012584102217028104
hist_gradient_boosting,2021-10-26,5,1,1,0.5097744631537305,0.00041887304926047086
hist_gradient_boosting,2021-10-27,5,0,0,0.47387051860723967,-0.0031406617401800174
hist_gradient_boosting,2021-10-28,5,0,0,0.4436339662354299,-0.015752992903245167
hist_gradient_boosting,2021-10-29,5,1,1,0.7638817514869328,0.00928291710112128
hist_gradient_boosting,2021-11-01,5,0,1,0.7098002586444149,-0.006554551498236694
hist_gradient_boosting,2021-11-02,5,1,1,0.8821357882131554,0.009151867519933354
hist_gradient_boosting,2021-11-03,5,1,1,0.6148443128135308,0.0048507749688755375
hist_gradient_boosting,2021-11-04,5,1,1,0.6345385464948301,0.0051421764598365005
hist_gradient_boosting,2021-11-05,5,1,1,0.5155252063793049,0.0006264042663020053
hist_gradient_boosting,2021-11-08,5,0,1,0.6264907314681947,-0.002295419544883992
hist_gradient_boosting,2021-11-09,5,0,0,0.3740519027644951,-0.0017779334309370176
hist_gradient_boosting,2021-11-10,5,0,1,0.5610576329547551,-0.005657339098711467
hist_gradient_boosting,2021-11-11,5,1,1,0.8112989792924675,0.008428984999305111
hist_gradient_boosting,2021-11-12,5,1,0,0.3705725927802153,0.005119611379371225
hist_gradient_boosting,2021-11-15,5,0,1,0.6727919348733647,-0.006860665494615281
hist_gradient_boosting,2021-11-16,5,0,1,0.5445927393391977,-0.006594065243939018
hist_gradient_boosting,2021-11-17,5,1,1,0.8527374498965272,0.0018964491878010747
hist_gradient_boosting,2021-11-18,5,1,1,0.9050884574210063,0.0019981386895842057
hist_gradient_boosting,2021-11-19,5,0,1,0.864264774768539,-0.004513024816467537
hist_gradient_boosting,2021-11-22,5,1,1,0.8593866965749923,0.008961507832609517
hist_gradient_boosting,2021-11-23,5,0,0,0.38298249061343315,-0.005015632341137888
hist_gradient_boosting,2021-11-24,5,1,1,0.7536470430009263,0.0018903696503846934
hist_gradient_boosting,2021-11-25,5,0,0,0.429871258481705,-0.01719077532094815
hist_gradient_boosting,2021-11-26,5,0,1,0.7569026634640904,-0.005759396208204093
hist_gradient_boosting,2021-11-29,5,1,1,0.731161767572119,0.00461275472417122
hist_gradient_boosting,2021-11-30,5,0,1,0.7395606375187435,-0.004484772995520081
hist_gradient_boosting,2021-12-01,5,0,1,0.8366434140167665,-0.002252558116940029
hist_gradient_boosting,2021-12-02,5,1,1,0.726105748762484,0.0019350677897784774
hist_gradient_boosting,2021-12-03,5,1,1,0.8113952650271189,0.0016094528415060427
hist_gradient_boosting,2021-12-06,6,1,1,0.6649300329529132,0.006855918732853183
hist_gradient_boosting,2021-12-07,6,1,0,0.4007338342952269,0.013192946338822065
hist_gradient_boosting,2021-12-08,6,0,0,0.2642341924464601,-0.0030452692519603586
hist_gradient_boosting,2021-12-09,6,0,0,0.24876441763797,-0.004002569959920765
hist_gradient_boosting,2021-12-10,6,1,1,0.5985098929523356,0.0054991963938071375
hist_gradient_boosting,2021-12-13,6,0,0,0.3516313907284982,-0.0006311001129342131
hist_gradient_boosting,2021-12-14,6,0,1,0.5464422584905264,-0.00884021286592962
hist_gradient_boosting,2021-12-15,6,0,1,0.7508703426679723,-0.0030792206413251533
hist_gradient_boosting,2021-12-16,6,1,1,0.8259998955664225,0.0023431888629585895
hist_gradient_boosting,2021-12-17,6,0,1,0.8630916029246382,-0.0022314206542192183
hist_gradient_boosting,2021-12-20,6,1,1,0.8517901108773476,0.007774174488303087
hist_gradient_boosting,2021-12-21,6,1,0,0.4584992874354312,0.0008454190271187656
hist_gradient_boosting,2021-12-22,6,1,0,0.3632421897530762,0.0034843417113752384
hist_gradient_boosting,2021-12-23,6,1,1,0.5718024894778319,0.004945296665137766
hist_gradient_boosting,2021-12-24,6,1,1,0.5186715214140462,0.011831190203513975
hist_gradient_boosting,2021-12-29,6,1,0,0.23773332882009146,0.0012417529102002334
hist_gradient_boosting,2021-12-30,6,0,1,0.5401486337137847,-0.0091980051840016
hist_gradient_boosting,2021-12-31,6,1,1,0.6198083030559471,0.013142734542315626
hist_gradient_boosting,2022-01-04,6,0,1,0.6860405670954789,-0.004221105864957497
hist_gradient_boosting,2022-01-05,6,0,0,0.42922595826495663,-0.02615797119356922
hist_gradient_boosting,2022-01-06,6,1,1,0.6182588512195409,0.011784700885769217
hist_gradient_boosting,2022-01-07,6,0,0,0.40880936091389064,-0.001049380869379446
hist_gradient_boosting,2022-01-10,6,0,1,0.8234784408141163,-0.007247846867053931
hist_gradient_boosting,2022-01-11,6,1,1,0.694076082074813,0.005502031414622133
hist_gradient_boosting,2022-01-12,6,1,1,0.8861156833290068,0.005682426661921758
hist_gradient_boosting,2022-01-13,6,0,0,0.4437641530044958,-0.010672773883017572
hist_gradient_boosting,2022-01-14,6,1,1,0.7734770649949424,0.0030670861004626904
hist_gradient_boosting,2022-01-17,6,0,1,0.8307145372198995,-0.0014761599104242684
hist_gradient_boosting,2022-01-18,6,0,1,0.8243169453256676,-0.009292471255305301
hist_gradient_boosting,2022-01-19,6,1,1,0.687535179515911,0.0012790662971648992
hist_gradient_boosting,2022-01-20,6,0,1,0.7813890117651103,-0.02203533059324403
hist_gradient_boosting,2022-01-21,6,0,0,0.4804214805588805,-0.005986752825076103
hist_gradient_boosting,2022-01-24,6,0,1,0.5528045635807447,-0.02496713753832669
hist_gradient_boosting,2022-01-25,6,0,1,0.5102593103690714,-0.01841867679224307
hist_gradient_boosting,2022-01-27,6,1,1,0.582600811164073,0.022425617335798176
hist_gradient_boosting,2022-01-28,6,0,1,0.5133659501420949,-0.00279767230530803
hist_gradient_boosting,2022-01-31,6,1,1,0.8138304303265647,0.005049904555606499
hist_gradient_boosting,2022-02-01,6,1,1,0.6550373100585216,0.012505605460152225
hist_gradient_boosting,2022-02-02,6,0,0,0.2802073253056336,-0.0016541795324217512
hist_gradient_boosting,2022-02-03,6,1,0,0.37144921935914266,0.0061857616943086224
hist_gradient_boosting,2022-02-04,6,0,0,0.30895114581878347,-0.0016466572245759092
hist_gradient_boosting,2022-02-07,6,1,0,0.3774443130456531,0.010336430386267192
hist_gradient_boosting,2022-02-08,6,1,0,0.47811120724345646,0.010992621168675054
hist_gradient_boosting,2022-02-09,6,1,0,0.4205337491885034,0.003121983024243491
hist_gradient_boosting,2022-02-10,6,0,0,0.28179852937619404,-0.009980682549903475
hist_gradient_boosting,2022-02-11,6,1,1,0.5016852478393528,0.002493257452574449
hist_gradient_boosting,2022-02-14,6,0,0,0.2203409967191224,-0.004000886548414129
hist_gradient_boosting,2022-02-15,6,1,1,0.7040466275592947,0.012376495360151063
hist_gradient_boosting,2022-02-16,6,1,0,0.3709950215318061,0.00160860053619305
hist_gradient_boosting,2022-02-17,6,0,0,0.30440180488434754,-0.009743083303145994
hist_gradient_boosting,2022-02-18,6,1,1,0.585598276124859,0.0012974700248127302
hist_gradient_boosting,2022-02-21,6,0,1,0.6569051826435298,-0.00982619576907251
hist_gradient_boosting,2022-02-22,6,1,1,0.6087890187182836,0.005888778818607943
hist_gradient_boosting,2022-02-23,6,0,1,0.7205893302502276,-0.023633998777840448
hist_gradient_boosting,2022-02-24,6,1,1,0.5128217784000639,0.002998045813858541
hist_gradient_boosting,2022-02-25,6,1,1,0.7469594829577259,0.007417225563661534
hist_gradient_boosting,2022-02-28,6,1,1,0.6855459056572374,0.0061538241758241075
hist_gradient_boosting,2022-03-01,6,1,1,0.5822462731162089,0.004587210672503561
hist_gradient_boosting,2022-03-02,6,1,0,0.39756785799588584,0.009567275182628565
hist_gradient_boosting,2022-03-03,6,0,0,0.2861987265784499,-0.010122797651057391
hist_gradient_boosting,2022-03-04,6,0,0,0.4995994026291492,-0.010552665590789156
hist_gradient_boosting,2022-03-07,6,0,1,0.5872070258202463,-0.00758653131126541
hist_gradient_boosting,2022-03-08,6,1,0,0.37984362566384505,0.010857478155163358
hist_gradient_boosting,2022-03-09,7,1,1,0.6176351182304309,0.012494509261168574
hist_gradient_boosting,2022-03-10,7,0,0,0.45576480243257567,-0.00974230384527952
hist_gradient_boosting,2022-03-11,7,1,1,0.56333573266615,0.01224305819054261
hist_gradient_boosting,2022-03-14,7,0,0,0.2514147646413505,-0.007019449395668453
hist_gradient_boosting,2022-03-15,7,1,0,0.2597118673846642,0.010766775772706128
hist_gradient_boosting,2022-03-16,7,1,0,0.3031683459823902,0.011082407766679347
hist_gradient_boosting,2022-03-17,7,1,1,0.5504987893079463,0.0025539852872833446
hist_gradient_boosting,2022-03-18,7,1,1,0.6135127091549962,0.0008491879933043567
hist_gradient_boosting,2022-03-21,7,1,1,0.5204346680028354,0.009014720447399371
hist_gradient_boosting,2022-03-22,7,1,1,0.5005880293461199,0.005255413130706543
hist_gradient_boosting,2022-03-23,7,1,1,0.5268794915676559,0.0011501568501688375
hist_gradient_boosting,2022-03-24,7,1,0,0.38669083265427096,0.003028731070496171
hist_gradient_boosting,2022-03-25,7,1,0,0.401386569503399,0.0005205643427679263
hist_gradient_boosting,2022-03-28,7,1,0,0.33186325312094106,0.006868602637885468
hist_gradient_boosting,2022-03-29,7,1,0,0.28574516217309853,0.0069250439276487
hist_gradient_boosting,2022-03-30,7,0,0,0.1966615031072887,-0.0021556046428989895
hist_gradient_boosting,2022-03-31,7,0,0,0.4305634205631064,-0.021602695418194595
hist_gradient_boosting,2022-04-01,7,1,0,0.23003761554426655,0.003364514736994062
hist_gradient_boosting,2022-04-04,7,1,0,0.22482683728400013,0.0023053756680289084
hist_gradient_boosting,2022-04-05,7,0,0,0.41433776761594676,-0.005331970615118253
hist_gradient_boosting,2022-04-06,7,0,0,0.4717225179600216,-0.006621789012211443
hist_gradient_boosting,2022-04-07,7,1,1,0.8340407396429821,0.004549782995454832
hist_gradient_boosting,2022-04-08,7,1,1,0.6996063404826651,0.001263914024353996
hist_gradient_boosting,2022-04-11,7,0,1,0.6397073532138872,-0.004839049123480876
hist_gradient_boosting,2022-04-12,7,1,1,0.7944494995590954,0.0033826639192953145
hist_gradient_boosting,2022-04-13,7,1,1,0.7075417565896793,0.006742520158923515
hist_gradient_boosting,2022-04-14,7,1,1,0.7103384798197734,0.005755577768011388
hist_gradient_boosting,2022-04-19,7,1,0,0.44372999518106365,0.0011445218900787424
hist_gradient_boosting,2022-04-20,7,1,1,0.6823710356089895,0.0031178133120162155
hist_gradient_boosting,2022-04-21,7,0,0,0.2857023355416429,-0.016576865413702735
hist_gradient_boosting,2022-04-22,7,0,0,0.4894235932126141,-0.020227539406395767
hist_gradient_boosting,2022-04-26,7,0,1,0.707862211878016,-0.008279537634408696
hist_gradient_boosting,2022-04-27,7,1,1,0.786234816574777,0.01290247166098446
hist_gradient_boosting,2022-04-28,7,1,1,0.7714228265682991,0.010383226512165056
hist_gradient_boosting,2022-04-29,7,0,1,0.6375083020881552,-0.011547791201904745
hist_gradient_boosting,2022-05-02,7,0,1,0.601256197102291,-0.004715991273869569
hist_gradient_boosting,2022-05-03,7,0,0,0.48877010703856394,-0.0011845896921753862
hist_gradient_boosting,2022-05-04,7,1,0,0.4979889384024021,0.007439374663072762
hist_gradient_boosting,2022-05-05,7,0,1,0.7493768252811616,-0.02129714209552358
hist_gradient_boosting,2022-05-06,7,0,0,0.4182245783260859,-0.01115360342767413
hist_gradient_boosting,2022-05-09,7,0,1,0.584973756377366,-0.01105827712042462
hist_gradient_boosting,2022-05-10,7,1,1,0.6465851407190372,0.004920082746281862
hist_gradient_boosting,2022-05-11,7,0,1,0.5276455294555912,-0.018582462938161903
hist_gradient_boosting,2022-05-12,7,1,0,0.40037890585043207,0.01961454715242228
hist_gradient_boosting,2022-05-13,7,1,1,0.7949128420316331,0.0027799399532970615
hist_gradient_boosting,2022-05-16,7,1,1,0.6562016018764164,0.0032158017298735686
hist_gradient_boosting,2022-05-17,7,1,1,0.7522711153663352,0.009948071073857978
hist_gradient_boosting,2022-05-18,7,0,0,0.31023827145858424,-0.014556221476757503
hist_gradient_boosting,2022-05-19,7,1,0,0.44908368199131976,0.011328265089646017
hist_gradient_boosting,2022-05-20,7,0,1,0.5464134384232745,-0.00032944213330632355
hist_gradient_boosting,2022-05-23,7,0,1,0.6859116064984896,-0.0028562232544899757
hist_gradient_boosting,2022-05-24,7,1,1,0.7239805332047413,0.003305089896609603
hist_gradient_boosting,2022-05-25,7,0,1,0.7125935896968968,-0.007137388821785273
hist_gradient_boosting,2022-05-26,7,1,1,0.6756318678628417,0.011280734600325859
hist_gradient_boosting,2022-05-27,7,1,1,0.6023583931135346,0.014435695222316358
hist_gradient_boosting,2022-05-30,7,0,0,0.29366502970495584,-0.01078050860757851
hist_gradient_boosting,2022-05-31,7,1,1,0.7917712712894222,0.0027244986328573972
hist_gradient_boosting,2022-06-01,7,0,0,0.48671137126068365,-0.008694739513210759
hist_gradient_boosting,2022-06-02,7,1,1,0.6389244584878103,0.009209560456195254
hist_gradient_boosting,2022-06-03,7,0,0,0.36703612542806613,-0.004019587049877593
hist_gradient_boosting,2022-06-06,7,0,1,0.5450530657833356,-0.015161420157068117
hist_gradient_boosting,2022-06-07,7,1,1,0.6496203277088564,0.0034333480625390322
hist_gradient_boosting,2022-06-08,7,0,1,0.5229217268617774,-0.014348731001075699
hist_gradient_boosting,2022-06-09,8,0,1,0.5477167768179464,-0.012654030929875715
hist_gradient_boosting,2022-06-10,8,0,0,0.4245383188734526,-0.03595325022010332
hist_gradient_boosting,2022-06-14,8,0,1,0.8076095208472815,-0.013294082352941161
hist_gradient_boosting,2022-06-15,8,0,1,0.5784180603551576,-0.0019077619443986782
hist_gradient_boosting,2022-06-16,8,0,1,0.5593399744371306,-0.016724417832091998
hist_gradient_boosting,2022-06-17,8,0,1,0.7051260069730394,-0.005345583898568429
hist_gradient_boosting,2022-06-20,8,1,1,0.5590892811484288,0.0129473184458051
hist_gradient_boosting,2022-06-21,8,0,1,0.7658163434250289,-0.0022911129868564695
hist_gradient_boosting,2022-06-22,8,1,1,0.8547912667471064,0.0031423979488129916
hist_gradient_boosting,2022-06-23,8,1,1,0.8057952553798867,0.007469915662650539
hist_gradient_boosting,2022-06-24,8,1,1,0.6085067243342974,0.01985166156954099
hist_gradient_boosting,2022-06-27,8,1,0,0.347501470681548,0.0085600728020645
hist_gradient_boosting,2022-06-28,8,0,1,0.5431836035213218,-0.007789861462856429
hist_gradient_boosting,2022-06-29,8,0,1,0.7196939990665046,-0.018631310927176514
hist_gradient_boosting,2022-06-30,8,0,1,0.6457309652500857,-0.030805994029850625
hist_gradient_boosting,2022-07-01,8,1,1,0.7648108555006348,0.011087865247945361
hist_gradient_boosting,2022-07-04,8,1,0,0.39043075804104294,0.0012184476666261546
hist_gradient_boosting,2022-07-05,8,0,1,0.8436437155622979,-0.004624522444311108
hist_gradient_boosting,2022-07-06,8,1,1,0.6901325955243591,0.008680755487458613
hist_gradient_boosting,2022-07-07,8,1,1,0.739822661621374,0.004363648484848381
hist_gradient_boosting,2022-07-08,8,0,1,0.5596747614907454,-0.010982428059589378
hist_gradient_boosting,2022-07-11,8,0,1,0.632137620206552,-0.00048801710145263133
hist_gradient_boosting,2022-07-12,8,1,1,0.8114198316236809,0.00219743610316514
hist_gradient_boosting,2022-07-13,8,1,1,0.751414016381692,0.0054818494570276766
hist_gradient_boosting,2022-07-14,8,0,1,0.698528457608865,-0.007148097805329656
hist_gradient_boosting,2022-07-15,8,1,1,0.877035707180288,0.012324613019814912
hist_gradient_boosting,2022-07-18,8,0,1,0.5167119280941148,-0.005544828900009957
hist_gradient_boosting,2022-07-19,8,1,1,0.7094785198965996,0.017212096969696944
hist_gradient_boosting,2022-07-20,8,1,0,0.4355020072636215,0.004885653119295563
hist_gradient_boosting,2022-07-21,8,0,0,0.2860483464583463,-0.00035573341976191664
hist_gradient_boosting,2022-07-22,8,0,0,0.2640770964552712,-0.00023729536522076877
hist_gradient_boosting,2022-07-25,8,1,0,0.29305196226588553,0.002254413885315776
hist_gradient_boosting,2022-07-26,8,1,0,0.3928620971573832,0.003196365535736323
hist_gradient_boosting,2022-07-27,8,1,0,0.36903641660225667,0.009086665307686204
hist_gradient_boosting,2022-07-28,8,1,0,0.24059824133697355,0.008770903782694406
hist_gradient_boosting,2022-07-29,8,1,1,0.7438477059743791,0.006955703525256096
hist_gradient_boosting,2022-08-01,8,1,1,0.6065373182627184,0.0003453603460124022
hist_gradient_boosting,2022-08-02,8,0,0,0.48356567936688083,-0.0032224422053452884
hist_gradient_boosting,2022-08-03,8,1,1,0.6967248867045076,0.00034635722957676585
hist_gradient_boosting,2022-08-04,8,1,1,0.6001152880322295,0.0063481418091890784
hist_gradient_boosting,2022-08-05,8,1,1,0.7096582032318921,0.0006881293568496982
hist_gradient_boosting,2022-08-08,8,1,1,0.6030853107932568,0.0008022922636101715
hist_gradient_boosting,2022-08-09,8,0,1,0.5237792818942253,-0.00480987173614289
hist_gradient_boosting,2022-08-10,8,1,0,0.35355246220276393,0.011277272467726807
hist_gradient_boosting,2022-08-11,8,0,1,0.6993901478568733,-0.004437858594829036
hist_gradient_boosting,2022-08-12,8,1,0,0.4974760234745619,0.004914847523485033
hist_gradient_boosting,2022-08-15,8,1,1,0.6005280295214296,0.005573316778282766
hist_gradient_boosting,2022-08-16,8,1,1,0.6759221997547364,0.004976744486969942
hist_gradient_boosting,2022-08-17,8,0,0,0.38240448817972145,-0.0028137310706524143
hist_gradient_boosting,2022-08-18,8,1,0,0.4588646310245627,0.00045147856549609955
hist_gradient_boosting,2022-08-19,8,0,1,0.5122232372058614,-0.009250891349852242
hist_gradient_boosting,2022-08-22,8,0,0,0.4339632340259582,-0.01207012070143465
hist_gradient_boosting,2022-08-23,8,1,1,0.714525089997887,0.0062240777726123575
hist_gradient_boosting,2022-08-24,8,1,1,0.6233727205946996,0.007216460233111288
hist_gradient_boosting,2022-08-25,8,1,0,0.49114959436407796,0.007505925167746952
hist_gradient_boosting,2022-08-26,8,0,0,0.3265778321842146,-0.019641021318027807
hist_gradient_boosting,2022-08-29,8,1,1,0.7114242351541685,0.005066240761456342
hist_gradient_boosting,2022-08-30,8,0,1,0.6238484010251264,-0.00045825409029387476
hist_gradient_boosting,2022-08-31,8,0,1,0.5739585783429106,-0.013638991404011591
hist_gradient_boosting,2022-09-01,8,0,1,0.6193490904794834,-0.0019753544498105624
hist_gradient_boosting,2022-09-02,8,1,1,0.660080046516091,0.004307870582231477
hist_gradient_boosting,2022-09-05,8,0,1,0.7410876116575771,-0.00313011817458575
hist_gradient_boosting,2022-09-06,8,0,1,0.7896285223051854,-0.013722526194267504
hist_gradient_boosting,2022-09-07,9,1,1,0.6326508295238386,0.01957319937680002
hist_gradient_boosting,2022-09-08,9,1,1,0.5790002982000529,0.00693881106812988
hist_gradient_boosting,2022-09-09,9,1,1,0.6236315981384418,0.010106776157114972
hist_gradient_boosting,2022-09-12,9,1,0,0.36874476222229735,0.0068221264407775095
hist_gradient_boosting,2022-09-13,9,0,1,0.6932096944379516,-0.026425792441813978
hist_gradient_boosting,2022-09-14,9,1,1,0.6234863676448579,0.0032478715143007264
hist_gradient_boosting,2022-09-15,9,0,1,0.7280368812759619,-0.015261880339042078
hist_gradient_boosting,2022-09-16,9,0,0,0.49589489267993137,-0.0016437595783436176
hist_gradient_boosting,2022-09-19,9,1,1,0.6714945977647062,0.013054216312527567
hist_gradient_boosting,2022-09-20,9,0,1,0.7679395212125772,-0.015788251866592162
hist_gradient_boosting,2022-09-21,9,0,1,0.6691216771361261,-0.018872363987642804
hist_gradient_boosting,2022-09-23,9,0,1,0.741408785078488,-0.01574894205337829
hist_gradient_boosting,2022-09-26,9,1,1,0.5792751781446915,0.002687101403917147
hist_gradient_boosting,2022-09-27,9,0,1,0.6957656468036568,-0.00438534556634651
hist_gradient_boosting,2022-09-28,9,1,1,0.5430640670573517,0.014070646736670245
hist_gradient_boosting,2022-09-29,9,0,1,0.7951098234864193,-0.015082046877969879
hist_gradient_boosting,2022-09-30,9,0,0,0.36619850699574685,-0.017518069981063533
hist_gradient_boosting,2022-10-03,9,1,0,0.498965367056998,0.036409053731012
hist_gradient_boosting,2022-10-04,9,1,0,0.44006022090521996,0.01816643341555224
hist_gradient_boosting,2022-10-05,9,1,0,0.4505723644094549,0.00035456695100677393
hist_gradient_boosting,2022-10-06,9,0,0,0.3584003351449399,-0.007559732692665522
hist_gradient_boosting,2022-10-07,9,0,1,0.6316744063550385,-0.014163235449770495
hist_gradient_boosting,2022-10-10,9,0,1,0.5037904298733153,-0.0036219122631433454
hist_gradient_boosting,2022-10-11,9,1,1,0.6751915821922577,0.00024238459035963444
hist_gradient_boosting,2022-10-12,9,0,1,0.5641707784406365,-0.0016959296779189836
hist_gradient_boosting,2022-10-13,9,1,1,0.5930054413034808,0.01820167367058989
hist_gradient_boosting,2022-10-14,9,0,1,0.5809889328527744,-0.014658609717144055
hist_gradient_boosting,2022-10-17,9,1,1,0.6732355019946201,0.01777941461054655
hist_gradient_boosting,2022-10-18,9,1,0,0.23698934375477096,0.002614390906372055
hist_gradient_boosting,2022-10-19,9,0,0,0.2795895512643296,-0.010193208123982167
hist_gradient_boosting,2022-10-20,9,0,1,0.7501965586717423,-0.007783510770362656
hist_gradient_boosting,2022-10-21,9,1,1,0.7004004074185831,0.014844255191355904
hist_gradient_boosting,2022-10-24,9,1,0,0.3276743613065051,0.0034486979878083357
hist_gradient_boosting,2022-10-25,9,1,1,0.6717203049623048,0.001303638349264169
hist_gradient_boosting,2022-10-26,9,1,0,0.31286704003234234,0.005681181339358021
hist_gradient_boosting,2022-10-27,9,0,1,0.6114250783989302,-0.008708932461940266
hist_gradient_boosting,2022-10-28,9,1,0,0.47886333729088615,0.01139735208130066
hist_gradient_boosting,2022-10-31,9,1,0,0.42701360754349404,0.016081652398599378
hist_gradient_boosting,2022-11-01,9,1,1,0.5732467316081418,0.002195032398221608
hist_gradient_boosting,2022-11-02,9,0,1,0.7341810618100025,-0.018674386167146895
hist_gradient_boosting,2022-11-03,9,1,1,0.5416141895696321,0.004581228870476739
hist_gradient_boosting,2022-11-04,9,1,0,0.22560452075288848,0.007717528334338031
hist_gradient_boosting,2022-11-07,9,1,1,0.5530422335245428,0.003481120909723634
hist_gradient_boosting,2022-11-08,9,1,1,0.5378510211415987,0.006244148719560139
hist_gradient_boosting,2022-11-09,9,0,0,0.37205053961113954,-0.005515927563178424
hist_gradient_boosting,2022-11-10,9,1,1,0.6156412189412797,0.02750169831867688
hist_gradient_boosting,2022-11-11,9,0,0,0.499644905318495,-0.0013494714653502493
hist_gradient_boosting,2022-11-14,9,1,1,0.8173974010347639,0.0010134684342295586
hist_gradient_boosting,2022-11-15,9,0,1,0.5897842206675881,-0.0029249859705814396
hist_gradient_boosting,2022-11-16,9,1,1,0.5846486386214842,0.0034977435461269746
hist_gradient_boosting,2022-11-17,9,1,1,0.7563540991106505,0.0016864627459756143
hist_gradient_boosting,2022-11-18,9,0,1,0.7076172221090081,-0.0019081603730232155
hist_gradient_boosting,2022-11-21,9,1,1,0.6766608928598182,0.006072885876583056
hist_gradient_boosting,2022-11-22,9,1,1,0.7696421940039536,0.006036228549477274
hist_gradient_boosting,2022-11-23,9,1,1,0.6802259362415758,0.0014444111111111546
hist_gradient_boosting,2022-11-24,9,1,1,0.5295860242529414,0.0023299568067221
hist_gradient_boosting,2022-11-25,9,0,0,0.45804753231059886,-0.004095583533123004
hist_gradient_boosting,2022-11-28,9,1,1,0.5743877442966013,0.0030009669556412266
hist_gradient_boosting,2022-11-29,9,1,1,0.594192420382993,0.004543484143251009
hist_gradient_boosting,2022-11-30,9,1,1,0.5130078284901215,0.009817969998500375
hist_gradient_boosting,2022-12-01,9,0,0,0.3540395791545944,-0.006773028110410362
hist_gradient_boosting,2022-12-02,9,1,1,0.5537072398954849,0.0034096459175019245
hist_gradient_boosting,2022-12-05,9,0,1,0.6800014334002326,-0.004713361677736616
hist_gradient_boosting,2022-12-06,10,0,1,0.5010315535228532,-0.00892075961715555
hist_gradient_boosting,2022-12-07,10,0,1,0.5083973524606379,-0.007556395322955822
hist_gradient_boosting,2022-12-08,10,1,1,0.6781610521288624,0.005598477339569641
hist_gradient_boosting,2022-12-09,10,0,1,0.7171073085953793,-0.004565148748806203
hist_gradient_boosting,2022-12-12,10,1,1,0.5357557436797126,0.0025726509491577065
hist_gradient_boosting,2022-12-13,10,1,1,0.5831740697997345,0.007028952594966498
hist_gradient_boosting,2022-12-14,10,0,0,0.3376844273965183,-0.006647440579493846
hist_gradient_boosting,2022-12-15,10,0,1,0.6779065129145825,-0.007584217819129324
hist_gradient_boosting,2022-12-16,10,0,1,0.7522495589623358,-0.0020229264321331986
hist_gradient_boosting,2022-12-19,10,0,1,0.8053999702627423,-0.015315326059166856
hist_gradient_boosting,2022-12-20,10,1,1,0.5370142081285738,0.012122575203051822
hist_gradient_boosting,2022-12-21,10,1,1,0.6925124901681328,0.005084711864406843
hist_gradient_boosting,2022-12-22,10,0,1,0.7353460005266481,-0.006632895108473091
hist_gradient_boosting,2022-12-23,10,0,1,0.7589152872041237,-0.0021503281784706063
hist_gradient_boosting,2022-12-28,10,0,1,0.8350373550400455,-0.008279414954733277
hist_gradient_boosting,2022-12-29,10,1,1,0.6435817283509374,0.0029734102705074594
hist_gradient_boosting,2022-12-30,10,0,1,0.6228675104261938,-0.021436682603307333
hist_gradient_boosting,2023-01-03,10,1,0,0.4239429498160644,0.015963668142624288
hist_gradient_boosting,2023-01-04,10,1,1,0.6437498772762165,0.0014909737013193425
hist_gradient_boosting,2023-01-05,10,1,1,0.557215564297454,0.0062987059092991515
hist_gradient_boosting,2023-01-06,10,1,1,0.5234355517144219,0.006031626060147177
hist_gradient_boosting,2023-01-09,10,0,0,0.421728410710116,-0.0029412103406966095
hist_gradient_boosting,2023-01-10,10,1,1,0.6553643210454316,0.009303381090349117
hist_gradient_boosting,2023-01-11,10,1,0,0.25698052489460665,0.01169065885443632
hist_gradient_boosting,2023-01-12,10,1,1,0.6048426436486379,0.0072222444444445255
hist_gradient_boosting,2023-01-13,10,1,1,0.625713194163718,0.008383915976085676
hist_gradient_boosting,2023-01-16,10,0,1,0.6697841413340849,-0.0010940378035647624
hist_gradient_boosting,2023-01-17,10,1,0,0.421117933912857,0.0009856970974855273
hist_gradient_boosting,2023-01-18,10,1,1,0.5245761321774238,0.006017450634191457
hist_gradient_boosting,2023-01-19,10,1,1,0.5254390633083731,0.0013050897652557847
hist_gradient_boosting,2023-01-20,10,1,1,0.577374368834246,0.00141193657000116
hist_gradient_boosting,2023-01-23,10,1,1,0.6854536433017818,0.004555379757767319
hist_gradient_boosting,2023-01-24,10,0,0,0.4130704716295205,-0.002915191009009166
hist_gradient_boosting,2023-01-25,10,1,0,0.46482324326900615,0.0025987872788042488
hist_gradient_boosting,2023-01-27,10,0,1,0.6277887087320548,-0.0011879577141358233
hist_gradient_boosting,2023-01-30,10,0,0,0.4888022906370198,-0.00043253675067456143
hist_gradient_boosting,2023-01-31,10,1,0,0.35370253267093776,0.002704456886532647
hist_gradient_boosting,2023-02-01,10,1,1,0.6245654025114183,0.0016182327841571809
hist_gradient_boosting,2023-02-02,10,1,0,0.2902029267438201,0.0063550627468791365
hist_gradient_boosting,2023-02-03,10,0,0,0.48424489192357095,-0.002782853473188518
hist_gradient_boosting,2023-02-06,10,0,0,0.3132844548188761,-0.00558115285137184
hist_gradient_boosting,2023-02-07,10,1,0,0.3318982103904891,0.004101424628139894
hist_gradient_boosting,2023-02-08,10,0,0,0.258657815914338,-0.005267096692111117
hist_gradient_boosting,2023-02-09,10,0,1,0.5501425880230726,-0.007996520337189117
hist_gradient_boosting,2023-02-10,10,0,1,0.6676493283475394,-0.0021787036325042752
hist_gradient_boosting,2023-02-13,10,1,1,0.7667198357014404,0.0016375764549689809
hist_gradient_boosting,2023-02-14,10,0,1,0.8088721357289229,-0.009700261580381508
hist_gradient_boosting,2023-02-15,10,1,1,0.7358870472267207,0.0077041271439122205
hist_gradient_boosting,2023-02-16,10,0,1,0.7413494076350295,-0.008191350113397777
hist_gradient_boosting,2023-02-17,10,1,1,0.7194678004817955,0.000660775259569979
hist_gradient_boosting,2023-02-20,10,0,1,0.603198227030805,-0.0018708704125386388
hist_gradient_boosting,2023-02-21,10,0,1,0.7461937401723334,-0.0019845645639877674
hist_gradient_boosting,2023-02-22,10,0,1,0.702535636648302,-0.0029827331965113224
hist_gradient_boosting,2023-02-23,10,1,1,0.7625601203809353,0.00265925761772845
hist_gradient_boosting,2023-02-24,10,0,1,0.7391761368334602,-0.010719427797976078
hist_gradient_boosting,2023-02-27,10,1,1,0.5345101060086198,0.004356646705428346
hist_gradient_boosting,2023-02-28,10,1,1,0.7135566226299176,0.0005560560313175866
hist_gradient_boosting,2023-03-01,10,1,1,0.5417633879248294,0.0015562361222347665
hist_gradient_boosting,2023-03-02,10,1,1,0.7853326839659799,0.003995571675817322
hist_gradient_boosting,2023-03-03,10,1,1,0.5032827668899487,0.00641169584801804
hist_gradient_boosting,2023-03-06,10,1,0,0.3255638371742664,0.005492091328074489
hist_gradient_boosting,2023-03-07,10,0,0,0.3208445855661017,-0.006008335088394934
hist_gradient_boosting,2023-03-08,10,1,1,0.6980190295917453,0.005055489725365181
hist_gradient_boosting,2023-03-09,11,0,1,0.6390926108185137,-0.023072729023708938
hist_gradient_boosting,2023-03-10,11,0,1,0.6960728235912145,-0.005260723315904325
hist_gradient_boosting,2023-03-13,11,0,1,0.7599636072816245,-0.014965702206626408
hist_gradient_boosting,2023-03-14,11,1,1,0.6837307413001903,0.009252878578331236
hist_gradient_boosting,2023-03-15,11,0,1,0.5847084788239333,-0.013355970873932477
hist_gradient_boosting,2023-03-16,11,1,1,0.6374912993215034,0.003670987809360593
hist_gradient_boosting,2023-03-17,11,0,1,0.5241827367053659,-0.013715819264277451
hist_gradient_boosting,2023-03-20,11,1,1,0.6113425462415365,0.00857570971635524
hist_gradient_boosting,2023-03-21,11,1,1,0.6798413306462798,0.008502792238340717
hist_gradient_boosting,2023-03-22,11,0,1,0.6446852983962956,-0.007063860330313143
hist_gradient_boosting,2023-03-23,11,0,1,0.6271381819023104,-0.0019506482627504873
hist_gradient_boosting,2023-03-24,11,1,0,0.43933534861453577,0.0013795699685132945
hist_gradient_boosting,2023-03-27,11,1,1,0.590948195438562,0.0097588865616276
hist_gradient_boosting,2023-03-28,11,1,1,0.5048566568587531,0.0026151564280327833
hist_gradient_boosting,2023-03-29,11,1,1,0.5004762605731442,0.00986621682921296
hist_gradient_boosting,2023-03-30,11,1,0,0.30612304023537296,0.008197596579530675
hist_gradient_boosting,2023-03-31,11,1,0,0.46999260720383623,0.00011140565951661685
hist_gradient_boosting,2023-04-03,11,1,0,0.27854806060333676,0.0015591825196661357
hist_gradient_boosting,2023-04-04,11,1,0,0.27297358645818465,0.00011121983765161048
hist_gradient_boosting,2023-04-05,11,0,0,0.40462322899880815,-0.002334878756173553
hist_gradient_boosting,2023-04-06,11,1,1,0.7035078849700451,0.012816159161390006
hist_gradient_boosting,2023-04-11,11,1,1,0.6310257865409652,0.004731525244218382
hist_gradient_boosting,2023-04-12,11,0,1,0.5907845030233823,-0.003614007307283007
hist_gradient_boosting,2023-04-13,11,1,1,0.6543216219504433,0.005825444960690929
hist_gradient_boosting,2023-04-14,11,1,1,0.533469885480753,0.002841164837915855
hist_gradient_boosting,2023-04-17,11,0,1,0.6077718453889382,-0.0032689986902800783
hist_gradient_boosting,2023-04-18,11,1,1,0.649591142966116,0.0009838963487056596
hist_gradient_boosting,2023-04-19,11,0,1,0.747327333389326,-0.00032764308273569576
hist_gradient_boosting,2023-04-20,11,0,1,0.7533638114634102,-0.0050256637717215336
hist_gradient_boosting,2023-04-21,11,0,0,0.42155278827546844,-0.0006588119029317108
hist_gradient_boosting,2023-04-24,11,0,1,0.5411017085608952,-0.0005494231282403561
hist_gradient_boosting,2023-04-26,11,0,0,0.36716137426432693,-0.003957794678515758
hist_gradient_boosting,2023-04-27,11,1,0,0.4508031002043122,0.0030904967569647113
hist_gradient_boosting,2023-04-28,11,1,1,0.5446147786747356,0.00352112687679762
hist_gradient_boosting,2023-05-01,11,0,0,0.26547557875453087,-0.010087697700253084
hist_gradient_boosting,2023-05-02,11,0,1,0.8249499664355912,-0.009636630589683559
hist_gradient_boosting,2023-05-03,11,1,1,0.5879436038772394,0.00044729893983674884
hist_gradient_boosting,2023-05-04,11,1,0,0.4762457497094724,0.0034656792665963554
hist_gradient_boosting,2023-05-05,11,1,1,0.5603866411662237,0.008244184308284552
hist_gradient_boosting,2023-05-08,11,0,1,0.53025110294123,-0.001878430939226572
hist_gradient_boosting,2023-05-09,11,0,1,0.5334830628109742,-0.0002214546613206192
hist_gradient_boosting,2023-05-10,11,1,0,0.4759147663716482,0.0009966116929822633
hist_gradient_boosting,2023-05-11,11,1,0,0.474355792976722,0.0005530420231627531
hist_gradient_boosting,2023-05-12,11,1,0,0.3336573956126712,0.002763958079512241
hist_gradient_boosting,2023-05-15,11,0,0,0.3087195595068618,-0.004189603225675964
hist_gradient_boosting,2023-05-16,11,0,1,0.6595791604984247,-0.005757274136403812
hist_gradient_boosting,2023-05-17,11,1,1,0.586152479592571,0.005679231436105825
hist_gradient_boosting,2023-05-18,11,1,1,0.6736445653715234,0.00697601609956866
random_forest,2020-06-15,0,1,1,0.5139677404740983,0.03972507216494847
random_forest,2020-06-16,0,1,1,0.5051148278807618,0.007139093166830923
random_forest,2020-06-17,0,0,1,0.5391696528169158,-0.008794933053294929
random_forest,2020-06-18,0,1,1,0.5507884236897012,0.0018540590159168424
random_forest,2020-06-19,0,0,1,0.5006521436561961,-0.00013222735935947139
random_forest,2020-06-22,0,1,0,0.4737230835149923,0.0010576679145646306
random_forest,2020-06-23,0,1,1,0.5278033438413597,0.0018489170384454745
random_forest,2020-06-24,0,0,1,0.5191775029436091,-0.023332520124802025
random_forest,2020-06-25,0,1,0,0.48033682252209586,0.013767108315136056
random_forest,2020-06-26,0,0,1,0.5674165616844314,-0.015177739113596878
random_forest,2020-06-29,0,1,1,0.5738561113087949,0.015411653164639105
random_forest,2020-06-30,0,1,1,0.5553739494626325,0.001730754869780915
random_forest,2020-07-01,0,1,1,0.5080760920082579,0.018208440143764992
random_forest,2020-07-02,0,1,0,0.4469380713119952,0.002610586051291053
random_forest,2020-07-03,0,0,1,0.5059663653486702,-0.006119021120141066
random_forest,2020-07-06,0,0,1,0.5007371358949653,-0.0003929526011503537
random_forest,2020-07-07,0,0,1,0.5100520729778156,-0.015725291985985823
random_forest,2020-07-08,0,1,0,0.48662976609568676,0.00732263337341732
random_forest,2020-07-09,0,0,1,0.5359149881009864,-0.007137205543896186
random_forest,2020-07-10,0,1,1,0.6393088823232086,0.010649560277573578
random_forest,2020-07-13,0,0,0,0.4838806070814804,-0.006981019678109046
random_forest,2020-07-14,0,1,1,0.5822386850439158,0.01870279902775973
random_forest,2020-07-15,0,0,0,0.4913882271540109,-0.007552109079995817
random_forest,2020-07-16,0,1,1,0.5349640885445297,0.004198373075329664
random_forest,2020-07-17,0,0,1,0.5207044549042398,-0.004964685067093244
random_forest,2020-07-20,0,1,1,0.5323107047897369,0.025735279635752173
random_forest,2020-07-21,0,0,0,0.45394173421805345,-0.013184932929406035
random_forest,2020-07-22,0,1,1,0.5275011905783181,0.0028538333300729413
random_forest,2020-07-23,0,0,1,0.5313790708223558,-0.010477273586270042
random_forest,2020-07-24,0,1,0,0.495544676182134,0.0036601176470589802
random_forest,2020-07-27,0,0,1,0.5420897181950582,-0.0037770383404147623
random_forest,2020-07-28,0,1,0,0.47251812525448694,0.006667564561839923
random_forest,2020-07-29,0,0,0,0.48943016382673704,-0.002857155844155801
random_forest,2020-07-30,0,0,0,0.4762641540998652,-0.01888508750827167
random_forest,2020-07-31,0,0,1,0.571976126490997,-0.000796561773620974
random_forest,2020-08-03,0,1,1,0.5545556960574864,0.01806828821847839
random_forest,2020-08-04,0,0,0,0.4805490735824606,-0.005741811525844076
random_forest,2020-08-05,0,1,1,0.6187985019372534,0.007743758820218938
random_forest,2020-08-06,0,0,1,0.5090570140740855,-0.005209716139746301
random_forest,2020-08-07,0,1,1,0.5638604297430955,0.016234695583975833
random_forest,2020-08-10,0,1,0,0.46698853831877385,0.003864918685973384
random_forest,2020-08-11,0,0,0,0.48705380298171586,-0.0011549794957644854
random_forest,2020-08-12,0,0,0,0.4927367821622783,-0.0021842219662282503
random_forest,2020-08-13,0,1,1,0.5576989013947417,0.0019314189064423282
random_forest,2020-08-14,0,0,1,0.5383033277232994,-0.007196992859452189
random_forest,2020-08-17,0,1,0,0.4196181546577175,0.007508116504854279
random_forest,2020-08-18,0,1,0,0.4960125690616251,0.008608479799345314
random_forest,2020-08-19,0,0,1,0.5068843574696132,-0.008025439490445874
random_forest,2020-08-20,0,0,0,0.46208393259067787,-0.0008989340863386763
random_forest,2020-08-21,0,1,0,0.4544486582532775,0.005141310855733439
random_forest,2020-08-24,0,1,0,0.44539186440502526,0.004347877404650147
random_forest,2020-08-25,0,0,0,0.49730441322994956,-0.006111573642582635
random_forest,2020-08-26,0,1,0,0.46723868928039225,0.001793479420791222
random_forest,2020-08-27,0,0,0,0.4866913260389625,-0.0076726217777219885
random_forest,2020-08-28,0,0,0,0.47705183636509363,-0.0002576804190124182
random_forest,2020-08-31,0,0,1,0.6020516084677545,-0.016885859322354646
random_forest,2020-09-01,0,1,1,0.5506382440278588,0.019273647014828033
random_forest,2020-09-02,0,1,0,0.4774073826547115,0.008875765600097063
random_forest,2020-09-03,0,0,1,0.5455573809039376,-0.030600548259594573
random_forest,2020-09-04,0,1,1,0.5398620428943762,0.0028936078244587993
random_forest,2020-09-07,0,1,0,0.49968560053805305,0.009836065573770592
random_forest,2020-09-08,0,0,1,0.6588586819091001,-0.019870116883116906
random_forest,2020-09-09,0,1,1,0.5868774557366118,0.006227653289682777
random_forest,2020-09-10,1,0,1,0.6176274027107574,-0.008427692693502964
random_forest,2020-09-11,1,1,1,0.672769341540824,0.005577662460385158
random_forest,2020-09-14,1,0,1,0.7017414694409463,-0.0001320919158466216
random_forest,2020-09-15,1,1,1,0.6520779682994144,0.010962911252977436
random_forest,2020-09-16,1,0,1,0.5559110736641772,-0.011627893759761032
random_forest,2020-09-17,1,0,1,0.6137395381049774,-0.002379391873644665
random_forest,2020-09-18,1,0,1,0.6043901547747441,-0.006625148978068762
random_forest,2020-09-21,1,0,1,0.609468315782307,-0.007202894395052617
random_forest,2020-09-22,1,1,1,0.6283674272460917,0.02297459357785825
random_forest,2020-09-23,1,0,1,0.5200550193732975,-0.007748831202375017
random_forest,2020-09-24,1,1,1,0.5448549887411118,0.013898014008020487
random_forest,2020-09-25,1,0,0,0.43431196273241035,-0.0009138250891337352
random_forest,2020-09-28,1,0,0,0.442288580256911,-0.0015679472307323916
random_forest,2020-09-29,1,0,1,0.5129232849555294,-0.0206779468301036
random_forest,2020-09-30,1,1,1,0.6132321993947465,0.003608124987087402
random_forest,2020-10-01,1,0,1,0.6136076630273937,-0.01478029333635933
random_forest,2020-10-02,1,1,1,0.6082055118139561,0.023922206350107
random_forest,2020-10-05,1,1,1,0.5191217893683393,0.002771898026084907
random_forest,2020-10-06,1,1,1,0.5378091735967112,0.013557970072950232
random_forest,2020-10-07,1,1,0,0.4016382399244906,0.011298740259740203
random_forest,2020-10-08,1,1,0,0.42466403316250123,0.001540965652717441
random_forest,2020-10-09,1,1,0,0.4292120255908921,0.003333786468362243
random_forest,2020-10-12,1,1,0,0.43235550289855895,0.010990428115015938
random_forest,2020-10-13,1,0,0,0.4235042571716679,-0.0029073947300291003
random_forest,2020-10-14,1,1,0,0.40590987801462913,0.005324619877964842
random_forest,2020-10-15,1,0,0,0.3968239191055203,-0.005422446200916364
random_forest,2020-10-16,1,1,1,0.54281531740065,0.008621782352411067
random_forest,2020-10-19,1,0,0,0.40516831461024205,-0.007919610009316957
random_forest,2020-10-20,1,1,0,0.46996897092341944,0.0016473011061151066
random_forest,2020-10-21,1,0,0,0.4729012305490665,-0.003289082734127202
random_forest,2020-10-22,1,1,0,0.4680283719500067,0.002030663764047924
random_forest,2020-10-23,1,0,0,0.48139251854664367,-0.004559860844579822
random_forest,2020-10-26,1,0,0,0.4706608003277901,-0.01641421383963415
random_forest,2020-10-27,1,0,1,0.5878037387535798,-0.0001293919742797467
random_forest,2020-10-28,1,0,1,0.6159169784470089,-0.01565531096318673
random_forest,2020-10-29,1,0,1,0.5965409015916655,-0.006046253784273037
random_forest,2020-10-30,1,1,1,0.5380179940385893,0.004363845370384256
random_forest,2020-11-02,1,1,1,0.7060031237901122,0.01935485264074477
random_forest,2020-11-03,1,0,1,0.5130801399081635,-0.0021957892584808514
random_forest,2020-11-04,1,1,1,0.5627603284800131,0.013333320388349668
random_forest,2020-11-05,1,1,0,0.38011897052411975,0.00855899346651734
random_forest,2020-11-06,1,1,0,0.40428379250463753,0.018999367409729073
random_forest,2020-11-09,1,1,0,0.46146344370053927,0.0063393663022759394
random_forest,2020-11-10,1,1,0,0.4664209612776538,0.017292515035727707
random_forest,2020-11-11,1,0,0,0.47834399812311734,-0.00437106599840853
random_forest,2020-11-12,1,0,0,0.449563852544215,-0.001829292682926864
random_forest,2020-11-13,1,1,0,0.4053649737915966,0.013683604488298196
random_forest,2020-11-16,1,1,0,0.4510615002185627,0.0014462456135200252
random_forest,2020-11-17,1,1,0,0.4984640233785603,0.004814081348613941
random_forest,2020-11-18,1,1,0,0.47386269423304345,0.001437333846863842
random_forest,2020-11-19,1,0,0,0.428319426725029,-0.0004784236278145837
random_forest,2020-11-20,1,1,0,0.42547663553846277,0.004188081847553038
random_forest,2020-11-23,1,1,0,0.45207058527838473,0.013465264858562032
random_forest,2020-11-24,1,1,0,0.44574226306104303,0.0044679245925483
random_forest,2020-11-25,1,0,0,0.45523955403787825,-0.00772565843380546
random_forest,2020-11-26,1,0,0,0.4476210229036988,-0.004600684367135233
random_forest,2020-11-27,1,0,0,0.46448118188860027,-0.011495532525321206
random_forest,2020-11-30,1,1,0,0.49571610924688636,0.010670170930575651
random_forest,2020-12-01,1,1,1,0.5291507205821708,0.00035586001106069354
random_forest,2020-12-02,1,1,1,0.5174371810864274,0.00355739348850026
random_forest,2020-12-03,1,1,0,0.44351736509240963,0.0030722203617707944
random_forest,2020-12-04,1,1,0,0.4519402878371838,0.005300942458486668
random_forest,2020-12-07,1,1,0,0.4282574337831632,0.0024608273944610737
random_forest,2020-12-08,2,1,1,0.5062555960992886,0.0064289302245845725
random_forest,2020-12-09,2,0,0,0.4186319208140134,-0.00708478529813672
random_forest,2020-12-10,2,0,0,0.49548344651831133,-0.006433454355677881
random_forest,2020-12-11,2,1,0,0.44665045886586285,0.0030609252870041903
random_forest,2020-12-14,2,0,0,0.472962637398032,-0.004225363998545673
random_forest,2020-12-15,2,1,1,0.5299820385209133,0.0075436943679252355
random_forest,2020-12-16,2,1,0,0.44435236276968043,0.010762739444452274
random_forest,2020-12-17,2,0,0,0.4894353746573472,-0.012037048332475764
random_forest,2020-12-18,2,0,0,0.46443151508400415,-0.0008200562228202202
random_forest,2020-12-21,2,0,0,0.47696249071080415,-0.009965986516989211
random_forest,2020-12-22,2,1,1,0.5214407322133607,0.007342444165266526
random_forest,2020-12-23,2,1,1,0.5713866223221206,0.003174277055590702
random_forest,2020-12-24,2,1,0,0.46502148620881,0.0058596037534370815
random_forest,2020-12-29,2,0,0,0.4423540993614302,-0.002213713102325099
random_forest,2020-12-30,2,0,0,0.44137586460043327,-0.012610941296251177
random_forest,2020-12-31,2,1,1,0.5024736195837686,0.008514676171113456
random_forest,2021-01-04,2,0,1,0.5107238790778579,-0.00035177064202362995
random_forest,2021-01-05,2,0,1,0.5192087463812581,-0.010439870967742015
random_forest,2021-01-06,2,1,1,0.5270214734035411,0.015410182368300385
random_forest,2021-01-07,2,1,0,0.4058961871297075,0.005253291839678154
random_forest,2021-01-08,2,0,0,0.40380287360994366,-0.007664661390492822
random_forest,2021-01-11,2,0,1,0.5443537392595047,-0.003042656631105478
random_forest,2021-01-12,2,1,1,0.5496178213737591,0.0007042845239044748
random_forest,2021-01-13,2,1,1,0.5474259408006186,0.005278557184750676
random_forest,2021-01-14,2,0,0,0.4991480163903589,-0.00035004668669924577
random_forest,2021-01-15,2,0,0,0.42676084638567163,-0.00828760378866833
random_forest,2021-01-18,2,1,1,0.6344282571781195,0.013418067483734308
random_forest,2021-01-19,2,1,0,0.4673821089162961,0.0034843670960365003
random_forest,2021-01-20,2,1,0,0.48456660623166536,0.007754606301976663
random_forest,2021-01-21,2,0,0,0.45428364936552074,-0.004019742735729803
random_forest,2021-01-22,2,1,0,0.43984467310718933,0.004381884174563089
random_forest,2021-01-25,2,0,0,0.4128295019746243,-0.007003444477691079
random_forest,2021-01-27,2,0,1,0.5050755179044432,-0.019308567910939378
random_forest,2021-01-28,2,0,1,0.5742405521675542,-0.005423237443998974
random_forest,2021-01-29,2,1,1,0.5890818588909229,0.008060692175667628
random_forest,2021-02-01,2,1,1,0.6628288228457843,0.01481658025850674
random_forest,2021-02-02,2,1,1,0.5026609159209522,0.008806430748327987
random_forest,2021-02-03,2,0,0,0.461787171852975,-0.0081552953860623
random_forest,2021-02-04,2,1,0,0.40940862832489766,0.011349206979715198
random_forest,2021-02-05,2,1,0,0.4259840632979922,0.005152833959628289
random_forest,2021-02-08,2,0,0,0.44544322546961457,-0.008430143636707021
random_forest,2021-02-09,2,1,0,0.4687058743832702,0.00631887630607908
random_forest,2021-02-10,2,0,0,0.4871739424323046,-0.0018266469609153901
random_forest,2021-02-11,2,0,0,0.4905337014630464,-0.006061969575660631
random_forest,2021-02-12,2,1,0,0.4417251447079796,0.009551219573044278
random_forest,2021-02-15,2,1,0,0.44196769948568637,0.00797899209008368
random_forest,2021-02-16,2,0,0,0.48305659440772675,-0.003957910211466853
random_forest,2021-02-17,2,0,0,0.49054112952021606,-0.0003405880939919559
random_forest,2021-02-18,2,0,0,0.4367977303929941,-0.012038670799363937
random_forest,2021-02-19,2,0,0,0.48330834672454565,-0.0029887918838669147
random_forest,2021-02-22,2,1,1,0.6250250970277716,0.009800518512607326
random_forest,2021-02-23,2,0,1,0.523984547198477,-0.007878545150067362
random_forest,2021-02-24,2,1,1,0.6447889888850858,0.008861836907145149
random_forest,2021-02-25,2,0,0,0.4524083555174053,-0.024526601664312087
random_forest,2021-02-26,2,1,1,0.5886611199133752,0.020348473386774035
random_forest,2021-03-01,2,0,0,0.4950481138661385,-0.0038968022922636347
random_forest,2021-03-02,2,1,1,0.6333623264704568,0.007018674167820871
random_forest,2021-03-03,2,0,0,0.4754779935114369,-0.005598697632496541
random_forest,2021-03-04,2,0,1,0.5995608304441117,-0.007583545990848539
random_forest,2021-03-05,2,1,1,0.5565760039039951,0.006020562486260594
random_forest,2021-03-08,2,1,1,0.5594037996010923,0.0036828173976615197
random_forest,2021-03-09,2,0,1,0.5029674895637363,-0.008599931299162145
random_forest,2021-03-10,2,1,1,0.5697988588089291,0.0008096229563916424
random_forest,2021-03-11,3,1,1,0.6469958635878887,0.007974136229910167
random_forest,2021-03-12,3,1,0,0.46323968603789817,0.0017198119500136944
random_forest,2021-03-15,3,1,0,0.41466723848773185,0.008698569004284007
random_forest,2021-03-16,3,0,0,0.40567822066705694,-0.006240724142995369
random_forest,2021-03-17,3,0,0,0.4374504071060145,-0.005709065866429164
random_forest,2021-03-18,3,0,1,0.5241770488542709,-0.003330282422363662
random_forest,2021-03-19,3,1,1,0.6645611204425952,0.004147954785713059
random_forest,2021-03-22,3,0,1,0.5432737776743723,-0.002294951180838778
random_forest,2021-03-23,3,1,1,0.7387488175149151,0.005405417092768872
random_forest,2021-03-24,3,0,0,0.4227712602685784,-0.0008007321162373238
random_forest,2021-03-25,3,1,0,0.40337736395421997,0.00789929039265691
random_forest,2021-03-26,3,0,0,0.4222821173377374,-0.003066833222775678
random_forest,2021-03-29,3,0,0,0.40428580583273527,-0.007975356316806237
random_forest,2021-03-30,3,1,1,0.6537741808056542,0.009762237280349195
random_forest,2021-03-31,3,1,0,0.4357402877530098,0.0009099408760222527
random_forest,2021-04-01,3,1,0,0.4304634588933224,0.0005682159090909522
random_forest,2021-04-06,3,1,0,0.46220516534020883,0.006473594327986554
random_forest,2021-04-07,3,1,0,0.4386508497557219,0.009817140267982305
random_forest,2021-04-08,3,1,0,0.439185974098082,0.00011176668033896497
random_forest,2021-04-09,3,0,0,0.4208375471400121,-0.0026815418994413642
random_forest,2021-04-12,3,0,0,0.37919345907828583,-0.00156844047572402
random_forest,2021-04-13,3,1,0,0.3751663338846705,0.008639990732495884
random_forest,2021-04-14,3,1,0,0.44423873866620095,0.004783635607783054
random_forest,2021-04-15,3,1,0,0.4293940146282659,0.0005536204605847139
random_forest,2021-04-16,3,1,0,0.40842069682502913,0.0005532256096085764
random_forest,2021-04-19,3,0,0,0.3743595714708712,-0.006635678094131459
random_forest,2021-04-20,3,0,0,0.4119722264922851,-0.003562680917390315
random_forest,2021-04-21,3,1,0,0.4531989073797707,0.008379888268156499
random_forest,2021-04-22,3,1,0,0.4362039269590677,0.0005540498614959866
random_forest,2021-04-23,3,0,0,0.4351384120830244,-0.0016611405871160834
random_forest,2021-04-26,3,0,0,0.421977484672261,-0.0015529672423080232
random_forest,2021-04-27,3,1,0,0.3738046486958376,0.006332629567100678
random_forest,2021-04-28,3,1,0,0.434104983252334,0.0005519430215954468
random_forest,2021-04-29,3,0,0,0.36619137860422235,-0.00750303456371082
random_forest,2021-04-30,3,1,0,0.47219327242028736,0.00044470262739415567
random_forest,2021-05-03,3,1,0,0.4417319558552136,0.005667318716908953
random_forest,2021-05-04,3,1,0,0.377871689922248,0.003425392265193228
random_forest,2021-05-05,3,0,0,0.4045395190887431,-0.004955368460640153
random_forest,2021-05-06,3,1,0,0.40794894314446134,0.0026560092667551327
random_forest,2021-05-07,3,1,0,0.37710507613234845,0.013796909796841339
random_forest,2021-05-10,3,0,0,0.3947793864555901,-0.010669515746750458
random_forest,2021-05-11,3,0,0,0.44167369307061144,-0.007153097595913982
random_forest,2021-05-12,3,0,1,0.5640626082499846,-0.007980503125908811
random_forest,2021-05-13,3,1,1,0.5626592607375857,0.00536316201117315
random_forest,2021-05-14,3,1,1,0.6802413488371777,0.0023338407757111934
random_forest,2021-05-17,3,1,1,0.635514951095044,0.006209091779374676
random_forest,2021-05-18,3,0,0,0.45751770177892337,-0.02016531129476573
random_forest,2021-05-19,3,1,1,0.6341992290492543,0.01394518699831715
random_forest,2021-05-20,3,1,0,0.4977667554564851,0.001996361934500257
random_forest,2021-05-21,3,1,0,0.4579663325101082,0.0013283485201835976
random_forest,2021-05-24,3,1,0,0.4403810903890446,0.009838591751476944
random_forest,2021-05-25,3,0,0,0.46395070972260083,-0.0028462179057737735
random_forest,2021-05-26,3,1,0,0.43914693950144384,0.0008782742728412618
random_forest,2021-05-27,3,1,0,0.46539194401858214,0.01107822773013556
random_forest,2021-05-28,3,0,0,0.4329672432368682,-0.0015187567802126267
random_forest,2021-05-31,3,0,0,0.41909939259352474,-0.0027162103138177462
random_forest,2021-06-01,3,1,0,0.4223898393654196,0.010022856411124659
random_forest,2021-06-02,3,1,0,0.41638092543733324,0.006148204143546776
random_forest,2021-06-03,3,1,0,0.41287056343770984,0.004073810077978246
random_forest,2021-06-04,3,0,0,0.40419786741165065,-0.0011744714424739566
random_forest,2021-06-07,3,1,0,0.4145748454099476,0.0016033564424364766
random_forest,2021-06-08,3,0,0,0.40821541243408804,-0.0032016543180891643
random_forest,2021-06-09,3,1,0,0.4374503542635844,0.004068490276905923
random_forest,2021-06-10,4,1,0,0.49174089494706424,0.0020260396889104637
random_forest,2021-06-11,4,1,0,0.489112504670039,0.010109577417159121
random_forest,2021-06-15,4,0,0,0.44577449627981747,-0.0009481247565977791
random_forest,2021-06-16,4,0,0,0.4717855514648532,-0.002741769424406404
random_forest,2021-06-17,4,0,0,0.4682617770426532,-0.00021145183461979133
random_forest,2021-06-18,4,0,0,0.4289154881872034,-0.016922326274278476
random_forest,2021-06-21,4,1,1,0.5397927868083567,0.014093652956223446
random_forest,2021-06-22,4,0,1,0.5020202028837286,-0.00583495637948328
random_forest,2021-06-23,4,0,1,0.6036876178205542,-0.003308046134970044
random_forest,2021-06-24,4,1,1,0.5923478634365927,0.005139132652266953
random_forest,2021-06-25,4,1,1,0.5351395712930624,0.0002130911870394936
random_forest,2021-06-28,4,1,1,0.5204473322160089,0.00042598508144875424
random_forest,2021-06-29,4,1,0,0.416518970581416,0.001064498593474461
random_forest,2021-06-30,4,0,0,0.4319533611413512,-0.010952775298247897
random_forest,2021-07-01,4,1,1,0.6288801189799752,0.005268229109381073
random_forest,2021-07-02,4,1,1,0.6058248766544461,0.0009625240641710775
random_forest,2021-07-05,4,0,1,0.6307133122352458,-0.008013677017359888
random_forest,2021-07-06,4,1,1,0.7313905540591201,0.00980185307203163
random_forest,2021-07-07,4,1,0,0.48324610567664944,0.001600021333333368
random_forest,2021-07-08,4,0,0,0.49131765127967575,-0.010010681362924823
random_forest,2021-07-09,4,1,1,0.7070557029177313,0.009036187704778431
random_forest,2021-07-12,4,0,1,0.5406846938970515,-0.0007462686328486567
random_forest,2021-07-13,4,1,1,0.5137780867296126,0.003520697636166581
random_forest,2021-07-14,4,0,0,0.46665081590523544,-0.004465224419843095
random_forest,2021-07-15,4,1,1,0.5163018781081582,0.003737708284255792
random_forest,2021-07-16,4,0,0,0.4534206622532842,-0.00872433256142846
random_forest,2021-07-19,4,0,1,0.7320070567361098,-0.004400515281754225
random_forest,2021-07-20,4,1,1,0.6326977601838076,0.00797755480859097
random_forest,2021-07-21,4,1,1,0.590152082447924,0.009732663101604366
random_forest,2021-07-22,4,1,0,0.46679279718473554,0.001482883106328492
random_forest,2021-07-23,4,0,0,0.47775866785375665,-0.00010578529542726312
random_forest,2021-07-26,4,1,0,0.41229057364538696,0.004759858210706014
random_forest,2021-07-27,4,0,0,0.40115068777492185,-0.007369165330438188
random_forest,2021-07-28,4,1,0,0.4351610166638763,0.0057270229533670225
random_forest,2021-07-29,4,0,0,0.4498080921912955,-0.002847242373779535
random_forest,2021-07-30,4,1,0,0.4506534442112733,0.013219120414956098
random_forest,2021-08-02,4,0,0,0.4560521552375272,-0.002609331022008776
random_forest,2021-08-03,4,1,0,0.4415053040256411,0.004499790801586245
random_forest,2021-08-04,4,1,0,0.383125245913402,0.0010417543711169763
random_forest,2021-08-05,4,1,0,0.4234973658970687,0.0029140078224167976
random_forest,2021-08-06,4,1,0,0.3901315040306707,0.0003112898107930917
random_forest,2021-08-09,4,1,0,0.4019794391915778,0.0030082986927739697
random_forest,2021-08-10,4,1,0,0.4514802572282768,0.0031026579149309175
random_forest,2021-08-11,4,1,0,0.4285217925744728,0.0014434374975449416
random_forest,2021-08-12,4,1,0,0.4255487704668271,0.006383228859772272
random_forest,2021-08-13,4,0,0,0.42924240569910266,-0.006342741687979547
random_forest,2021-08-16,4,0,0,0.4388889953929602,-0.008442283798279271
random_forest,2021-08-17,4,0,1,0.5667067340950036,-0.0002076316105830145
random_forest,2021-08-18,4,0,1,0.5071872806054443,-0.004881098713458432
random_forest,2021-08-19,4,0,1,0.597856396811971,-0.00010438321853478705
random_forest,2021-08-20,4,1,1,0.6352486964064001,0.0036531260547569833
random_forest,2021-08-23,4,1,1,0.6348204452704089,0.002807778585367071
random_forest,2021-08-24,4,1,0,0.4768695558295665,0.004666566421238194
random_forest,2021-08-25,4,0,0,0.3997758853758082,-0.005161024106968171
random_forest,2021-08-26,4,1,1,0.5123425001188302,0.00010377672039152408
random_forest,2021-08-27,4,1,1,0.5000945965960161,0.002282415211976474
random_forest,2021-08-30,4,1,0,0.4788780836823011,0.004657871807702385
random_forest,2021-08-31,4,0,0,0.4380462604982253,-0.0007212033942138873
random_forest,2021-09-01,4,0,0,0.42224697899130936,-0.0010310238381486814
random_forest,2021-09-02,4,1,0,0.44061172079446853,0.005882960118515301
random_forest,2021-09-03,4,1,0,0.4202936242483142,0.0017442848527016164
random_forest,2021-09-06,4,1,0,0.4702418076043309,0.0008194407708523865
random_forest,2021-09-07,4,0,0,0.44151123391930686,-0.0023538634976344452
random_forest,2021-09-08,5,0,0,0.43077129396534325,-0.017644654770886614
random_forest,2021-09-09,5,1,1,0.6159554053967969,0.0041771302385729125
random_forest,2021-09-10,5,1,1,0.6690865503427283,0.003015734067565168
random_forest,2021-09-13,5,1,1,0.7303862819673272,0.0015552203697839495
random_forest,2021-09-14,5,0,1,0.6488243157497178,-0.002898530080714945
random_forest,2021-09-15,5,1,1,0.738537504585643,0.006852190614617948
random_forest,2021-09-16,5,0,0,0.4123064782987217,-0.009795875135206966
random_forest,2021-09-17,5,0,1,0.6920874986627681,-0.019993731333892928
random_forest,2021-09-20,5,1,1,0.5998401224918762,0.0036127509976331407
random_forest,2021-09-21,5,1,1,0.5761534071028048,0.0035998307125411078
random_forest,2021-09-22,5,1,1,0.626272672719015,0.010866114454413767
random_forest,2021-09-23,5,0,1,0.5743642673829537,-0.003965748278021097
random_forest,2021-09-24,5,1,1,0.6577669272702913,0.005867539692633317
random_forest,2021-09-27,5,0,0,0.46400341008415436,-0.015000020833333405
random_forest,2021-09-28,5,0,1,0.5579826597456827,-0.010575296331964856
random_forest,2021-09-29,5,1,1,0.5600331835652722,0.017956392004198296
random_forest,2021-09-30,5,0,1,0.5122022213653014,-0.03380933502329553
random_forest,2021-10-01,5,1,1,0.5704061938086241,0.012388687645795038
random_forest,2021-10-04,5,0,1,0.569514731739761,-0.004186421031068144
random_forest,2021-10-05,5,0,1,0.6418931238761159,-0.006036412828600235
random_forest,2021-10-06,5,1,1,0.5963034242809242,0.006940668115613002
random_forest,2021-10-07,5,1,1,0.6181831386906667,0.007646742221792957
random_forest,2021-10-08,5,0,0,0.4828131054377924,-0.0011757268314606106
random_forest,2021-10-11,5,0,1,0.5165579425391601,-0.00428029976287736
random_forest,2021-10-12,5,1,1,0.5810935981164342,0.0010746802447711978
random_forest,2021-10-13,5,1,1,0.596443996337896,0.006441202223484543
random_forest,2021-10-14,5,1,1,0.5409240092405173,0.006613365333333343
random_forest,2021-10-15,5,1,0,0.4799345223028963,0.002861036255344951
random_forest,2021-10-18,5,0,0,0.37783915889316233,-0.0011622992515035735
random_forest,2021-10-19,5,1,0,0.4139373939912674,0.007087675945072203
random_forest,2021-10-20,5,0,0,0.4236015095822457,-0.0011554727254875496
random_forest,2021-10-21,5,0,0,0.44840349602687285,-0.0008412451715741343
random_forest,2021-10-22,5,1,0,0.47531785827640893,0.0036838121527458245
random_forest,2021-10-25,5,1,0,0.44431054996540165,0.0012584102217028104
random_forest,2021-10-26,5,1,0,0.4438072034675402,0.00041887304926047086
random_forest,2021-10-27,5,0,0,0.43600379375555653,-0.0031406617401800174
random_forest,2021-10-28,5,0,0,0.47280959214740714,-0.015752992903245167
random_forest,2021-10-29,5,1,1,0.6396433698726801,0.00928291710112128
random_forest,2021-11-01,5,0,1,0.6015088039368383,-0.006554551498236694
random_forest,2021-11-02,5,1,1,0.7250385201280636,0.009151867519933354
random_forest,2021-11-03,5,1,0,0.4776197129763373,0.0048507749688755375
random_forest,2021-11-04,5,1,0,0.42730557708475714,0.0051421764598365005
random_forest,2021-11-05,5,1,0,0.40266984291884234,0.0006264042663020053
random_forest,2021-11-08,5,0,0,0.4739039418659088,-0.002295419544883992
random_forest,2021-11-09,5,0,0,0.4346824306061246,-0.0017779334309370176
random_forest,2021-11-10,5,0,0,0.46954820095405003,-0.005657339098711467
random_forest,2021-11-11,5,1,1,0.6424763141523497,0.008428984999305111
random_forest,2021-11-12,5,1,0,0.4043655012461111,0.005119611379371225
random_forest,2021-11-15,5,0,0,0.4873689463347397,-0.006860665494615281
random_forest,2021-11-16,5,0,0,0.4788125142842309,-0.006594065243939018
random_forest,2021-11-17,5,1,1,0.6750242386351137,0.0018964491878010747
random_forest,2021-11-18,5,1,1,0.7047729077222122,0.0019981386895842057
random_forest,2021-11-19,5,0,1,0.7047638727555026,-0.004513024816467537
random_forest,2021-11-22,5,1,1,0.762809062384903,0.008961507832609517
random_forest,2021-11-23,5,0,0,0.4132779891330264,-0.005015632341137888
random_forest,2021-11-24,5,1,1,0.6076257862215777,0.0018903696503846934
random_forest,2021-11-25,5,0,0,0.4828645291863893,-0.01719077532094815
random_forest,2021-11-26,5,0,1,0.6562681913126814,-0.005759396208204093
random_forest,2021-11-29,5,1,1,0.6248872554862931,0.00461275472417122
random_forest,2021-11-30,5,0,1,0.6855313770483764,-0.004484772995520081
random_forest,2021-12-01,5,0,1,0.6565679106708646,-0.002252558116940029
random_forest,2021-12-02,5,1,1,0.6200789669907449,0.0019350677897784774
random_forest,2021-12-03,5,1,1,0.6690390275597543,0.0016094528415060427
random_forest,2021-12-06,6,1,1,0.601458650722494,0.006855918732853183
random_forest,2021-12-07,6,1,0,0.48674927740148094,0.013192946338822065
random_forest,2021-12-08,6,0,0,0.3771790454772765,-0.0030452692519603586
random_forest,2021-12-09,6,0,0,0.41275258291566347,-0.004002569959920765
random_forest,2021-12-10,6,1,1,0.5521092739564648,0.0054991963938071375
random_forest,2021-12-13,6,0,0,0.41371197557503675,-0.0006311001129342131
random_forest,2021-12-14,6,0,0,0.4490205399912759,-0.00884021286592962
random_forest,2021-12-15,6,0,1,0.6643375982740906,-0.0030792206413251533
random_forest,2021-12-16,6,1,1,0.7021124318661998,0.0023431888629585895
random_forest,2021-12-17,6,0,1,0.7379110347113947,-0.0022314206542192183
random_forest,2021-12-20,6,1,1,0.6960393764882463,0.007774174488303087
random_forest,2021-12-21,6,1,0,0.4263190964709795,0.0008454190271187656
random_forest,2021-12-22,6,1,0,0.4165718116587509,0.0034843417113752384
random_forest,2021-12-23,6,1,0,0.44675579776462665,0.004945296665137766
random_forest,2021-12-24,6,1,0,0.43042875255672364,0.011831190203513975
random_forest,2021-12-29,6,1,0,0.40450868725236705,0.0012417529102002334
random_forest,2021-12-30,6,0,0,0.44097958486748257,-0.0091980051840016
random_forest,2021-12-31,6,1,0,0.4527329768140308,0.013142734542315626
random_forest,2022-01-04,6,0,0,0.46274352469320074,-0.004221105864957497
random_forest,2022-01-05,6,0,0,0.46589987329435795,-0.02615797119356922
random_forest,2022-01-06,6,1,1,0.6266717734756946,0.011784700885769217
random_forest,2022-01-07,6,0,1,0.5842992376700992,-0.001049380869379446
random_forest,2022-01-10,6,0,1,0.6930324428529966,-0.007247846867053931
random_forest,2022-01-11,6,1,1,0.7047049610917284,0.005502031414622133
random_forest,2022-01-12,6,1,1,0.7368650850812075,0.005682426661921758
random_forest,2022-01-13,6,0,0,0.4408197716999927,-0.010672773883017572
random_forest,2022-01-14,6,1,1,0.6858999346624545,0.0030670861004626904
random_forest,2022-01-17,6,0,1,0.7092481412821227,-0.0014761599104242684
random_forest,2022-01-18,6,0,1,0.6981755684064802,-0.009292471255305301
random_forest,2022-01-19,6,1,1,0.6240285382008409,0.0012790662971648992
random_forest,2022-01-20,6,0,1,0.5966307870875779,-0.02203533059324403
random_forest,2022-01-21,6,0,1,0.6006921153134462,-0.005986752825076103
random_forest,2022-01-24,6,0,1,0.5750465976722672,-0.02496713753832669
random_forest,2022-01-25,6,0,1,0.6077145779735844,-0.01841867679224307
random_forest,2022-01-27,6,1,1,0.5977963086862774,0.022425617335798176
random_forest,2022-01-28,6,0,1,0.5560457359889007,-0.00279767230530803
random_forest,2022-01-31,6,1,1,0.6345624259034701,0.005049904555606499
random_forest,2022-02-01,6,1,1,0.5859741423244355,0.012505605460152225
random_forest,2022-02-02,6,0,0,0.4264254256819446,-0.0016541795324217512
random_forest,2022-02-03,6,1,0,0.47136139554978485,0.0061857616943086224
random_forest,2022-02-04,6,0,0,0.42236779981523526,-0.0016466572245759092
random_forest,2022-02-07,6,1,0,0.45308757000851896,0.010336430386267192
random_forest,2022-02-08,6,1,0,0.4242995720635122,0.010992621168675054
random_forest,2022-02-09,6,1,0,0.4085955217162041,0.003121983024243491
random_forest,2022-02-10,6,0,0,0.4269166204952207,-0.009980682549903475
random_forest,2022-02-11,6,1,0,0.4972611021448268,0.002493257452574449
random_forest,2022-02-14,6,0,0,0.4300984619921649,-0.004000886548414129
random_forest,2022-02-15,6,1,1,0.507952987613404,0.012376495360151063
random_forest,2022-02-16,6,1,0,0.46785594668304015,0.00160860053619305
random_forest,2022-02-17,6,0,0,0.448178227997698,-0.009743083303145994
random_forest,2022-02-18,6,1,1,0.5037816222915813,0.0012974700248127302
random_forest,2022-02-21,6,0,0,0.475506001333309,-0.00982619576907251
random_forest,2022-02-22,6,1,1,0.542349498462002,0.005888778818607943
random_forest,2022-02-23,6,0,1,0.5677493784881175,-0.023633998777840448
random_forest,2022-02-24,6,1,1,0.566933859944733,0.002998045813858541
random_forest,2022-02-25,6,1,1,0.6203691531230743,0.007417225563661534
random_forest,2022-02-28,6,1,1,0.5942052619745418,0.0061538241758241075
random_forest,2022-03-01,6,1,1,0.5790885419912578,0.004587210672503561
random_forest,2022-03-02,6,1,0,0.46913882949794766,0.009567275182628565
random_forest,2022-03-03,6,0,0,0.4267735898235976,-0.010122797651057391
random_forest,2022-03-04,6,0,1,0.5444812336804329,-0.010552665590789156
random_forest,2022-03-07,6,0,1,0.554034316048052,-0.00758653131126541
random_forest,2022-03-08,6,1,1,0.5647187740864772,0.010857478155163358
random_forest,2022-03-09,7,1,1,0.547645785906355,0.012494509261168574
random_forest,2022-03-10,7,0,0,0.47616765397447175,-0.00974230384527952
random_forest,2022-03-11,7,1,1,0.5915603273341914,0.01224305819054261
random_forest,2022-03-14,7,0,0,0.3857125066105093,-0.007019449395668453
random_forest,2022-03-15,7,1,0,0.49666173712478023,0.010766775772706128
random_forest,2022-03-16,7,1,0,0.3693896125629009,0.011082407766679347
random_forest,2022-03-17,7,1,0,0.45185759985678486,0.0025539852872833446
random_forest,2022-03-18,7,1,0,0.4379666887828456,0.0008491879933043567
random_forest,2022-03-21,7,1,0,0.43022635833928985,0.009014720447399371
random_forest,2022-03-22,7,1,0,0.4173220610896745,0.005255413130706543
random_forest,2022-03-23,7,1,0,0.4569914575131146,0.0011501568501688375
random_forest,2022-03-24,7,1,0,0.416567330484314,0.003028731070496171
random_forest,2022-03-25,7,1,0,0.41355788089201134,0.0005205643427679263
random_forest,2022-03-28,7,1,0,0.37673612254373723,0.006868602637885468
random_forest,2022-03-29,7,1,0,0.41511723001514395,0.0069250439276487
random_forest,2022-03-30,7,0,0,0.41029629923170824,-0.0021556046428989895
random_forest,2022-03-31,7,0,0,0.45598013797531023,-0.021602695418194595
random_forest,2022-04-01,7,1,0,0.47857290477246506,0.003364514736994062
random_forest,2022-04-04,7,1,0,0.463576925573592,0.0023053756680289084
random_forest,2022-04-05,7,0,1,0.515824112919447,-0.005331970615118253
random_forest,2022-04-06,7,0,0,0.47951768509988824,-0.006621789012211443
random_forest,2022-04-07,7,1,1,0.6665831027604253,0.004549782995454832
random_forest,2022-04-08,7,1,1,0.5909012314012051,0.001263914024353996
random_forest,2022-04-11,7,0,1,0.5966634334440298,-0.004839049123480876
random_forest,2022-04-12,7,1,1,0.6947892812891593,0.0033826639192953145
random_forest,2022-04-13,7,1,1,0.6104601155748492,0.006742520158923515
random_forest,2022-04-14,7,1,0,0.4820972526446114,0.005755577768011388
random_forest,2022-04-19,7,1,0,0.4383799123515978,0.0011445218900787424
random_forest,2022-04-20,7,1,0,0.45218403953423303,0.0031178133120162155
random_forest,2022-04-21,7,0,0,0.39935623051368213,-0.016576865413702735
random_forest,2022-04-22,7,0,1,0.6124799465395242,-0.020227539406395767
random_forest,2022-04-26,7,0,1,0.654771016135846,-0.008279537634408696
random_forest,2022-04-27,7,1,1,0.5920294802576118,0.01290247166098446
random_forest,2022-04-28,7,1,1,0.5479812569420875,0.010383226512165056
random_forest,2022-04-29,7,0,1,0.5677582180161851,-0.011547791201904745
random_forest,2022-05-02,7,0,1,0.6357095262773257,-0.004715991273869569
random_forest,2022-05-03,7,0,1,0.5710370281480024,-0.0011845896921753862
random_forest,2022-05-04,7,1,1,0.6045866551493875,0.007439374663072762
random_forest,2022-05-05,7,0,1,0.5896086395294792,-0.02129714209552358
random_forest,2022-05-06,7,0,1,0.5701701971574048,-0.01115360342767413
random_forest,2022-05-09,7,0,1,0.5428050559643558,-0.01105827712042462
random_forest,2022-05-10,7,1,1,0.5379853807128018,0.004920082746281862
random_forest,2022-05-11,7,0,1,0.5367728190922446,-0.018582462938161903
random_forest,2022-05-12,7,1,0,0.4956379653387438,0.01961454715242228
random_forest,2022-05-13,7,1,1,0.5461792829144554,0.0027799399532970615
random_forest,2022-05-16,7,1,1,0.6091208076779673,0.0032158017298735686
random_forest,2022-05-17,7,1,1,0.6042299232691588,0.009948071073857978
random_forest,2022-05-18,7,0,0,0.4474781468202276,-0.014556221476757503
random_forest,2022-05-19,7,1,1,0.536524633505267,0.011328265089646017
random_forest,2022-05-20,7,0,0,0.45826497983146586,-0.00032944213330632355
random_forest,2022-05-23,7,0,1,0.5631458610703838,-0.0028562232544899757
random_forest,2022-05-24,7,1,1,0.6053493416853855,0.003305089896609603
random_forest,2022-05-25,7,0,1,0.5859357136969816,-0.007137388821785273
random_forest,2022-05-26,7,1,1,0.5940838424668735,0.011280734600325859
random_forest,2022-05-27,7,1,0,0.49055298247964674,0.014435695222316358
random_forest,2022-05-30,7,0,0,0.40662571374838524,-0.01078050860757851
random_forest,2022-05-31,7,1,1,0.5557122763563979,0.0027244986328573972
random_forest,2022-06-01,7,0,0,0.4773411669581128,-0.008694739513210759
random_forest,2022-06-02,7,1,1,0.5428917457848083,0.009209560456195254
random_forest,2022-06-03,7,0,0,0.46119278195465874,-0.004019587049877593
random_forest,2022-06-06,7,0,1,0.5546521528004627,-0.015161420157068117
random_forest,2022-06-07,7,1,1,0.6018259973036922,0.0034333480625390322
random_forest,2022-06-08,7,0,1,0.6052279007953176,-0.014348731001075699
random_forest,2022-06-09,8,0,1,0.5655911374912969,-0.012654030929875715
random_forest,2022-06-10,8,0,1,0.508505308515763,-0.03595325022010332
random_forest,2022-06-14,8,0,1,0.5892711352113719,-0.013294082352941161
random_forest,2022-06-15,8,0,1,0.5501213442660328,-0.0019077619443986782
random_forest,2022-06-16,8,0,1,0.5590642572994821,-0.016724417832091998
random_forest,2022-06-17,8,0,1,0.5502228471298752,-0.005345583898568429
random_forest,2022-06-20,8,1,1,0.566714996306226,0.0129473184458051
random_forest,2022-06-21,8,0,1,0.5305200504616604,-0.0022911129868564695
random_forest,2022-06-22,8,1,1,0.6486027730380406,0.0031423979488129916
random_forest,2022-06-23,8,1,1,0.5865682305765573,0.007469915662650539
random_forest,2022-06-24,8,1,0,0.4864320825660582,0.01985166156954099
random_forest,2022-06-27,8,1,0,0.3967122900234524,0.0085600728020645
random_forest,2022-06-28,8,0,0,0.4409731893482172,-0.007789861462856429
random_forest,2022-06-29,8,0,0,0.49040051447270705,-0.018631310927176514
random_forest,2022-06-30,8,0,1,0.575264583910312,-0.030805994029850625
random_forest,2022-07-01,8,1,1,0.5412077313866132,0.011087865247945361
random_forest,2022-07-04,8,1,0,0.49453431885178445,0.0012184476666261546
random_forest,2022-07-05,8,0,1,0.6133302782321721,-0.004624522444311108
random_forest,2022-07-06,8,1,1,0.5738101357331772,0.008680755487458613
random_forest,2022-07-07,8,1,1,0.5729348260912134,0.004363648484848381
random_forest,2022-07-08,8,0,1,0.5360290115184242,-0.010982428059589378
random_forest,2022-07-11,8,0,1,0.588839933834188,-0.00048801710145263133
random_forest,2022-07-12,8,1,1,0.6138566427306769,0.00219743610316514
random_forest,2022-07-13,8,1,1,0.596518045563678,0.0054818494570276766
random_forest,2022-07-14,8,0,0,0.49704094670637894,-0.007148097805329656
random_forest,2022-07-15,8,1,1,0.615550263017562,0.012324613019814912
random_forest,2022-07-18,8,0,0,0.4463165222706605,-0.005544828900009957
random_forest,2022-07-19,8,1,1,0.5671902266202224,0.017212096969696944
random_forest,2022-07-20,8,1,0,0.4065931187402862,0.004885653119295563
random_forest,2022-07-21,8,0,0,0.38642935159357383,-0.00035573341976191664
random_forest,2022-07-22,8,0,0,0.4014440585248216,-0.00023729536522076877
random_forest,2022-07-25,8,1,0,0.417577794806408,0.002254413885315776
random_forest,2022-07-26,8,1,0,0.42462466278622507,0.003196365535736323
random_forest,2022-07-27,8,1,0,0.4318268355300941,0.009086665307686204
random_forest,2022-07-28,8,1,0,0.41262256141835063,0.008770903782694406
random_forest,2022-07-29,8,1,0,0.4787114163343211,0.006955703525256096
random_forest,2022-08-01,8,1,1,0.5076331505157822,0.0003453603460124022
random_forest,2022-08-02,8,0,0,0.479861381862549,-0.0032224422053452884
random_forest,2022-08-03,8,1,0,0.4269258277834781,0.00034635722957676585
random_forest,2022-08-04,8,1,0,0.4302379927160038,0.0063481418091890784
random_forest,2022-08-05,8,1,0,0.4975302007925149,0.0006881293568496982
random_forest,2022-08-08,8,1,0,0.4797071139834559,0.0008022922636101715
random_forest,2022-08-09,8,0,0,0.4522286724629398,-0.00480987173614289
random_forest,2022-08-10,8,1,0,0.4134358580627342,0.011277272467726807
random_forest,2022-08-11,8,0,0,0.49843398220301455,-0.004437858594829036
random_forest,2022-08-12,8,1,0,0.4671686697780761,0.004914847523485033
random_forest,2022-08-15,8,1,0,0.44895102302926926,0.005573316778282766
random_forest,2022-08-16,8,1,0,0.4672403322847191,0.004976744486969942
random_forest,2022-08-17,8,0,0,0.45495635958799435,-0.0028137310706524143
random_forest,2022-08-18,8,1,0,0.46036406281622516,0.00045147856549609955
random_forest,2022-08-19,8,0,0,0.4476392657377613,-0.009250891349852242
random_forest,2022-08-22,8,0,0,0.4550522096647824,-0.01207012070143465
random_forest,2022-08-23,8,1,1,0.599191861674084,0.0062240777726123575
random_forest,2022-08-24,8,1,1,0.5419389812006387,0.007216460233111288
random_forest,2022-08-25,8,1,0,0.44937800969716996,0.007505925167746952
random_forest,2022-08-26,8,0,0,0.4211770409185719,-0.019641021318027807
random_forest,2022-08-29,8,1,1,0.6358534187552292,0.005066240761456342
random_forest,2022-08-30,8,0,1,0.5881025946623858,-0.00045825409029387476
random_forest,2022-08-31,8,0,1,0.5200991994505455,-0.013638991404011591
random_forest,2022-09-01,8,0,1,0.5961349212786828,-0.0019753544498105624
random_forest,2022-09-02,8,1,1,0.6594403548685109,0.004307870582231477
random_forest,2022-09-05,8,0,1,0.6478747600012967,-0.00313011817458575
random_forest,2022-09-06,8,0,1,0.6653566692803771,-0.013722526194267504
random_forest,2022-09-07,9,1,1,0.5527016328841058,0.01957319937680002
random_forest,2022-09-08,9,1,0,0.463323636596878,0.00693881106812988
random_forest,2022-09-09,9,1,0,0.41162697932295533,0.010106776157114972
random_forest,2022-09-12,9,1,0,0.43447405681631884,0.0068221264407775095
random_forest,2022-09-13,9,0,0,0.48765602294926264,-0.026425792441813978
random_forest,2022-09-14,9,1,1,0.5688429951598191,0.0032478715143007264
random_forest,2022-09-15,9,0,1,0.6011200668465992,-0.015261880339042078
random_forest,2022-09-16,9,0,1,0.5505686309808641,-0.0016437595783436176
random_forest,2022-09-19,9,1,1,0.5677840314256091,0.013054216312527567
random_forest,2022-09-20,9,0,1,0.570738114037387,-0.015788251866592162
random_forest,2022-09-21,9,0,1,0.5698646904883672,-0.018872363987642804
random_forest,2022-09-23,9,0,1,0.5520552303098957,-0.01574894205337829
random_forest,2022-09-26,9,1,1,0.52719364664603,0.002687101403917147
random_forest,2022-09-27,9,0,1,0.5413687042921861,-0.00438534556634651
random_forest,2022-09-28,9,1,1,0.5121318209714376,0.014070646736670245
random_forest,2022-09-29,9,0,1,0.5484430516148415,-0.015082046877969879
random_forest,2022-09-30,9,0,1,0.5393886095477245,-0.017518069981063533
random_forest,2022-10-03,9,1,1,0.5112343681327961,0.036409053731012
random_forest,2022-10-04,9,1,0,0.3987586014939638,0.01816643341555224
random_forest,2022-10-05,9,1,0,0.42706206184822104,0.00035456695100677393
random_forest,2022-10-06,9,0,0,0.4428303456746545,-0.007559732692665522
random_forest,2022-10-07,9,0,1,0.5205651223335427,-0.014163235449770495
random_forest,2022-10-10,9,0,1,0.5158802628974437,-0.0036219122631433454
random_forest,2022-10-11,9,1,1,0.5610851773214571,0.00024238459035963444
random_forest,2022-10-12,9,0,1,0.5651089485145954,-0.0016959296779189836
random_forest,2022-10-13,9,1,1,0.5830431715802638,0.01820167367058989
random_forest,2022-10-14,9,0,0,0.4982587293863233,-0.014658609717144055
random_forest,2022-10-17,9,1,1,0.6032636435281876,0.01777941461054655
random_forest,2022-10-18,9,1,0,0.36612004060037456,0.002614390906372055
random_forest,2022-10-19,9,0,0,0.3622549939015278,-0.010193208123982167
random_forest,2022-10-20,9,0,1,0.5710618569706075,-0.007783510770362656
random_forest,2022-10-21,9,1,1,0.5720878966854086,0.014844255191355904
random_forest,2022-10-24,9,1,0,0.4317543285855894,0.0034486979878083357
random_forest,2022-10-25,9,1,0,0.4559756719968294,0.001303638349264169
random_forest,2022-10-26,9,1,0,0.42384772116140274,0.005681181339358021
random_forest,2022-10-27,9,0,0,0.4234609769092618,-0.008708932461940266
random_forest,2022-10-28,9,1,0,0.4766822757768138,0.01139735208130066
random_forest,2022-10-31,9,1,0,0.41232933057193527,0.016081652398599378
random_forest,2022-11-01,9,1,0,0.4999164845261111,0.002195032398221608
random_forest,2022-11-02,9,0,1,0.5220160766537723,-0.018674386167146895
random_forest,2022-11-03,9,1,0,0.4839199053029022,0.004581228870476739
random_forest,2022-11-04,9,1,0,0.3803610231380235,0.007717528334338031
random_forest,2022-11-07,9,1,1,0.5007696112709602,0.003481120909723634
random_forest,2022-11-08,9,1,1,0.5052516609546205,0.006244148719560139
random_forest,2022-11-09,9,0,0,0.4732727402518325,-0.005515927563178424
random_forest,2022-11-10,9,1,0,0.49966588563564573,0.02750169831867688
random_forest,2022-11-11,9,0,0,0.47512424167729583,-0.0013494714653502493
random_forest,2022-11-14,9,1,1,0.5176881698942957,0.0010134684342295586
random_forest,2022-11-15,9,0,0,0.4655568391765673,-0.0029249859705814396
random_forest,2022-11-16,9,1,1,0.5153062321971755,0.0034977435461269746
random_forest,2022-11-17,9,1,1,0.5349469658614082,0.0016864627459756143
random_forest,2022-11-18,9,0,1,0.5348360902139035,-0.0019081603730232155
random_forest,2022-11-21,9,1,1,0.5589924680103121,0.006072885876583056
random_forest,2022-11-22,9,1,1,0.5313363696580239,0.006036228549477274
random_forest,2022-11-23,9,1,1,0.5017642814476586,0.0014444111111111546
random_forest,2022-11-24,9,1,0,0.46286442963594765,0.0023299568067221
random_forest,2022-11-25,9,0,0,0.49291950941078216,-0.004095583533123004
random_forest,2022-11-28,9,1,1,0.5020756136310143,0.0030009669556412266
random_forest,2022-11-29,9,1,1,0.5283217582811004,0.004543484143251009
random_forest,2022-11-30,9,1,0,0.47993462260756664,0.009817969998500375
random_forest,2022-12-01,9,0,0,0.42090712049426093,-0.006773028110410362
random_forest,2022-12-02,9,1,1,0.5307691900568937,0.0034096459175019245
random_forest,2022-12-05,9,0,0,0.4957464187662317,-0.004713361677736616
random_forest,2022-12-06,10,0,0,0.4726646751285086,-0.00892075961715555
random_forest,2022-12-07,10,0,0,0.48483212346260934,-0.007556395322955822
random_forest,2022-12-08,10,1,1,0.5607032137686904,0.005598477339569641
random_forest,2022-12-09,10,0,1,0.5841607851461231,-0.004565148748806203
random_forest,2022-12-12,10,1,1,0.5584874592208325,0.0025726509491577065
random_forest,2022-12-13,10,1,1,0.6117099785771495,0.007028952594966498
random_forest,2022-12-14,10,0,0,0.4147948240917208,-0.006647440579493846
random_forest,2022-12-15,10,0,1,0.5702130142382533,-0.007584217819129324
random_forest,2022-12-16,10,0,1,0.646083562052645,-0.0020229264321331986
random_forest,2022-12-19,10,0,1,0.655347424038349,-0.015315326059166856
random_forest,2022-12-20,10,1,1,0.5445455809282078,0.012122575203051822
random_forest,2022-12-21,10,1,1,0.6212039725746723,0.005084711864406843
random_forest,2022-12-22,10,0,1,0.6629666645277571,-0.006632895108473091
random_forest,2022-12-23,10,0,1,0.6469049257611309,-0.0021503281784706063
random_forest,2022-12-28,10,0,1,0.6718858634829303,-0.008279414954733277
random_forest,2022-12-29,10,1,1,0.5625018617977681,0.0029734102705074594
random_forest,2022-12-30,10,0,1,0.6402616100520716,-0.021436682603307333
random_forest,2023-01-03,10,1,1,0.5368349285341352,0.015963668142624288
random_forest,2023-01-04,10,1,1,0.5431708349139328,0.0014909737013193425
random_forest,2023-01-05,10,1,1,0.5771027886920085,0.0062987059092991515
random_forest,2023-01-06,10,1,0,0.48404152601078415,0.006031626060147177
random_forest,2023-01-09,10,0,1,0.5097035118376625,-0.0029412103406966095
random_forest,2023-01-10,10,1,1,0.5855979340048066,0.009303381090349117
random_forest,2023-01-11,10,1,0,0.3862502007801785,0.01169065885443632
random_forest,2023-01-12,10,1,0,0.44864024356083393,0.0072222444444445255
random_forest,2023-01-13,10,1,0,0.4821881833404396,0.008383915976085676
random_forest,2023-01-16,10,0,1,0.5252117357029235,-0.0010940378035647624
random_forest,2023-01-17,10,1,0,0.4478345231816814,0.0009856970974855273
random_forest,2023-01-18,10,1,1,0.5127214458479668,0.006017450634191457
random_forest,2023-01-19,10,1,0,0.4805550395903952,0.0013050897652557847
random_forest,2023-01-20,10,1,1,0.5010262448909208,0.00141193657000116
random_forest,2023-01-23,10,1,1,0.5456157016082468,0.004555379757767319
random_forest,2023-01-24,10,0,0,0.436819703358526,-0.002915191009009166
random_forest,2023-01-25,10,1,1,0.5473587316215103,0.0025987872788042488
random_forest,2023-01-27,10,0,0,0.4950399392624291,-0.0011879577141358233
random_forest,2023-01-30,10,0,1,0.5010865580513055,-0.00043253675067456143
random_forest,2023-01-31,10,1,0,0.49732908068258336,0.002704456886532647
random_forest,2023-02-01,10,1,0,0.4864775568414215,0.0016182327841571809
random_forest,2023-02-02,10,1,0,0.4305821443117413,0.0063550627468791365
random_forest,2023-02-03,10,0,0,0.49228038609556696,-0.002782853473188518
random_forest,2023-02-06,10,0,0,0.441204568950925,-0.00558115285137184
random_forest,2023-02-07,10,1,0,0.4169082733444525,0.004101424628139894
random_forest,2023-02-08,10,0,0,0.4043911595819669,-0.005267096692111117
random_forest,2023-02-09,10,0,0,0.4752651953508835,-0.007996520337189117
random_forest,2023-02-10,10,0,1,0.5831019044371532,-0.0021787036325042752
random_forest,2023-02-13,10,1,1,0.7050442682390713,0.0016375764549689809
random_forest,2023-02-14,10,0,1,0.6307258231591985,-0.009700261580381508
random_forest,2023-02-15,10,1,1,0.6409105143499756,0.0077041271439122205
random_forest,2023-02-16,10,0,1,0.6642173591658839,-0.008191350113397777
random_forest,2023-02-17,10,1,1,0.6795946627528074,0.000660775259569979
random_forest,2023-02-20,10,0,1,0.6365963039468173,-0.0018708704125386388
random_forest,2023-02-21,10,0,1,0.6554538673990451,-0.0019845645639877674
random_forest,2023-02-22,10,0,1,0.6225424026051667,-0.0029827331965113224
random_forest,2023-02-23,10,1,1,0.6783563818007262,0.00265925761772845
random_forest,2023-02-24,10,0,1,0.6436492716480655,-0.010719427797976078
random_forest,2023-02-27,10,1,1,0.6087127665380382,0.004356646705428346
random_forest,2023-02-28,10,1,1,0.6339634559490009,0.0005560560313175866
random_forest,2023-03-01,10,1,1,0.5868082295716418,0.0015562361222347665
random_forest,2023-03-02,10,1,1,0.6389677402528038,0.003995571675817322
random_forest,2023-03-03,10,1,1,0.5437543635443741,0.00641169584801804
random_forest,2023-03-06,10,1,0,0.446865979886371,0.005492091328074489
random_forest,2023-03-07,10,0,0,0.38957376945636824,-0.006008335088394934
random_forest,2023-03-08,10,1,1,0.5575858752573124,0.005055489725365181
random_forest,2023-03-09,11,0,0,0.4596234644636071,-0.023072729023708938
random_forest,2023-03-10,11,0,1,0.5978705522041122,-0.005260723315904325
random_forest,2023-03-13,11,0,1,0.594029065525144,-0.014965702206626408
random_forest,2023-03-14,11,1,1,0.5568351621412527,0.009252878578331236
random_forest,2023-03-15,11,0,1,0.5494508725939924,-0.013355970873932477
random_forest,2023-03-16,11,1,1,0.5844221239024489,0.003670987809360593
random_forest,2023-03-17,11,0,1,0.5506494661958493,-0.013715819264277451
random_forest,2023-03-20,11,1,1,0.5273588255658097,0.00857570971635524
random_forest,2023-03-21,11,1,1,0.5451120131773197,0.008502792238340717
random_forest,2023-03-22,11,0,1,0.5630155485319748,-0.007063860330313143
random_forest,2023-03-23,11,0,1,0.5944499470182278,-0.0019506482627504873
random_forest,2023-03-24,11,1,1,0.5345056236842345,0.0013795699685132945
random_forest,2023-03-27,11,1,1,0.5765080184225724,0.0097588865616276
random_forest,2023-03-28,11,1,0,0.4810607397638493,0.0026151564280327833
random_forest,2023-03-29,11,1,0,0.49125338444611183,0.00986621682921296
random_forest,2023-03-30,11,1,0,0.38910950944834527,0.008197596579530675
random_forest,2023-03-31,11,1,0,0.4392889224547009,0.00011140565951661685
random_forest,2023-04-03,11,1,0,0.41248636425164725,0.0015591825196661357
random_forest,2023-04-04,11,1,0,0.4288479263646154,0.00011121983765161048
random_forest,2023-04-05,11,0,0,0.4732359192981398,-0.002334878756173553
random_forest,2023-04-06,11,1,0,0.48011115875377236,0.012816159161390006
random_forest,2023-04-11,11,1,0,0.48161416345304153,0.004731525244218382
random_forest,2023-04-12,11,0,0,0.47618388596241773,-0.003614007307283007
random_forest,2023-04-13,11,1,1,0.5299937768712624,0.005825444960690929
random_forest,2023-04-14,11,1,0,0.4820114402513956,0.002841164837915855
random_forest,2023-04-17,11,0,0,0.48092061539920206,-0.0032689986902800783
random_forest,2023-04-18,11,1,0,0.49722532116585255,0.0009838963487056596
random_forest,2023-04-19,11,0,1,0.5082068176901585,-0.00032764308273569576
random_forest,2023-04-20,11,0,1,0.5176556556458608,-0.0050256637717215336
random_forest,2023-04-21,11,0,0,0.45351408043463975,-0.0006588119029317108
random_forest,2023-04-24,11,0,0,0.4771545097019834,-0.0005494231282403561
random_forest,2023-04-26,11,0,0,0.4582370509435842,-0.003957794678515758
random_forest,2023-04-27,11,1,1,0.5279492548454148,0.0030904967569647113
random_forest,2023-04-28,11,1,0,0.48306305803189264,0.00352112687679762
random_forest,2023-05-01,11,0,0,0.4126302072623403,-0.010087697700253084
random_forest,2023-05-02,11,0,1,0.6623949437790158,-0.009636630589683559
random_forest,2023-05-03,11,1,1,0.61883093077199,0.00044729893983674884
random_forest,2023-05-04,11,1,1,0.5544425089250702,0.0034656792665963554
random_forest,2023-05-05,11,1,1,0.5619324285936987,0.008244184308284552
random_forest,2023-05-08,11,0,0,0.4987450832735917,-0.001878430939226572
random_forest,2023-05-09,11,0,1,0.5441093733816084,-0.0002214546613206192
random_forest,2023-05-10,11,1,1,0.5436694664447399,0.0009966116929822633
random_forest,2023-05-11,11,1,1,0.5239611970600492,0.0005530420231627531
random_forest,2023-05-12,11,1,0,0.4814259838130321,0.002763958079512241
random_forest,2023-05-15,11,0,0,0.46718355993786465,-0.004189603225675964
random_forest,2023-05-16,11,0,1,0.6107977749479245,-0.005757274136403812
random_forest,2023-05-17,11,1,1,0.566728213024299,0.005679231436105825
random_forest,2023-05-18,11,1,1,0.5743975551587082,0.00697601609956866
